question,intent
날씨 좋아,날씨
날씨 좋니,날씨
날씨 어떠니,날씨
영월 날씨 좋니,날씨
오늘 비 오나요,날씨
눈 오나요,날씨
날씨 비 와,날씨
오늘 눈 와,날씨
4월 12일 날씨 맑나요,날씨
이번주 토요일 맑나요,날씨
내일 맑나요,날씨
이번 주 맑아,날씨
다음 주 구름 꼈나요,날씨
이번 주 바람 부니,날씨
날씨,날씨
날씨도,날씨
날씨는,날씨
날씨는 어때,날씨
날씨는 어떠니,날씨
날씨도 알려줘,날씨
날씨는 어떠니,날씨
오늘 날씨 바람 부니,날씨
오늘 바람 부니,날씨
내일 구름 꼈나요,날씨
모레 구름 꼈나요,날씨
모레 비 올까,날씨
내일 눈 오나요,날씨
내일 눈 올까,날씨
모레 흐릴까,날씨
내일 흐리니,날씨
내일 흐려,날씨
모레 흐려,날씨
내일 날씨 흐려,날씨
모레 날씨 흐리니,날씨
모레 맑나요,날씨
오늘 맑은지 알려줘,날씨
포항 날씨 좋아,날씨
양양 오늘 날씨 알려줘,날씨
강릉 오늘 날씨좀 알려줄래,날씨
속초의 오늘 날씨는 어떨까,날씨
다다음 주 날씨 어때보여,날씨
글피 날씨 어때요,날씨
글피 날씨 알려줘,날씨
인천 날씨 어때요,날씨
오늘 날씨 알려줘,날씨
오늘 날씨좀 알려줄래,날씨
다음 달 날씨 어떨까,날씨
다음 주 날씨 어때보여,날씨
이번 주 날씨 어때요,날씨
내일 날씨 알려줘,날씨
오늘 날씨 알려주라,날씨
이번 주 전주 날씨 알려줘,날씨
이번 주 날씨 알려줘,날씨
내일 부산 날씨 알려줄래,날씨
다음 주 논산 날씨 알려줘,날씨
3월 15일 날씨 알려줘,날씨
9월 12일 대구 날씨 알려줄래,날씨
날씨 좀 알려줄 수 있겠니,날씨
날씨 어떠니 좋니,날씨
내일 비 오나요,날씨
전주 바람 많이 부니,날씨
대구 바람 많이 부니,날씨
서울 바람 부니,날씨
서울 바람 상태 어떠니,날씨
울산 바람 많이 부니,날씨
인천 바람 많이 부니,날씨
부산 바람 부니,날씨
대전 바람 상태 어떠니,날씨
덕진구 바람 많이 부니,날씨
서초구 바람 많이 부니,날씨
강릉 바람 부니,날씨
광주 바람 상태 어떠니,날씨
진천 바람 많이 부니,날씨
청주 바람 많이 부니,날씨
영등포 바람 부니,날씨
강남구 바람 상태 어떠니,날씨
춘천 바람 많이 부니,날씨
포항 바람 많이 부니,날씨
속초 바람 부니,날씨
제주 바람 상태 어떠니,날씨
군산 지금 눈 오나요,날씨
대구 눈 오나요,날씨
마포구 지금 비 오나요,날씨
여의도 비 오는지 알려줘,날씨
미룡동 지금 눈 오나요,날씨
울산 눈 오나요,날씨
동구 지금 비 오나요,날씨
제주 비 오는지 알려줘,날씨
울산 지금 눈 오나요,날씨
양양 눈 오나요,날씨
산천 지금 비 오나요,날씨
신천 비 오는지 알려줘,날씨
내일 구름 꼈니,날씨
모레 구름 꼈니,날씨
오늘 비 오니,날씨
내일 눈 오니,날씨
내일 눈 올까요,날씨
모레 흐릴까요,날씨
오늘 우산 챙길까,날씨
내일 우산 챙겨야 하니,날씨
오늘 우비 입을까,날씨
전주 날씨 어떠니,날씨
전주 우산 챙겨야 하니,날씨
부산 우산 챙길까,날씨
대전 비 옷 입을까,날씨
광주 비 옷 입을까,날씨
모레 전북 우비 입어야 하니,날씨
우비 입을까,날씨
우산 챙길까 말까,날씨
오늘 마포구 바람 많이 부니,날씨
내일 바람 많이 불려나,날씨
오늘 완산구 바람 많이 부니,날씨
오늘 동두천 바람 많이 부니,날씨
오늘 인천 바람 많이 부니,날씨
오늘 전주 우산 써야 하니,날씨
내일 우산 써야 하니,날씨
다음 주 광주 우산 써야 하니,날씨
우비 입을까 고민 돼요,날씨
오늘 날씨 좋니,날씨
날씨 어떤지 말해줄수 있을까,날씨
오늘 날씨 어때요,날씨
4월 12일 날씨 어때요,날씨
이번주 토요일 날씨 어때요,날씨
내일 날씨 어때요,날씨
다음 주 날씨 어때요,날씨
날씨가 어떻게 돼요,날씨
오늘 날씨좀 알려줄수 있니,날씨
내일 날씨 알려줄수 있어,날씨
이번 주 날씨 알려줄래,날씨
다음 주 날씨 알려줘,날씨
이번주 날씨 줘,날씨
다음주 날씨 알려줄래,날씨
오늘 역삼동 날씨 알려줘,날씨
오늘 마포구 우비 입을까,날씨
춘천 우산 챙겨야 하니,날씨
서울 우산 챙길까,날씨
모레 순천 우비 입어야 하니,날씨
이번 주 날씨는,날씨
이번 주 광명 날씨 알려줘,날씨
이번 주 울산 날씨 알려줘,날씨
이번 주 평택 날씨 알려줘,날씨
우비 입을까 고민 돼,날씨
우산 챙길지 고민되네,날씨
날씨 좋아요,날씨
날씨가 어떻게 돼,날씨
이번 주 광명 날씨 맑나요,날씨
이번 주 울산 날씨 비 오니,날씨
내일 비 오니,날씨
오늘 비 와,날씨
이번 달 비 오니,날씨
이번 달 눈 오니,날씨
내일 비 오는지 알려줘,날씨
오늘 날씨 맑은가요,날씨
이번 주 광명 맑은가요,날씨
이번 주 울산 날씨 맑은가요,날씨
이번 주 서산 날씨 비 오니,날씨
오늘 눈 오니,날씨
오늘 눈 오는지 알려줘,날씨
오늘 바람 부냐,날씨
오늘 바람 많이 부니,날씨
내일 모레 눈 오는지 알려주라,날씨
내일 전주 바람 많이 부니,날씨
내일 서울 날씨 바람 많이 부는지 알려줘,날씨
눈 오니,날씨
4월 12일 날씨 맑은가요,날씨
이번주 토요일 맑은가요,날씨
내일 맑은가요,날씨
이번 주 맑아요,날씨
다음 주 구름 꼈니,날씨
모레 비 올까요,날씨
모레 맑은가요,날씨
이번 주 광명 날씨 맑은가요,날씨
대전 눈 와,날씨
대구 달 비 오니,날씨
울산 달 눈 오니,날씨
인천 비 오는지 알려줘,날씨
이번 주 광명 날씨 맑니,날씨
오늘 눈 오나요,날씨
오늘 날씨 맑니,날씨
이번 주 광명 맑니,날씨
이번 주 울산 날씨 맑니,날씨
대전 눈 오나요,날씨
내일 서산 바람 많이 부니,날씨
바람 많이 불어,날씨
바람 어때,날씨
바람 많이 부는지 알려줄래,날씨
송도 내일 바람 많이 부니,날씨
오늘 대구 동구 바람 많이 부냐,날씨
오늘 구로구 바람 많이 부니,날씨
날씨 비 오나요,날씨
오늘 눈 오나,날씨
4월 12일 날씨 맑니,날씨
이번주 토요일 맑니,날씨
내일 맑니,날씨
모레 맑니,날씨
오늘 비 오나,날씨
송도 내일 바람 많이 부나요,날씨
오늘 구로구 바람 많이 부나요,날씨
오늘 바람 부나요,날씨
이번 주 바람 부나요,날씨
내일 전주 바람 많이 부나요,날씨
오늘 이천 우산 써야 하니,날씨
다음 주 울산 우산 써야 하니,날씨
다음 주 완주 우산 써야 하니,날씨
오늘 상주 우산 써야 하니,날씨
오늘 오산 우산 써야 하니,날씨
오늘 눈 오냐,날씨
오늘 날씨 어때,날씨
4월 12일 날씨 어때,날씨
이번주 토요일 날씨 어때,날씨
내일 날씨 어때,날씨
이번 주 날씨 어때,날씨
다음 주 날씨 어때,날씨
이번 주 날씨 알려줄래요,날씨
다음주 날씨 알려줄래요,날씨
오늘 날씨좀 알려줄래요,날씨
날씨 비 오냐,날씨
오늘 날씨 바람 부나요,날씨
내일 비오냐,날씨
내일 바람 많이 부나요,날씨
오늘 바람 많이 부냐,날씨
오늘 비 오려나,날씨
내일 흐리니,날씨
내일 흐리나요,날씨
모레 흐리나요,날씨
내일 날씨 흐리나요,날씨
모레 날씨 흐리니,날씨
모레 맑니,날씨
오늘 맑은지 알려줘,날씨
이번 주 날씨 알려줘,날씨
이번 주 날씨는,날씨
이번 주 광명 날씨 알려줘,날씨
이번 주 울산 날씨 알려줘,날씨
이번 주 광주 날씨 알려줘,날씨
모레 날씨 알려주라,날씨
날씨 좋아,날씨
날씨 좋니,날씨
날씨 어떠니,날씨
부천 날씨 알려주세요,날씨
인천 날씨 어때,날씨
오늘 날씨 알려주세요,날씨
오늘 날씨좀 알려줄래요,날씨
다음 달 날씨 어떨까,날씨
다음 주 날씨 어때보여,날씨
이번 주 날씨 어때,날씨
내일 날씨 알려주세요,날씨
오늘 날씨 알려주라,날씨
이번 주 전주 날씨 알려주세요,날씨
이번 주 날씨 알려주세요,날씨
내일 부산 날씨 알려줄래요,날씨
다음 주 논산 날씨 알려주세요,날씨
3월 15일 날씨 알려주세요,날씨
9월 12일 대구 날씨 알려줄래요,날씨
날씨 좀 알려줄 수 있겠니,날씨
날씨 어떠니 좋니,날씨
오늘 날씨 좋니,날씨
날씨 좋아,날씨
날씨 어떤지 말해줄수 있을까,날씨
오늘 날씨 어때,날씨
4월 12일 날씨 어때,날씨
이번주 토요일 날씨 어때,날씨
내일 날씨 어때,날씨
이번 주 날씨 어때,날씨
다음 주 날씨 어때,날씨
날씨가 어떻게 돼,날씨
오늘 날씨좀 알려줄수 있니,날씨
내일 날씨 알려줄수 있어,날씨
이번 주 날씨 알려줄래요,날씨
다음 주 날씨 알려주세요,날씨
이번주 날씨 주세요,날씨
다음주 날씨 알려줄래요,날씨
오늘 날씨 알려주세요,날씨
오늘 날씨좀 알려줄래요,날씨
내일 날씨 알려주세요,날씨
이번 주 날씨 알려주세요,날씨
이번 주 날씨는,날씨
이번 주 광명 날씨 알려주세요,날씨
이번 주 울산 날씨 알려주세요,날씨
이번 주 평택 날씨 알려주세요,날씨
이번 주 광주 날씨 알려주세요,날씨
내일 부산 날씨 알려주세요,날씨
내일 대구 날씨 알려주세요,날씨
내일 대구 날씨 알려주세요,날씨
내일 대전 날씨 알려주세요,날씨
내일 안산 날씨 알려주세요,날씨
내일 군산 날씨 알려주세요,날씨
내일 오산 날씨 알려주세요,날씨
내일 날씨 뭐야,날씨
내일 전주 날씨 뭐야,날씨
내일 부산 날씨 알려주세요,날씨
오늘 금천구 날씨는,날씨
부산 날씨,날씨
원주 날씨 말해줄래요,날씨
내일 날씨 알려주라,날씨
오늘 날씨 알려주라,날씨
오늘 날씨 어때,날씨
내일 날씨 어때,날씨
이번 주 날씨 어때,날씨
다음 주 날씨 어때,날씨
날씨가 어떻게 돼,날씨
오늘 날씨좀 알려줄수 있니,날씨
내일 날씨 알려줄수 있어,날씨
이번 주 날씨 알려줄래요,날씨
다음 주 날씨 알려주세요,날씨
이번주 날씨 주세요,날씨
다음주 날씨 알려줄래요,날씨
모레 부산 날씨 알려주세요,날씨
오늘 대구 날씨 알려주세요,날씨
모레 대구 날씨 알려주세요,날씨
오늘 대전 날씨 알려줘,날씨
모레 안산 날씨 알려줘,날씨
오늘 군산 날씨 알려줘,날씨
오늘 비 오나요,날씨
눈 오나요,날씨
날씨 비 와,날씨
오늘 눈 와,날씨
4월 12일 날씨 맑니,날씨
이번주 토요일 맑니,날씨
내일 맑니,날씨
이번 주 맑아,날씨
다음 주 구름 꼈나요,날씨
이번 주 바람 부나요,날씨
오늘 날씨 바람 부나요,날씨
오늘 바람 부나요,날씨
내일 구름 꼈나요,날씨
모레 구름 꼈나요,날씨
오늘 비 오나요,날씨
모레 비 올까,날씨
내일 눈 오나요,날씨
내일 눈 올까,날씨
모레 흐릴까,날씨
내일 흐리니,날씨
내일 흐려요,날씨
모레 흐려요,날씨
내일 날씨 흐려요,날씨
모레 날씨 흐리니,날씨
모레 맑나요,날씨
오늘 맑은지 알려줘,날씨
모레 오산 날씨 알려줘,날씨
오늘 날씨 뭐야,날씨
모레 전주 날씨 뭐야,날씨
오늘 부산 날씨 알려줘,날씨
오늘 양평구 날씨는,날씨
고령 날씨,날씨
나주 날씨 말해줄래요,날씨
내일 태백 날씨 알려주라,날씨
창포길 오늘 날씨 알려주라,날씨
덕진로 오늘 날씨 어때,날씨
양양읍 내일 날씨 어때,날씨
이번 주 옥구읍 날씨 어때,날씨
다음 주 장성로 날씨 어때,날씨
가평 날씨가 어떻게 돼,날씨
오늘 영월 날씨 좀 알려줄수 있니,날씨
내일 날씨 제주 알려줄수 있어,날씨
이번 주 사귀포시 날씨 알려줄래요,날씨
세종시 다음 주 날씨 알려줘,날씨
이번주 서울 날씨 줘,날씨
서울 다음주 날씨 알려줄래요,날씨
부안 날씨가 어떻게 돼,날씨
오늘 서천 날씨 좀 알려줄수 있니,날씨
내일 날씨 영덕 알려줄수 있어,날씨
이번 주 가로수길 날씨 알려줄래,날씨
구암 다음 주 날씨 알려줘,날씨
이번주 영등포 날씨 줘,날씨
구로 다음주 날씨 알려줄래,날씨
일산 날씨가 어떻게 돼요,날씨
오늘 안암 날씨 좀 알려줄수 있니,날씨
내일 날씨 알려줄수 있어,날씨
이번 주 홍대 날씨 알려줄래,날씨
인천 다음 주 날씨 알려줘,날씨
이번주 보령 날씨 줘,날씨
경주 다음주 날씨 알려줄래,날씨
사건 전해줘,뉴스
뉴스 알려줘,뉴스
신문 전해줘,뉴스
기사 알려줘,뉴스
신문 알려줄래,뉴스
기사 들려줘,뉴스
뉴스 ,뉴스
최근 뉴스 들려줘,뉴스
속보 뉴스 알려줘,뉴스
주요 뉴스 알려줘,뉴스
핫한 뉴스 알려줄래,뉴스
요즘 소식 전해줘,뉴스
뉴스 뭐니,뉴스
뉴스 나왔니,뉴스
뉴스 나왔었니,뉴스
티비 나왔니,뉴스
불법 뉴스,뉴스
나온 뉴스 알려줘,뉴스
나온 신문 읽어줘,뉴스
신문 읽어즐래,뉴스
나온 뉴스 들려줘,뉴스
나온 기사 읽어줄래,뉴스
나왔던 기사 읽어줘,뉴스
사건 알려줄래,뉴스
뉴스에서 뭐라고 했니,뉴스
사건 알려주라,뉴스
사건 알려줘,뉴스
사건 뉴스 알려줘,뉴스
사건 뉴스,뉴스
사건 뉴스 알려줄래,뉴스
누군지 알려줘,뉴스
사건 무슨 들려줘,뉴스
사건 무슨 전해줘,뉴스
사건 무슨 사건인지,뉴스
살인 사건 무슨,뉴스
사건 무슨 일있니,뉴스
가사 신문 읽어줘,뉴스
단독 뉴스 전해줘,뉴스
연예 뉴스 전해줘,뉴스
아이티 뉴스 전해줘,뉴스
정치 뉴스 전해줘,뉴스
주요 뉴스 들려줘,뉴스
정치 기사 전해줘,뉴스
단독 신문 전해줘,뉴스
주요 기사 알려줘,뉴스
핫한 신문 알려줄래,뉴스
요즘 기사 전해줘,뉴스
최근 신문 전해줘,뉴스
주요 기사 들려줘,뉴스
사건 전해줘요,뉴스
뉴스 알려줘요,뉴스
뉴스 알려줄래요,뉴스
소식 전해줘요,뉴스
불법 뉴스요,뉴스
신문 읽어즐래요,뉴스
나온 뉴스 들려줘요,뉴스
나온 기사 읽어줄래요,뉴스
사건 알려주세요,뉴스
나온 뉴스요,뉴스
사건 들려줘요,뉴스
누군지 알려줘요,뉴스
사건 무슨 들려줘요,뉴스
사건 무슨 전해줘요,뉴스
사건 무슨 사건인지요,뉴스
살인 사건 무슨요,뉴스
단독 뉴스 전해주세요,뉴스
정치 뉴스 전해주세요,뉴스
주요 뉴스 들려주세요,뉴스
정치 기사 전해주세요,뉴스
단독 신문 전해주세요,뉴스
태양 뉴스,뉴스
오지헌 뉴스 뭐니,뉴스
이시헌 뉴스,뉴스
박명수 뉴스 나왔니,뉴스
추사랑 뉴스 나왔었니,뉴스
이지원 티비 나왔니,뉴스
불법 후추 뉴스,뉴스
이건희 나온 뉴스 알려줘,뉴스
홈런 나온 신문 읽어줘,뉴스
알론소 티비에 나온거 들려줘,뉴스
어제 축구 결과 알려줄래,뉴스
그제 축구 결과 알려줄래,뉴스
어제 농구 결과 알려줘,뉴스
그제 농구 결과 알려줘,뉴스
저번 주 야구 결과 알려줄래,뉴스
어제 야구 결과 알려줄래,뉴스
이번 주 야구 결과 알려줄래,뉴스
그제 태권도 결과 알려줄래,뉴스
저번 주 펜싱 결과 알려줄래,뉴스
어제 태권도 결과 알려줄래,뉴스
이번 주 펜싱 결과 알려줄래,뉴스
그제 올림픽 결과 알려줄래,뉴스
저번 주 올림픽 결과 알려줄래,뉴스
어제 복싱 결과 알려줄래,뉴스
이번 주 올림픽 결과 알려줄래,뉴스
그제 아시안 컵 결과 알려줄래,뉴스
저번 주 아시안 컵 결과 알려줄래,뉴스
어제 아시안 게임 결과 알려줄래,뉴스
이번 주 올림픽 결과 알려줄래,뉴스
그제 기아 야구 알려줄래,뉴스
저번 주 현대 결과 알려줄래,뉴스
어제 엘에이 야구 알려줄래,뉴스
이번 주 야구 다저스 알려줄래,뉴스
그제 야구 삼성 알려줄래,뉴스
저번 주 야구 에스케이 알려줄래,뉴스
어제 농구 금호 타이어 알려줄래,뉴스
이번 주 농구 케이씨씨 알려줄래,뉴스
그제 축구 현대 유나이티드 결과 알려줄래,뉴스
저번 주 축구 맨체스터 알려줄래,뉴스
어제 야구 플레이오프 알려줄래,뉴스
이번 주 플레이 오프 알려줄래,뉴스
어제 야구 플레이오프 알려줄래,뉴스
이번 주 올림픽 알려줄래,뉴스
칠판 뉴스 들려줘,뉴스
구준엽 뉴스 들려줘,뉴스
알고리즘 사건 알려줄래,뉴스
제라드 사건 알려주라,뉴스
감자 나온 뉴스,뉴스
김지수 뉴스 알려줄래,뉴스
무당 사건 들려줘,뉴스
정준영 사건 알려줘,뉴스
눈사람 뉴스,뉴스
박지성 뉴스,뉴스
농구 사건 알려줄래,뉴스
조던 사건 뉴스 알려줘,뉴스
궁전 사건 뉴스,뉴스
이명박 이 사람 뉴스,뉴스
사람 사건 들려줘,뉴스
김지연 이 사람 뉴스,뉴스
사람 사건 뉴스 알려줄래,뉴스
김수연 이 사람 뉴스,뉴스
문자 사건 들려줘,뉴스
정수인 누군지 알려줘,뉴스
오미연 사건 뉴스,뉴스
승리 사건 알려줄래,뉴스
장사꾼 사건 무슨 들려줘,뉴스
소리꾼 사건 무슨 전해줘,뉴스
암탉 사건 무슨 전해줘,뉴스
수탉 사건 무슨 들려줘,뉴스
가슴 사건 뉴스요,뉴스
가식 사건 무슨 일있니요,뉴스
미투 뉴스요,뉴스
인기 가요 사건 무슨 일인지 전해줘요,뉴스
가방 사건 무슨 일있니요,뉴스
손흥민 무슨 뉴스야요,뉴스
국회 무슨 일 있니요,뉴스
북한 무슨 일이야요,뉴스
안보리 무슨 일이야요,뉴스
정상 회담 무슨 일이야요,뉴스
손흥민 무슨 일이 있었니요,뉴스
가요 차트 알려줘요,뉴스
인기가요 차트 알려줘요,뉴스
가요 인기차트 알려줘요,뉴스
노래 인기순위 알려줘요,뉴스
가사 신문 읽어줘요,뉴스
가두리 신문 읽어줄래요,뉴스
단독 뉴스 전해줘요,뉴스
특보 뉴스 전해줘요,뉴스
특종 뉴스 전해줘요,뉴스
연예 뉴스 전해줘요,뉴스
아이티 뉴스 전해줘요,뉴스
정치 뉴스 전해줘요,뉴스
단독 뉴스 전해줘요,뉴스
주요 뉴스 들려줘요,뉴스
핫한 뉴스 알려줄래요,뉴스
요즘 소식 전해줘요,뉴스
최근 뉴스 전해줘요,뉴스
주요 뉴스 들려줘요,뉴스
정치 기사 전해줘요,뉴스
단독 신문 전해줘요,뉴스
정치 기사 전해줘요,뉴스
명태 사건 전해줘요,뉴스
황태 신문 전해줘요,뉴스
주요 기사 알려줘요,뉴스
박미선 뉴스요,뉴스
컴퓨터 뉴스요,뉴스
최근 뉴스 들려줘요,뉴스
컴퓨터 뉴스 알려줘요,뉴스
빈지노 뉴스 알려줄래요,뉴스
속보 뉴스 알려줘요,뉴스
최근 뉴스 들려줘요,뉴스
주요 뉴스 알려줘요,뉴스
홈런 나온 신문 읽어줘요,뉴스
오바마 신문 읽어즐래요,뉴스
대한민국 나온 신문 읽어줘요,뉴스
문재인 나온 뉴스 들려줘요,뉴스
카카오톡 나온 기사 읽어줄래요,뉴스
그제 축구 결과 알려줄래요,뉴스
어제 농구 결과 알려줘요,뉴스
그제 농구 결과 알려줘요,뉴스
어제 올림픽 결과 알려줘요,뉴스
내일 올림픽 결과 알려줄래요,뉴스
내일 농구 대진 알려줄래요,뉴스
어제 야구 결과 알려줄래요,뉴스
그제 야구 결과 알려줘요,뉴스
호날두 나온 기사 알려줘요,뉴스
어제 축구 결과 알려줄래요,뉴스
그제 축구 결과 알려줄래요,뉴스
저번 주 축구 결과 알려줘요,뉴스
어제 농구 결과 알려줄래요,뉴스
이번 주 농구 결과 알려줘요,뉴스
그제 야구 결과 알려줄래요,뉴스
저번 주 야구 결과 알려줄래요,뉴스
어제 야구 결과 알려줄래요,뉴스
이번 주 야구 결과 알려줄래요,뉴스
그제 태권도 결과 알려줄래요,뉴스
저번 주 펜싱 결과 알려줄래요,뉴스
어제 태권도 결과 알려줄래요,뉴스
이번 주 펜싱 결과 알려줄래요,뉴스
그제 올림픽 결과 알려줄래요,뉴스
저번 주 올림픽 결과 알려줄래요,뉴스
저번 주 월드컵 결과 알려줄래요,뉴스
어제 챔스 결과 알려줄래요,뉴스
이번 주 코파 결과 알려줄래요,뉴스
그제 코파 아메리카 결과 알려줄래요,뉴스
저번 주 유로 결과 알려줄래요,뉴스
어제 레알 결과 알려줄래요,뉴스
어제 엘에이 야구 알려줄래요,뉴스
이번 주 야구 다저스 알려줄래요,뉴스
그제 야구 삼성 알려줄래요,뉴스
저번 주 야구 에스케이 알려줄래요,뉴스
어제 농구 금호 타이어 알려줄래요,뉴스
이번 주 농구 케이씨씨 알려줄래요,뉴스
그제 축구 현대 유나이티드 결과 알려줄래요,뉴스
저번 주 축구 맨체스터 알려줄래요,뉴스
제라드 사건 알려주라요,뉴스
감자 나온 뉴스요,뉴스
김지수 뉴스 알려줄래요,뉴스
무당 사건 들려줘요,뉴스
정준영 사건 알려줘요,뉴스
눈사람 뉴스요,뉴스
박지성 뉴스요,뉴스
농구 사건 알려줄래요,뉴스
조던 사건 뉴스 알려줘요,뉴스
궁전 사건 뉴스요,뉴스
문자 사건 들려줘요,뉴스
정수인 누군지 알려줘요,뉴스
오미연 사건 뉴스요,뉴스
승리 사건 알려줄래요,뉴스
장사꾼 사건 무슨 들려줘요,뉴스
소리꾼 사건 무슨 전해줘요,뉴스
암탉 사건 무슨 전해줘요,뉴스
수탉 사건 무슨 들려줘요,뉴스
문지기 사건 무슨 사건인지 전해줘요,뉴스
가방 사건 무슨 일있니요,뉴스
손흥민 무슨 뉴스야요,뉴스
국회 무슨 일 있니요,뉴스
북한 무슨 일이야요,뉴스
안보리 무슨 일이야요,뉴스
정상 회담 무슨 일이야요,뉴스
손흥민 무슨 일이 있었니요,뉴스
가요 차트 알려줘요,뉴스
노래 순위 알려줘요,뉴스
노래 인기순위 알려줘요,뉴스
가사 신문 읽어줘요,뉴스
가두리 신문 읽어줄래요,뉴스
단독 뉴스 전해줘요,뉴스
특보 뉴스 전해줘요,뉴스
특종 뉴스 전해줘요,뉴스
연예 뉴스 전해줘요,뉴스
주요 뉴스 알려줘요,뉴스
핫한 뉴스 알려줄래요,뉴스
요즘 소식 전해줘요,뉴스
최근 뉴스 전해줘요,뉴스
주요 뉴스 들려줘요,뉴스
핫한 뉴스 알려줄래요,뉴스
주요 기사 들려주세요,뉴스
핫한 신문 알려줄래요,뉴스
요즘 기사 전해주세요,뉴스
최근 뉴스 전해주세요,뉴스
주요 뉴스 들려주세요,뉴스
오늘 며칠이야,달력
오늘 날짜,달력
오늘 날짜 알려줘,달력
오늘 몇 일이지,달력
오늘 며칠이야,달력
며칠이지,달력
날짜,달력
날짜 알려줘,달력
오늘 날짜는,달력
오늘 무슨 요일이지,달력
무슨 요일이지,달력
오늘 무슨 날이지,달력
무슨 날이야,달력
오늘 며칠인지 아니,달력
오늘 요일 아니,달력
오늘 요일 알려줘,달력
오늘 날짜 좀 알려줘,달력
오늘 무슨 날인지 알려줄래,달력
오늘 며칠인지 알려주라,달력
오늘 무슨 날이니,달력
며칠이니,달력
며칠이야,달력
오늘 며칠이야,달력
오늘 날짜,달력
오늘 날짜 알려줘,달력
오늘 몇 일이지,달력
오늘 며칠이야,달력
며칠이지,달력
날짜,달력
날짜 알려줘,달력
오늘 날짜는,달력
오늘 무슨 요일이지,달력
무슨 요일이지,달력
오늘 무슨 날이지,달력
무슨 날이야,달력
오늘 며칠인지 아니,달력
오늘 요일 아니,달력
오늘 요일 알려줘,달력
오늘 날짜 좀 알려줘,달력
오늘 무슨 날인지 알려줄래,달력
오늘 며칠인지 알려주라,달력
오늘 무슨 날이니,달력
며칠이니,달력
며칠이야,달력
오늘 며칠이야,달력
오늘 날짜,달력
오늘 날짜 알려줘,달력
오늘 몇 일이지,달력
오늘 며칠이야,달력
며칠이지,달력
날짜,달력
날짜 알려줘,달력
오늘 날짜는,달력
오늘 무슨 요일이지,달력
무슨 요일이지,달력
오늘 무슨 날이지,달력
무슨 날이야,달력
오늘 며칠인지 아니,달력
오늘 요일 아니,달력
오늘 요일 알려줘,달력
오늘 날짜 좀 알려줘,달력
오늘 무슨 날인지 알려줄래,달력
오늘 며칠인지 알려주라,달력
오늘 무슨 날이니,달력
며칠이니,달력
며칠이야,달력
오늘 며칠이야,달력
오늘 날짜,달력
오늘 날짜 알려줘,달력
오늘 몇 일이지,달력
오늘 며칠이야,달력
며칠이지,달력
날짜,달력
날짜 알려줘,달력
오늘 날짜는,달력
오늘 무슨 요일이지,달력
무슨 요일이지,달력
오늘 무슨 날이지,달력
무슨 날이야,달력
오늘 며칠인지 아니,달력
오늘 요일 아니,달력
오늘 요일 알려줘,달력
오늘 날짜 좀 알려줘,달력
오늘 무슨 날인지 알려줄래,달력
오늘 며칠인지 알려주라,달력
오늘 무슨 날이니,달력
며칠이니,달력
며칠이야,달력
오늘 며칠이에요,달력
오늘 날짜요,달력
오늘 날짜 알려줘요,달력
오늘 몇 일이죠,달력
오늘 며칠이에요,달력
며칠이죠,달력
날짜요,달력
날짜 알려줘요,달력
오늘 날짜는요,달력
오늘 무슨 요일이죠,달력
무슨 요일이죠,달력
오늘 무슨 날이죠,달력
무슨 날이에요,달력
오늘 며칠인지 아시나요,달력
오늘 요일 아시나요,달력
오늘 요일 알려줘요,달력
오늘 날짜 좀 알려줘요,달력
오늘 무슨 날인지 알려줄래요,달력
오늘 며칠인지 알려주세요,달력
오늘 무슨 날이니요,달력
며칠이니요,달력
며칠이에요,달력
오늘 며칠이에요,달력
오늘 날짜요,달력
오늘 날짜 알려줘요,달력
오늘 몇 일이죠,달력
오늘 며칠이에요,달력
며칠이죠,달력
날짜요,달력
날짜 알려줘요,달력
오늘 날짜는요,달력
오늘 무슨 요일이죠,달력
무슨 요일이죠,달력
오늘 무슨 날이죠,달력
무슨 날이에요,달력
오늘 며칠인지 아시나요,달력
오늘 요일 아시나요,달력
오늘 요일 알려줘요,달력
오늘 날짜 좀 알려줘요,달력
오늘 무슨 날인지 알려줄래요,달력
오늘 며칠인지 알려주세요,달력
오늘 무슨 날이니요,달력
며칠이니요,달력
며칠이에요,달력
오늘 며칠이에요,달력
오늘 날짜요,달력
오늘 날짜 알려줘요,달력
오늘 몇 일인가요,달력
오늘 며칠이에요,달력
며칠인가요,달력
날짜요,달력
날짜 알려줘요,달력
오늘 날짜는요,달력
오늘 무슨 요일인가요,달력
무슨 요일인가요,달력
오늘 무슨 날인가요,달력
무슨 날이에요,달력
오늘 며칠인지 아시나요,달력
오늘 요일 아시나요,달력
오늘 요일 알려줘요,달력
오늘 날짜 좀 알려줘요,달력
오늘 무슨 날인지 알려줄래요,달력
오늘 며칠인지 알려주세요,달력
오늘 무슨 날이니요,달력
며칠이니요,달력
며칠이에요,달력
오늘 며칠이에요,달력
오늘 날짜요,달력
오늘 날짜 알려줘요,달력
오늘 몇 일인가요,달력
오늘 며칠이에요,달력
며칠인가요,달력
날짜요,달력
날짜 알려줘요,달력
오늘 날짜는요,달력
오늘 무슨 요일인가요,달력
무슨 요일인가요,달력
오늘 무슨 날인가요,달력
무슨 날이에요,달력
오늘 며칠인지 아시나요,달력
오늘 요일 아시나요,달력
오늘 요일 알려줘요,달력
며칠이지,달력
오늘 며칠이더라,달력
며칠인데,달력
오늘 며칠이지,달력
며칠인지 모르겠네,달력
며칠이더라,달력
며칠인데 그래,달력
오늘 며칠이더라,달력
며칠이였지,달력
오늘 며칠이야,달력
오늘 날짜 좀 알려줘요,달력
오늘 무슨 날인지 알려줄래요,달력
오늘 며칠인지 알려주세요,달력
오늘 무슨 날이니요,달력
며칠이니요,달력
며칠이에요,달력
며칠인가요,달력
날짜알려줘요,달력
몇 일인가요,달력
며칠이에요,달력
날짜는요,달력
무슨 요일인가요,달력
무슨 날인가요,달력
오늘 무슨 날이에요,달력
며칠인지 아시나요,달력
며칠인지 아세요,달력
며칠인지 알려줘요,달력
며칠인지 알려줘,달력
오늘 며칠인지 알려줘요,달력
오늘 며칠인지 알려줘,달력
무슨 날인가요,달력
오늘 며칠이였지,달력
오른 며칠인데,달력
오늘 며칠인지 모르겠네,달력
며칠일까요,달력
요일 알려주세요,달력
요일 알고있나,달력
요일 알고싶어요,달력
무슨 요일인지 까먹었어,달력
무슨 요일이였더라,달력
무슨 요일인지 알려주세요,달력
무슨 요일인지 알려줘,달력
무슨 요일인지 알고있나,달력
날짜가 어떻게 되더라,달력
날짜를 까먹었어,달력
무슨 요일이였는지 까먹었어,달력
무슨 요일인지 알려줬으면 해,달력
요일 알려줬으면 해,달력
무슨 날짜인가요,달력
무슨 날짜인지 아니,달력
무슨 날짜인지 궁금해,달력
무슨 요일인지 궁금해,달력
무슨 요일이였는지 궁금해,달력
무슨 요일일까 궁금해,달력
날짜좀 알려줄래,달력
무슨 날짜인지 알려줄래,달력
어떤 날인지 알려줄래,달력
무슨 날인지 알려줄래,달력
어떤 날인지 알려주라,달력
무슨 날인지 알려주라,달력
며칠인지 알려주라,달력
요일 알려주라,달력
날짜 알려주라,달력
날짜 아시나요,달력
무슨 날짜인지 아시나요,달력
어떤 날짜인지 아시나요,달력
며칠 일까요,달력
무슨 날짜 일까요,달력
무슨 날짜인지 아니,달력
며칠인지 아니,달력
며칠일까,달력
무슨 날짜 일까,달력
날짜 뭐야,달력
날짜 궁금해,달력
며칠인지 궁금해,달력
며칠일까 궁금해,달력
며칠이였나 궁금해,달력
며칠이였는지 궁금해,달력
어떤 날인지 궁금해,달력
며칠인지 모르겠어,달력
날짜 모르겠어,달력
며칠일까 모르겠어,달력
며칠이였나 모르겠어,달력
며칠이였는지 모르겠어,달력
어떤 날인지 모르겠어,달력
오늘 며칠일까요,달력
오늘 요일 알려주세요,달력
오늘 요일 알고있나,달력
오늘 요일 알고싶어요,달력
오늘 무슨 요일인지 까먹었어,달력
오늘 무슨 요일이였더라,달력
오늘 무슨 요일인지 알려주세요,달력
오늘 무슨 요일인지 알려줘,달력
오늘 무슨 요일인지 알고있나,달력
오늘 날짜가 어떻게 되더라,달력
오늘 날짜를 까먹었어,달력
오늘 무슨 요일이였는지 까먹었어,달력
오늘 무슨 요일인지 알려줬으면 해,달력
오늘 요일 알려줬으면 해,달력
오늘 무슨 날짜인가요,달력
오늘 무슨 날짜인가요,달력
오늘 무슨 날짜인지 아니,달력
오늘 무슨 날짜인지 궁금해,달력
오늘 무슨 요일인지 궁금해,달력
오늘 무슨 요일이였는지 궁금해,달력
오늘 무슨 요일일까 궁금해,달력
오늘 날짜좀 알려줄래,달력
오늘 무슨 날짜인지 알려줄래,달력
오늘 어떤 날인지 알려줄래,달력
오늘 무슨 날인지 알려줄래,달력
오늘 어떤 날인지 알려주라,달력
오늘 무슨 날인지 알려주라,달력
오늘 며칠인지 알려주라,달력
오늘 요일 알려주라,달력
오늘 날짜 알려주라,달력
오늘 날짜 아시나요,달력
오늘 무슨 날짜인지 아시나요,달력
오늘 어떤 날짜인지 아시나요,달력
오늘 며칠 일까요,달력
오늘 무슨 날짜 일까요,달력
오늘 무슨 날짜인지 아니,달력
오늘 며칠인지 아니,달력
오늘 며칠일까,달력
오늘 무슨 날짜 일까,달력
오늘 날짜 뭐야,달력
오늘 날짜 궁금해,달력
오늘 며칠인지 궁금해,달력
오늘 며칠일까 궁금해,달력
오늘 며칠이였나 궁금해,달력
오늘 며칠이였는지 궁금해,달력
오늘 어떤 날인지 궁금해,달력
오늘 며칠인지 모르겠어,달력
오늘 날짜 모르겠어,달력
오늘 며칠일까 모르겠어,달력
오늘 며칠이였나 모르겠어,달력
오늘 며칠이였는지 모르겠어,달력
오늘 어떤 날인지 모르겠어,달력
맛집 추천해줘,맛집
음식점 추천해줘,맛집
맛집 추천해주라,맛집
음식점 추천해주라,맛집
맛집 알려줘,맛집
음식점 알려줘,맛집
맛난 음식 알려주라,맛집
충주 맛집 알려줘,맛집
맛있는 음식 알려주라,맛집
부산 맛집 알려줘,맛집
김치 음식 알려줘,맛집
라면 음식 알려줘,맛집
고기 음식 말해,맛집
이런 음식 알려줘,맛집
먹을 음식 알려주라,맛집
대전 피자 맛집 어디 있니,맛집
맛집 어디 있지,맛집
떡갈비집 어디 맛있어,맛집
어디 맛있어,맛집
어디 맛있니,맛집
군산 맛집 말해줘,맛집
거기 맛집 어디야,맛집
전주 맛집 어디 있어,맛집
서울 맛집 어디야,맛집
부산 맛집 어디 있냐,맛집
광명 맛집 말해줘,맛집
산천 맛집 말해줘,맛집
대전 맛있는 음식점 알려줘,맛집
마포구 맛집 어디야,맛집
구로구 음식점 추천 좀,맛집
맛있는 음식점 알려줘,맛집
마포구 맛집 말해줘,맛집
음식점 추천 좀,맛집
음식점 추천 좀 해줘,맛집
뭐 먹을까요,맛집
서울 맛집 추천해줘요,맛집
맛난 음식 추천해주세요,맛집
충주 맛집 추천해줘요,맛집
맛있는 음식 추천해주세요,맛집
부산 맛집 추천해줘요,맛집
김치 맛집 추천해줘요,맛집
라면 음식 추천해주세요,맛집
고기 음식 추천해줘요,맛집
이런 음식 추천해줘요,맛집
먹을 맛집 추천해주세요,맛집
서울 맛집 알려줘요,맛집
맛난 음식 알려주세요,맛집
충주 맛집 알려줘요,맛집
맛있는 음식 알려주세요,맛집
대전 피자 맛집 어디 있죠,맛집
맛집 어디 있지요,맛집
전주 맛집 어디에요,맛집
서울 맛집 말해줘,맛집
부산 맛집 어디에요,맛집
광명 맛집 어디에요,맛집
산천 맛집 어디지,맛집
대전 맛있는 음식점 알려줘요,맛집
마포구 맛집 어디에요,맛집
구로구 음식점 추천 좀요,맛집
맛있는 음식점 알려줘요,맛집
음식점 추천 좀요,맛집
음식점 추천 좀 해줘요,맛집
전주 맛집 추천해줘,맛집
부산 맛집 추천해줘,맛집
오늘 뭐 먹을까,맛집
먹을 거 추천해줘,맛집
뭐 먹을지 알려주세요,맛집
먹을 거 추천해줘요,맛집
대구 맛집 추천해줘요,맛집
공주 맛집 추천해줘요,맛집
대구 맛집 알려줘요,맛집
울산 맛집 알려줘요,맛집
뭐 먹을지 추천해주세요,맛집
어떤 거 먹을까요,맛집
먹을 음식 추천해주세요,맛집
뭐 먹을지 정해줘요,맛집
어떤거 먹을지 정해주세요,맛집
먹을 거 좀 알려줘요,맛집
맛있는 거 뭐 있죠,맛집
맛있는 거 알려줘요,맛집
먹을만 한 거 알려주세요,맛집
먹을 거 알려주세요요,맛집
먹을 만 한 거 추천해주세요,맛집
맛난거 알려줘요,맛집
맛난 음식 추천해줘요,맛집
맛난 거 뭐있어요,맛집
뭐 맛있죠,맛집
요즘 맛있는 거 뭐있어요,맛집
어떤게 맛있니 요즘요,맛집
맛있는 음식 추천해줘요,맛집
어떤 음식 맛 있죠,맛집
순천 맛집 알려줘요,맛집
군산 맛집 어디에요,맛집
전주 맛있는 음식 어디죠,맛집
금천구 소문난 맛집 알려줘,맛집
유성구 음식점 어디 맛있니,맛집
어디 제일 맛있는 음식점이니,맛집
부산 고깃집 추천해줘,맛집
전주 비빔밥 추천해줄래,맛집
서울 라멘집 추천해줘,맛집
대전 피자 맛집 어디있니,맛집
광주 떡갈비집 어디 맛있어,맛집
수원 왕갈비 어디 맛있니,맛집
성남에서 어디 제일 맛있니,맛집
대구에서 제일 맛있는 음식점 추천해주라,맛집
송천동 맛집 알려줘,맛집
홍대에서 제일 맛있는 음식점 어디니,맛집
송파구 술집 알려주라,맛집
학교 주변 떡볶이집 추천해줄래,맛집
요즘에 제일 맛있는 음식점 어디야,맛집
고기 어디 제일 맛있어,맛집
여수에서 제일 고기 맛집 어디야,맛집
익산 맛집 추천해주겠니,맛집
익산 맛집 추천해 주겠니,맛집
제주도 유명한 맛집 알려줘,맛집
제주도 맛집 추천 좀 해주겠니,맛집
서울 돈까스집 추천해줘,맛집
부산 케이크 알려주라,맛집
대구 순대 추천해줘,맛집
대전 치킨집 추천해줘,맛집
울산 치킨 알려주라,맛집
경주 덮밥 추천해줘,맛집
공주 볶음밥 알려줘,맛집
사천 김밥 맛집 추천해줘,맛집
광양 카페 추천해줘,맛집
노원구 샐러드 알려주라,맛집
충주 커피 맛집 알려줘,맛집
청주 아이스크림 추천해줘,맛집
진천 빵집 추천 좀 해줘,맛집
맛집 추천 좀 해줘,맛집
진천 맛집 추천 좀 해줘,맛집
진천 빵집 추천 좀 해줘,맛집
진천 고깃집 추천 좀 해줘,맛집
강릉 빵 맛있는 곳 추천해줘,맛집
속초 마카롱 맛집 알려주라,맛집
양양 소시지 알려줘,맛집
마산 샤브샤브 추천해줘,맛집
세종 삼겹살 맛집 추천해줘,맛집
정읍 월남쌈 알려줘,맛집
남원 목살 추천해줘,맛집
순창 곱창 알려줘,맛집
여수 족발 맛집 알려주라,맛집
인천 파스타 알려줘,맛집
구리 폭립 추천해줘,맛집
부천 스테이크 알려줘,맛집
파주 규동 맛집 추천해줘,맛집
양주 가츠동 추천해줘,맛집
의정부 규카즈 알려줘,맛집
시흥 나베 맛집 알려주라,맛집
천안 꼬치 추천해줘,맛집
남양주 닭꼬치집 알려줘,맛집
동두천 양고치집 맛집 추천해줘,맛집
평택 닭꼬치 알려줘,맛집
포항 양고치 추천해줘,맛집
울진 치킨 알려주라,맛집
의왕 누룽지 맛집 알려줘,맛집
보령 피자집 추천해줘,맛집
고성 피자 추천해줘,맛집
진안 연어 알려줘,맛집
맛집 광어 맛집 추천해줘,맛집
서울 제육볶음 알려주라,맛집
양주 초밥집 추천해줘,맛집
진도 초밥 추천해줘,맛집
진해 육회 맛집 알려주라,맛집
안산 라면집 추천해줘,맛집
안양 국밥집 추천해줘,맛집
화성 냉면집 맛집 추천해줘,맛집
경주 우동집 알려주라,맛집
이천 닭갈비 추천해줘,맛집
여주 갈비 추천해줘,맛집
일산 돼지고기 맛집 알려주라,맛집
안성 돼지 갈비 추천해줘,맛집
울산 찜닭 추천해줘,맛집
아산 분식집 추천해줘,맛집
아산 김밥집 맛집 알려주라,맛집
아산 분식 추천해줘,맛집
경주 자장면 추천해줘,맛집
아산 짬뽕 알려주라,맛집
아산 탕수육 맛집 추천해줘,맛집
아산 팔보채 추천해줘,맛집
아산 깐풍기 추천해줘,맛집
아산 중국집 맛집 알려주라,맛집
아산 중국 음식 추천해줘,맛집
아산 만두 추천해줘,맛집
아산 국수 맛집 알려주라,맛집
경주 잔치국수 추천해줘,맛집
아산 비빔국수 추천해줘,맛집
아산 냉면 맛집 추천해줘,맛집
동두천 쫄면 추천해줘,맛집
아산 비빔냉면 알려주라,맛집
동두천 물냉면 맛집 추천해줘,맛집
아산 감자탕 추천해줘,맛집
포항 홍어 추천해줘,맛집
천안 오징어 맛집 알려주라,맛집
경주 짜글이 추천해줘,맛집
동두천 파전 추천해줘,맛집
아산 육전 맛집 알려주라,맛집
포항 뼈해장국 추천해줘,맛집
천안 김치찜 추천해줘,맛집
아산 알밥 맛집 알려주라,맛집
순창 뚝배기 추천해줘,맛집
천안 순두부 추천해줘,맛집
아산 새우튀김 맛집 추천해줘,맛집
경주 햄버거 알려주라,맛집
천안 새우 추천해줘,맛집
송천동 수제버거 맛집 추천해줘,맛집
포항 수제 버거 추천해줘,맛집
아산 튀김 알려주라,맛집
포항 쌀국수 맛집 추천해줘,맛집
천안 죽집 추천해줘,맛집
아산 쌀국수 알려주세요,맛집
천안 아이스크림 추천해줘요,맛집
경주 음료수 맛집 추천해줘요,맛집
포항 음료수 추천해줘요,맛집
천안 음료수 알려주세요,맛집
당진 횟집 추천해줘요,맛집
상주 호두과자 추천해줘요,맛집
성주 맛집 알려주세요,맛집
대전 피자 맛집 어디있죠,맛집
광주 떡갈비집 어디 맛있어요,맛집
천안 왕갈비 어디 맛있죠,맛집
성남에서 어디 제일 맛있죠,맛집
대구에서 제일 맛있는 음식점 추천해주세요,맛집
송천동 맛집 알려줘요,맛집
홍대에서 제일 맛있는 음식점 어디죠,맛집
송파구 술집 알려주세요,맛집
학교 주변 떡볶이집 추천해줄래요,맛집
요즘에 제일 맛있는 음식점 어디에요,맛집
고기 어디 제일 맛있어요,맛집
여수에서 제일 고기 맛집 어디에요,맛집
익산 맛집 추천해주세요,맛집
익산 맛집 추천해 주세요,맛집
제주도 유명한 맛집 알려줘요,맛집
제주도 맛집 추천 좀 해주세요,맛집
주변 맛집 추천해줘,맛집
주변 음식점 추천해줘,맛집
주변 맛집 추천해주라,맛집
주변 음식점 추천해주라,맛집
주변 맛집 알려줘,맛집
주변 음식점 알려줘,맛집
주변 맛난 음식 알려주라,맛집
주변 충주 맛집 알려줘,맛집
주변 맛있는 음식 알려주라,맛집
주변 부산 맛집 알려줘,맛집
주변 김치 음식 알려줘,맛집
주변 라면 음식 알려줘,맛집
주변 고기 음식 말해,맛집
주변 이런 음식 알려줘,맛집
주변 먹을 음식 알려주라,맛집
주변 대전 피자 맛집 어디 있니,맛집
주변 맛집 어디 있지,맛집
주변 떡갈비집 어디 맛있어,맛집
주변 어디 맛있어,맛집
주변 어디 맛있니,맛집
군산주변 맛집 말해줘,맛집
거기주변 맛집 어디야,맛집
전주주변 맛집 어디 있어,맛집
서울주변 맛집 어디야,맛집
부산주변 맛집 어디 있냐,맛집
광명주변 맛집 말해줘,맛집
산천주변 맛집 말해줘,맛집
대전주변 맛있는 음식점 알려줘,맛집
마포구주변 맛집 어디야,맛집
구로구주변 음식점 추천 좀,맛집
주변에 맛있는 음식점 알려줘,맛집
마포구주변 맛집 말해줘,맛집
주변 음식점 추천 좀,맛집
주변 음식점 추천 좀 해줘,맛집
주변에 뭐 먹을까요,맛집
서울주변 맛집 추천해줘요,맛집
주변에 맛난 음식 추천해주세요,맛집
충주주변 맛집 추천해줘요,맛집
주변에 맛있는 음식 추천해주세요,맛집
부산주변 맛집 추천해줘요,맛집
주변에 김치 맛집 추천해줘요,맛집
주변에 라면 음식 추천해주세요,맛집
주변에 고기 음식 추천해줘요,맛집
주변에 이런 음식 추천해줘요,맛집
주변에 먹을 맛집 추천해주세요,맛집
서울주변 맛집 알려줘요,맛집
주변에 맛난 음식 알려주세요,맛집
주변에 충주 맛집 알려줘요,맛집
주변에 맛있는 음식 알려주세요,맛집
대전주변 피자 맛집 어디 있죠,맛집
주변에맛집 어디 있지요,맛집
전주주변 맛집 어디에요,맛집
서울주변 맛집 말해줘,맛집
부산주변 맛집 어디에요,맛집
광명주변 맛집 어디에요,맛집
산천주변 맛집 어디지,맛집
대전주변 맛있는 음식점 알려줘요,맛집
마포구주변 맛집 어디에요,맛집
구로구주변 음식점 추천 좀요,맛집
맛있는주변 음식점 알려줘요,맛집
주변에 음식점 추천 좀요,맛집
주변에 음식점 추천 좀 해줘요,맛집
전주주변 맛집 추천해줘,맛집
부산주변 맛집 추천해줘,맛집
주변에 오늘 뭐 먹을까,맛집
주변에 먹을 거 추천해줘,맛집
주변에 뭐 먹을지 알려주세요,맛집
주변에 먹을 거 추천해줘요,맛집
대구주변 맛집 추천해줘요,맛집
공주주변 맛집 추천해줘요,맛집
대구주변 맛집 알려줘요,맛집
울산주변 맛집 알려줘요,맛집
주변에 뭐 먹을지 추천해주세요,맛집
주변에 어떤 거 먹을까요,맛집
주변에 먹을 음식 추천해주세요,맛집
주변에 뭐 먹을지 정해줘요,맛집
주변에 어떤거 먹을지 정해주세요,맛집
주변에 먹을 거 좀 알려줘요,맛집
주변에 맛있는 거 뭐 있죠,맛집
주변에 맛있는 거 알려줘요,맛집
주변에 먹을만 한 거 알려주세요,맛집
주변에 먹을 거 알려주세요요,맛집
주변에 먹을 만 한 거 추천해주세요,맛집
주변에 맛난거 알려줘요,맛집
주변에 맛난 음식 추천해줘요,맛집
주변에 맛난 거 뭐있어요,맛집
주변에 뭐 맛있죠,맛집
주변에 요즘 맛있는 거 뭐있어요,맛집
주변에 어떤게 맛있니 요즘요,맛집
주변에 맛있는 음식 추천해줘요,맛집
주변에 어떤 음식 맛 있죠,맛집
순천주변 맛집 알려줘요,맛집
군산주변 맛집 어디에요,맛집
전주주변 맛있는 음식 어디죠,맛집
금천구주변 소문난 맛집 알려줘,맛집
유성구주변 음식점 어디 맛있니,맛집
주변에어디 제일 맛있는 음식점이니,맛집
부산주변 고깃집 추천해줘,맛집
전주주변 비빔밥 추천해줄래,맛집
서울주변 라멘집 추천해줘,맛집
대전주변 피자 맛집 어디있니,맛집
광주주변 떡갈비집 어디 맛있어,맛집
수원주변 왕갈비 어디 맛있니,맛집
성남에서 주변어디 제일 맛있니,맛집
대구에서 주변에 제일 맛있는 음식점 추천해주라,맛집
송천동 주변에 맛집 알려줘,맛집
홍대 주변에 제일 맛있는 음식점 어디니,맛집
송파구 주변에 술집 알려주라,맛집
학교 주변 떡볶이집 추천해줄래,맛집
주변에 고기 어디 제일 맛있어,맛집
공기 좋아,먼지
공기 상태 좋니,먼지
공기 어때,먼지
미세먼지 좋니,먼지
미세먼지,먼지
미세먼지도,먼지
미세먼지는,먼지
미세먼지는 어떤데,먼지
미세먼지도 알려줘,먼지
먼지,먼지
먼지도 알려줘,먼지
먼지도 알려줄래,먼지
먼지 상태도 알려줘,먼지
먼지도 알려줘,먼지
먼지도 알려줄래,먼지
먼지 좀 알려줘,먼지
먼지 상태는 어떤데,먼지
먼지 어떠니,먼지
양양 오늘 미세먼지 알려줘,먼지
강릉 오늘 공기 어떠니 알려줄래,먼지
속초의 오늘 미세먼지 어떨까,먼지
다다음 주 미세먼지 어때보여,먼지
오늘 공기상태 알려줘,먼지
오늘 먼지 좀 알려줄래,먼지
이번 주 속초 미세먼지 어때,먼지
미세먼지 어떠니 좋니,먼지
4월 12일 공기 상태 어때,먼지
이번 주 미세먼지 알려줘,먼지
다음 주 먼지 어때,먼지
이번 주 미세먼지 상태 알려줄래,먼지
다음 주 공기 상태 알려줘,먼지
오늘 미세먼지 알려줘,먼지
주말 미세먼지 알려줘,먼지
이번 주 공기 상태는,먼지
이번 주 광명 미세먼지상태 알려줘,먼지
오늘 하늘 어떤지 알려주라,먼지
내일 미세먼지 어때,먼지
이번 주 미세먼지 어때,먼지
다음 주 미세먼지 알려줘,먼지
이번주 미세먼지 줘,먼지
다음주 미세먼지 알려줄래,먼지
오늘 미세먼지좀 알려줄래,먼지
내일 미세먼지 알려줘,먼지
다음 주 논산 미세먼지 알려줘,먼지
3월 15일 미세먼지 알려줘,먼지
9월 12일 대구 미세먼지 알려줄래,먼지
미세먼지 좀 알려줄 수 있겠니,먼지
공기 상태 좋아,먼지
내일 안산 마스크 쓰는게 좋니,먼지
오늘 영등포 마스크 써야할까,먼지
인천 마스크 써야할까,먼지
목포 마스크 쓰는 게 좋니,먼지
내일 솔초 공기 상태 보면 마스크 써야하니,먼지
공기 상태 어떠니,먼지
내일 공기 상태 알려주라,먼지
모레 부산 공기 상태 알려줘,먼지
모레 오산 공기 상태 알려줘,먼지
오늘 공기 상태 뭐야,먼지
모레 전주 공기 상태 뭐야,먼지
인천 다음 주 미세먼지 알려줘,먼지
이번주 보령 미세먼지 줘,먼지
하늘 어때,먼지
하늘 상태 어때,먼지
영월 미세먼지 좋니,먼지
포항 하늘 좋아,먼지
양양 오늘 미세먼지 알려줘,먼지
속초의 오늘 미세먼지 어떨까,먼지
다다음 주 미세먼지 어때보여,먼지
글피 하늘 어때,먼지
글피 먼지 알려줘,먼지
인천 공기 어때,먼지
오늘 공기상태 알려줘,먼지
오늘 먼지 좀 알려줄래,먼지
다음 달 오산 미세먼지 어떨까,먼지
다음 주 논산 하늘 맑은지 알려줘,먼지
3월 15일 하늘 맑니,먼지
9월 12일 대구 먼지상태 알려줄래,먼지
미세먼지 상태 좀 알려줄 수 있겠니,먼지
9월 12일 대구 먼지상태 알려줄래,먼지
미세먼지 상태 좀 알려줄 수 있겠니,먼지
미세먼지 어떠니 좋니,먼지
오늘 하늘 좋니,먼지
내일 미세먼지 알려줘,먼지
내일 부산 미세먼지 알려줄래,먼지
다음 주 논산 하늘 맑은지 알려줘요,먼지
3월 15일 먼지 상태 알려줘요,먼지
9월 12일 대구 공기 상태 알려줄래요,먼지
이번주 토요일 미세먼지 어때요,먼지
내일 미세먼지 어때요,먼지
이번 주 미세먼지 어때요,먼지
다음 주 미세먼지 어때요,먼지
미세먼지 어떻게 돼요,먼지
오늘 미세먼지좀 알려줄수 있나요,먼지
내일 미세먼지 알려줄수 있어요,먼지
이번 주 미세먼지 알려줄래요,먼지
다음 주 미세먼지 알려줘요,먼지
내일 미세먼지 알려줘요,먼지
오늘 미세먼지 알려주라요,먼지
이번 주 전주 미세먼지 알려줘요,먼지
이번 주 미세먼지 알려줘요,먼지
미세먼지 좋아요,먼지
미세먼지 어떤지 말해줄수 있을까요,먼지
오늘 미세먼지 어때요,먼지
4월 12일 미세먼지 어때요,먼지
이번주 토요일 미세먼지 어때요,먼지
오늘 미세먼지 알려줘요,먼지
오늘 미세먼지좀 알려줄래요,먼지
내일 미세먼지 알려줘요,먼지
이번 주 미세먼지 알려줘요,먼지
이번 주 하늘 맑은지는요,먼지
이번 주 광명 하늘 맑은지 알려줘요,먼지
9월 12일 대구 공기 상태 알려줄래요,먼지
공기 상태 좀 알려줄 수 있겠니,먼지
공기 상태 어떠니 좋니,먼지
오늘 공기 상태 좋니,먼지
오늘 마스크 써야하니,먼지
내일 마스크 써야하니,먼지
마스크 써야 해,먼지
마스크 쓸까,먼지
마스크 쓰기 싫은데 써야할까,먼지
완산구 마스크 써야할까,먼지
경주 공기 상태 좋아,먼지
공기 상태 어떤지 말해줄수 있을까,먼지
마스크 써야 해,먼지
마스크 쓸까,먼지
마스크 쓰는게 좋니,먼지
마스크 쓰는 것이 좋을까,먼지
내일 공기 상태 알려줄수 있어,먼지
오늘 공기 상태좀 알려줄래,먼지
내일 공기 상태 알려줘,먼지
이번 주 공기 상태 알려줘,먼지
이번 주 공기 상태는,먼지
이번 주 광명 공기 상태 알려줘,먼지
이번 주 울산 공기 상태 알려줘,먼지
내일 공기 상태 알려줘,먼지
오늘 공기 상태 알려주라,먼지
이번 주 전주 공기 상태 알려줘,먼지
이번 주 공기 상태 알려줘,먼지
공기 상태 어떠니 좋니,먼지
오늘 공기 상태 좋니,먼지
공기 상태 좋아,먼지
마스크 쓰는 게 좋니,먼지
마스크를 써야 할까,먼지
내일 제주 공기 상태 보면 마스크 써야하니,먼지
내일 공기 상태 알려줄수 있어,먼지
이번 주 공기 상태 알려줄래,먼지
이번 주 먼지 상태 알려줄래,먼지
다음 주 먼지 상태 알려줄래,먼지
다음 주 공기 상태 알려줘,먼지
이번주 공기 상태 줘요,먼지
다음주 공기 상태 알려줄래요,먼지
이번 주 공기 상태 알려줘요,먼지
내일 부산 공기 상태 알려줄래요,먼지
다음 주 논산 공기 상태 알려줘요,먼지
3월 15일 공기 상태 알려줘요,먼지
9월 12일 대구 공기 상태 알려줄래요,먼지
다음 주 미세먼지 어때요,먼지
오늘 마스크 써야하은가요,먼지
내일 마스크 써야하나요,먼지
마스크 써야 해요,먼지
이번 주 미세먼지 알려줄래요,먼지
다음 주 미세먼지 알려줘요,먼지
이번주 미세먼지 줘요,먼지
다음주 미세먼지 알려줄래요,먼지
오늘 미세먼지 알려줘요,먼지
오늘 미세먼지좀 알려줄래요,먼지
내일 미세먼지 알려줘요,먼지
공기 상태 좀 알려줄 수 있겠나요,먼지
공기 상태 어떠니 좋나요,먼지
오늘 공기 상태 좋나요,먼지
공기 상태 좋아요,먼지
공기 상태 어떤지 말해줄수 있을까요,먼지
오늘 공기 상태 어때요,먼지
4월 12일 공기 상태 어때요,먼지
이번주 토요일 공기 상태 어때요,먼지
내일 공기 상태 어때요,먼지
오늘 마스크 써야하나요,먼지
내일 마스크 써야하나요,먼지
마스크 써야 해요,먼지
마스크 쓸까요,먼지
마스크 쓰는게 좋나요,먼지
마스크 쓰는 것이 좋을까요,먼지
오늘 대전 마스크 써야할까요,먼지
마스크 쓰는 게 좋나요,먼지
마스크를 써야 할까요,먼지
내일 제주 공기 상태 보면 마스크 써야하나요,먼지
오늘 대전에서 마스크 쓸까요,먼지
마스크 쓰기 싫은데 써야할까요,먼지
마스크 써야할까요,먼지
이번 주 공기 상태 어때요,먼지
다음 주 공기 상태 어때요,먼지
공기 상태 어떻게 돼요,먼지
오늘 공기 상태좀 알려줄수 있나요,먼지
내일 공기 상태 알려줄수 있어요,먼지
이번 주 공기 상태 알려줄래요,먼지
다음 주 공기 상태 알려줘요,먼지
이번주 공기 상태 줘요,먼지
다음주 공기 상태 알려줄래요,먼지
오늘 공기 상태 알려줘요,먼지
오늘 공기 상태좀 알려줄래요,먼지
내일 공기 상태 알려줘요,먼지
이번 주 공기 상태 알려줘요,먼지
이번 주 공기 상태는요,먼지
이번 주 광명 공기 상태 알려줘요,먼지
이번 주 울산 공기 상태 알려줘요,먼지
내일 공기 상태 알려줘요,먼지
오늘 공기 상태 알려주라요,먼지
이번 주 전주 공기 상태 알려줘요,먼지
이번 주 공기 상태 알려줘요,먼지
내일 부산 공기 상태 알려줄래요,먼지
다음 주 논산 공기 상태 알려줘요,먼지
3월 15일 공기 상태 알려줘요,먼지
9월 12일 대구 공기 상태 알려줄래요,먼지
공기 상태 좀 알려줄 수 있겠나요,먼지
공기 상태 어떠니 좋나요,먼지
오늘 공기 상태 좋나요,먼지
공기 상태 좋아요,먼지
공기 상태 어떤지 말해줄수 있을까요,먼지
이번 주 공기 상태 알려줄래요,먼지
다음 주 공기 상태 알려줘요,먼지
이번주 공기 상태 줘요,먼지
다음주 공기 상태 알려줄래요,먼지
오늘 공기 상태 알려줘요,먼지
오늘 공기 상태좀 알려줄래요,먼지
내일 공기 상태 알려줘요,먼지
이번 주 공기 상태 알려줘요,먼지
이번 주 공기 상태는요,먼지
오늘 마스크 써야하나요,먼지
내일 마스크 써야하나요,먼지
마스크 써야 해요,먼지
구로구 마스크 쓸까요,먼지
신촌마스크 쓰는게 좋나요,먼지
마스크 쓰는 것이 좋을까요,먼지
오늘 영등포 마스크 써야할까요,먼지
마스크 쓰는 게 좋나요,먼지
마스크를 써야 할까요,먼지
내일 제주 공기 상태 보면 마스크 써야하나요,먼지
오늘 대전에서 마스크 쓸까요,먼지
마스크 쓰기 싫은데 써야할까요,먼지
인천 마스크 써야할까요,먼지
이번 주 광명 공기 상태 알려줘요,먼지
이번 주 울산 공기 상태 알려줘요,먼지
내일 공기 상태 알려줘요,먼지
오늘 공기 상태 알려주라요,먼지
이번 주 전주 공기 상태 알려줘요,먼지
이번 주 공기 상태 알려줘요,먼지
내일 부산 공기 상태 알려줄래요,먼지
다음 주 논산 공기 상태 알려줘요,먼지
3월 15일 공기 상태 알려줘요,먼지
9월 12일 대구 공기 상태 알려줄래요,먼지
공기 상태 좀 알려줄 수 있겠나요,먼지
공기 상태 어떠니 좋나요,먼지
오늘 공기 상태 좋나요,먼지
공기 상태 좋아요,먼지
공기 상태 어떤지 말해줄수 있을까요,먼지
오늘 공기 상태 어때요,먼지
4월 12일 공기 상태 어때요,먼지
이번주 토요일 공기 상태 어때요,먼지
내일 공기 상태 어때요,먼지
이번 주 공기 상태 어때요,먼지
다음 주 공기 상태 어때요,먼지
공기 상태 어떻게 돼요,먼지
오늘 공기 상태좀 알려줄수 있나요,먼지
내일 공기 상태 알려줄수 있어요,먼지
이번 주 공기 상태 알려줄래요,먼지
오늘 마스크 써야하나요,먼지
내일 마스크 써야하나요,먼지
마스크 써야 해요,먼지
마스크 쓸까요,먼지
마스크 쓰는게 좋나요,먼지
마스크 쓰는 것이 좋을까요,먼지
다음 달 공기 상태 어떨까요,먼지
다음 주 공기 상태 어때보여요,먼지
이번 주 공기 상태 어때요,먼지
내일 공기 상태 알려줘요,먼지
오늘 공기 상태 알려주라요,먼지
이번 주 전주 공기 상태 알려줘요,먼지
이번 주 공기 상태 알려줘요,먼지
내일 부산 공기 상태 알려줄래요,먼지
다음 주 논산 공기 상태 알려줘요,먼지
3월 15일 하늘 맑은지 알려줘요,먼지
9월 12일 대구 공기 상태 알려줄래요,먼지
공기 상태 좀 알려줄 수 있겠은가요,먼지
공기 상태 어떠니 좋은가요,먼지
오늘 공기 상태 좋은가요,먼지
공기 상태 좋아요,먼지
공기 상태 어떤지 말해줄수 있을까요,먼지
오늘 공기 상태 어때요,먼지
4월 12일 공기 상태 어때요,먼지
이번주 토요일 공기 상태 어때요,먼지
내일 공기 상태 어때요,먼지
이번 주 공기 상태 어때요,먼지
다음 주 공기 상태 어때요,먼지
공기 상태 어떻게 돼요,먼지
오늘 공기 상태좀 알려줄래요,먼지
내일 공기 상태 알려줘요,먼지
이번 주 공기 상태 알려줘요,먼지
내일 대구 공기 상태 알려줘요,먼지
내일 부산 하늘 맑은지 알려줘요,먼지
오늘 금천구 공기 상태는요,먼지
다음 주 공기 상태 알려줘요,먼지
고령 공기 상태요,먼지
나주 공기 상태 말해줄래요,먼지
이번주 서울 공기 상태 줘요,먼지
서울 다음주 공기 상태 알려줄래요,먼지
부안 공기 상태 어떻게 돼요,먼지
오늘 서천 공기 상태 좀 알려줄수 있나요,먼지
내일 공기 상태 영덕 알려줄수 있어요,먼지
이번 주 가로수길 하늘 맑은지 알려줄래요,먼지
경주 다음주 미세먼지 알려줄래요,먼지
오늘 광주 공기 맑니,먼지
내일 서울 공기 좋니,먼지
내일 부산 공기 맑니,먼지
명언 알려줘,명언
좋은 말 해줘,명언
명언 들려줄래,명언
명언 해주라,명언
좋은 말 들려줘,명언
좋은 말 해주라,명언
좋은 말 좀 해줄래,명언
명언 들려줘,명언
명언 하나 들려줄래,명언
명언 말해줘,명언
좋은 말 들려줘,명언
좋은 말 해줘,명언
좋은 말 좀 해줄래,명언
좋은 말 좀 해주라,명언
명언 말 해주라,명언
명언 좀 들려줘,명언
명언 알려줘요,명언
좋은 말 해줘요,명언
명언 들려줄래요,명언
명언 해주라요,명언
좋은 말 들려줘요,명언
좋은 말 해주라요,명언
좋은 말 좀 해줄래요,명언
명언 들려줘요,명언
명언 하나 들려줄래요,명언
명언 말해줘요,명언
좋은 말 들려줘요,명언
좋은 말 해줘요,명언
좋은 말 좀 해줄래요,명언
좋은 말 좀 해주라요,명언
명언 말 해주라요,명언
명언 좀 들려줘요,명언
힘이되는 명언 해줘,명언
명언 들려줘,명언
명언 해줘,명언
명언,명언
행복해지는 명언 해주라,명언
힘이되는 말 해줘,명언
좋은 말 들려줄수 있니,명언
힘이되는 명언 들려주라,명언
좋은 명언 말해줘,명언
힘이되는 얘기 해줄래,명언
행복해지는 얘기 해줄래,명언
좋은 명언 들려주라,명언
명언 해줄래,명언
힘이되는 명언 해줄래,명언
힘이되는 명언 해줘,명언
행복해지는 명언 해줘,명언
멋진 얘기 해줘,명언
멋진 얘기 해줄래,명언
멋진 명언 해주라,명언
나에게 명언 알려줘,명언
나에게 좋은 말 해줘,명언
나에게 명언 들려줄래,명언
나에게 명언 해주라,명언
나에게 좋은 말 들려줘,명언
나에게 좋은 말 해주라,명언
나에게 좋은 말 좀 해줄래,명언
나에게 명언 들려줘,명언
나에게 명언 하나 들려줄래,명언
나에게 명언 말해줘,명언
나에게 좋은 말 들려줘,명언
나에게 좋은 말 해줘,명언
나에게 좋은 말 좀 해줄래,명언
나에게 좋은 말 좀 해주라,명언
나에게 명언 말 해주라,명언
나에게 명언 좀 들려줘,명언
나에게 명언 알려줘요,명언
나에게 좋은 말 해줘요,명언
나에게 명언 들려줄래요,명언
나에게 명언 해주라요,명언
나에게 나에게 좋은 말 들려줘요,명언
나에게 좋은 말 해주라요,명언
나에게 좋은 말 좀 해줄래요,명언
나에게 명언 들려줘요,명언
나에게 명언 하나 들려줄래요,명언
나에게 명언 말해줘요,명언
나에게 좋은 말 들려줘요,명언
나에게 좋은 말 해줘요,명언
나에게 좋은 말 좀 해줄래요,명언
나에게 좋은 말 좀 해주라요,명언
나에게 명언 말 해주라요,명언
나에게 명언 좀 들려줘요,명언
나에게 힘이되는 명언 해줘,명언
나에게 명언 들려줘,명언
나에게 명언 해줘,명언
나에게 명언,명언
나에게 행복해지는 명언 해주라,명언
나에게 힘이되는 말 해줘,명언
나에게 좋은 말 들려줄수 있니,명언
나에게 힘이되는 명언 들려주라,명언
나에게 좋은 명언 말해줘,명언
나에게 힘이되는 얘기 해줄래,명언
나에게 행복해지는 얘기 해줄래,명언
나에게 좋은 명언 들려주라,명언
나에게 명언 해줄래,명언
나에게 힘이되는 명언 해줄래,명언
나에게 힘이되는 명언 해줘,명언
나에게 행복해지는 명언 해줘,명언
나에게 멋진 얘기 해줘,명언
나에게 멋진 얘기 해줄래,명언
나에게 멋진 명언 해주라,명언
나한테 멋진 명언 해줘,명언
나한테 힘이되는 명언 해줘,명언
나한테 힘이되는 얘기 해줘,명언
나한테 좋은 얘기 해줘,명언
재미 있는 명언 해줘,명언
재미 있는 명언 해주겠니,명언
멋진 명언 해주겠니,명언
명언 들려줘,명언
명언 해줄래,명언
명언 하나만 들려주라,명언
명언 하나만 해주라,명언
명언 하나만 해줄래,명언
명언 하나 해주라,명언
명언 해봐,명언
명언 하나 해봐,명언
좋은 명언 들려줘,명언
좋은 명언 해줄래,명언
좋은 명언 하나만 들려주라,명언
좋은 명언 하나만 해주라,명언
좋은 명언 하나만 해줄래,명언
좋은 명언 하나 해주라,명언
좋은 명언 해봐,명언
좋은 명언 하나 해봐,명언
힘이되는 명언 들려줘,명언
힘이되는 명언 해줄래,명언
힘이되는 명언 하나만 들려주라,명언
힘이되는 명언 하나만 해주라,명언
힘이되는 명언 하나만 해줄래,명언
힘이되는 명언 하나 해주라,명언
힘이되는 명언 해봐,명언
힘이되는 명언 하나 해봐,명언
힘이되는 명언 들려주겠니,명언
힘이되는 명언 해줘요,명언
멋진 명언 들려줘,명언
멋진 명언 해줄래,명언
멋진 명언 하나만 들려주라,명언
멋진 명언 하나만 해주라,명언
멋진 명언 하나만 해줄래,명언
멋진 명언 하나 해주라,명언
멋진 명언 해봐,명언
멋진 명언 하나 해봐,명언
멋진 명언 들려줘요,명언
멋진 명언 해줘요,명언
멋진명언이요,명언
나에게 좋은 명언 들려줘,명언
나에게 좋은 명언 해줄래,명언
나에게 좋은 명언 하나만 들려주라,명언
나에게 좋은 명언 하나만 해주라,명언
나에게 좋은 명언 하나만 해줄래,명언
나에게 좋은 명언 하나 해주라,명언
나에게 좋은 명언 해봐,명언
나에게 좋은 명언 하나 해봐,명언
나에게 힘이되는 명언 들려줘,명언
나에게 힘이되는 명언 해줄래,명언
나에게 힘이되는 명언 하나만 들려주라,명언
나에게 힘이되는 명언 하나만 해주라,명언
나에게 힘이되는 명언 하나만 해줄래,명언
나에게 힘이되는 명언 하나 해주라,명언
나에게 힘이되는 명언 해봐,명언
나에게 힘이되는 명언 하나 해봐,명언
나에게 힘이되는 명언 들려주겠니,명언
나에게 힘이되는 명언 해줘요,명언
나에게 멋진 명언 들려줘,명언
나에게 멋진 명언 해줄래,명언
나에게 멋진 명언 하나만 들려주라,명언
나에게 멋진 명언 하나만 해주라,명언
나에게 멋진 명언 하나만 해줄래,명언
나에게 멋진 명언 하나 해주라,명언
나에게 멋진 명언 해봐,명언
나에게 멋진 명언 하나 해봐,명언
나에게 멋진 명언 들려줘요,명언
나에게 멋진 명언 해줘요,명언
나에게 멋진명언이요,명언
행복해지는 명언 해주세요,명언
힘이되는 말 해줘요,명언
좋은 말 들려줄수 있나요,명언
힘이되는 명언 들려주세요,명언
좋은 명언 말해줘요,명언
힘이되는 얘기 해줄래요,명언
행복해지는 얘기 해줄래요,명언
좋은 명언 들려주세요,명언
명언 해줄래요,명언
힘이되는 명언 해줘요,명언
행복해지는 명언 해줘요,명언
멋진 얘기 해줘요,명언
멋진 얘기 해줄래요,명언
멋진 명언 해주세요,명언
나한테 멋진 명언 해줘요,명언
나한테 힘이되는 명언 해줘요,명언
나한테 힘이되는 얘기 해줘요,명언
나한테 좋은 얘기 해줘요,명언
재미 있는 명언 해줘요,명언
재미 있는 명언 해주겠나요,명언
멋진 명언 해주겠나요,명언
명언 들려줘요,명언
명언 해줄래요,명언
힘이되는 명언 들려줘요,명언
힘이되는 명언 해줄래요,명언
좋은 명언 들려줘요,명언
좋은 명언 해줄래요,명언
신나는 명언 들려줘요,명언
신나는 명언 해줄래요,명언
행복해지는 명언 들려줘요,명언
행복해지는 명언 해줄래요,명언
명언 하나 들려줘요,명언
명언 하나 해줄래요,명언
명언 하나만 들려주세요,명언
명언 들려주겠나요,명언
나 명언 하나만 들려줘,명언
명언 좀 해줘 심심하거든,명언
나한테 명언해줄 수 있냐,명언
나 명언 좀 들려주라,명언
명언 좀 해봐,명언
너 나한테 명언 들려줘야 해,명언
저기 명언 들려주겠나요,명언
저한테 명언 들려주세요,명언
저 혹시 명언 좀 들려주세요,명언
명언 한 번만 부탁합니다,명언
행복한 명언 들려줘요,명언
행복한 명언 해줄래요,명언
행복한 명언 하나 들려줘요,명언
행복한 명언 하나 해줄래요,명언
행복한 명언 하나만 들려주세요,명언
행복한 명언 들려주겠나요,명언
나 행복한 명언 하나만 들려줘,명언
행복한 명언 좀 해줘 심심하거든,명언
나한테 행복한 명언해줄 수 있냐,명언
나 행복한 명언 좀 들려주라,명언
행복한 명언 좀 해봐,명언
너 나한테 행복한 명언 들려줘야 해,명언
저기 행복한 명언 들려주겠나요,명언
저한테 행복한 명언 들려주세요,명언
저 혹시 행복한 명언 좀 들려주세요,명언
행복한 명언 한 번만 부탁합니다,명언
힘이되는 명언 들려줘요,명언
힘이되는 명언 해줄래요,명언
힘이되는 명언 하나 들려줘요,명언
힘이되는 명언 하나 해줄래요,명언
힘이되는 명언 하나만 들려주세요,명언
힘이되는 명언 들려주겠나요,명언
힘이되는 나 명언 하나만 들려줘,명언
힘이되는 명언 좀 해줘 심심하거든,명언
힘이되는 나한테 명언해줄 수 있냐,명언
힘이되는 나 명언 좀 들려주라,명언
힘이되는 명언 좀 해봐,명언
너 나한테 힘이되는 명언 들려줘야 해,명언
저기 힘이되는 명언 들려주겠나요,명언
저한테 힘이되는 명언 들려주세요,명언
저 혹시 힘이되는 명언 좀 들려주세요,명언
힘이되는 명언 한 번만 부탁합니다,명언
멋진 명언 들려줘요,명언
멋진 명언 해줄래요,명언
멋진 명언 하나 들려줘요,명언
멋진 명언 하나 해줄래요,명언
멋진 명언 하나만 들려주세요,명언
멋진 명언 들려주겠나요,명언
나 멋진 명언 하나만 들려줘,명언
멋진 명언 좀 해줘 심심하거든,명언
나한테 멋진 명언해줄 수 있냐,명언
나 멋진 명언 좀 들려주라,명언
멋진 명언 좀 해봐,명언
너 나한테 멋진 명언 들려줘야 해,명언
저기 멋진 명언 들려주겠나요,명언
저한테 멋진 명언 들려주세요,명언
저 혹시 멋진 명언 좀 들려주세요,명언
멋진 명언 한 번만 부탁합니다,명언
좋은 명언 들려줘요,명언
좋은 명언 해줄래요,명언
좋은 명언 하나 들려줘요,명언
좋은 명언 하나 해줄래요,명언
좋은 명언 하나만 들려주세요,명언
좋은 명언 들려주겠나요,명언
나 좋은 명언 하나만 들려줘,명언
좋은 명언 좀 해줘 심심하거든,명언
나한테 좋은 명언해줄 수 있냐,명언
나 좋은 명언 좀 들려주라,명언
좋은 명언 좀 해봐,명언
너 나한테 좋은 명언 들려줘야 해,명언
저기 좋은 명언 들려주겠나요,명언
저한테 좋은 명언 들려주세요,명언
저 혹시 좋은 명언 좀 들려주세요,명언
좋은 명언 한 번만 부탁합니다,명언
조언이 되는 명언 들려줘요,명언
조언이 되는 명언 해줄래요,명언
조언이 되는 명언 하나 들려줘요,명언
조언이 되는 명언 하나 해줄래요,명언
조언이 되는 명언 하나만 들려주세요,명언
조언이 되는 명언 들려주겠나요,명언
나 조언이 되는 명언 하나만 들려줘,명언
조언이 되는 명언 좀 해줘 심심하거든,명언
나한테 조언이 되는 명언해줄 수 있냐,명언
나 조언이 되는 명언 좀 들려주라,명언
조언이 되는 명언 좀 해봐,명언
너 나한테 조언이 되는 명언 들려줘야 해,명언
저기 조언이 되는 명언 들려주겠나요,명언
저한테 조언이 되는 명언 들려주세요,명언
저 혹시 조언이 되는 명언 좀 들려주세요,명언
좋은 명언 한 번만 부탁합니다,명언
좋은 명언 들려줘요,명언
좋은 명언 해줄래요,명언
좋은 명언 하나 들려줘요,명언
좋은 명언 하나 해줄래요,명언
좋은 명언 하나만 들려주세요,명언
좋은 명언 들려주겠나요,명언
나 좋은 명언 하나만 들려줘,명언
좋은 명언 좀 해줘 심심하거든,명언
좋은 조언이 되는 명언해줄 수 있냐,명언
나 좋은 명언 좀 들려주라,명언
좋은 명언 좀 해봐,명언
너 나한테 좋은 명언 들려줘야 해,명언
저기 좋은 명언 들려주겠나요,명언
저한테 좋은 명언 들려주세요,명언
저 혹시 좋은 명언 좀 들려주세요,명언
좋은 명언 한 번만 부탁합니다,명언
사랑해 일본어 뭐야,번역
문어 일본어 뭔지 알아,번역
코끼리 영어 뭔지 알려줄래,번역
존경해 중국어 뭐야,번역
바보 중국어 알려줘,번역
누나 중국어 어떻게 말해,번역
중국어 알려줘,번역
목성 중국어 말해주라,번역
죽을래 중국어 뭐야,번역
토마토 중국어 번역,번역
감 뭔지 중국어 번역해주라,번역
창문 번역해줘,번역
상어 뭔지 중국어 번역해줄래,번역
이 문장 중국어 말해줘,번역
이 단어 중국어 말해주라,번역
존경해 프랑스어 뭐야,번역
바보 프랑스어 알려줘,번역
누나 프랑스어 뭐니,번역
이거 프랑스어 뭔지 알려줄래,번역
냉장고 프랑스어 번역,번역
프랑스어 번역해주라,번역
이 단어 프랑스어 번역해줄래,번역
프랑스어 바지 뭔지 말해줘,번역
할머니 프랑스어 말해줄래,번역
고장났어 프랑스어 뭔데,번역
귀하 프랑스어 뭔지 알아,번역
코뿔소 프랑스어 뭔지 알려줄래,번역
토마토 프랑스어 번역,번역
감 뭔지 프랑스어 번역해줘,번역
영어 당신만 바라볼래요 뭐야,번역
냉장고 텅 비었군요 영어 뭐야,번역
중국어 이거 얼마에요 뭐야,번역
이거 스페인어 뭔지 알려줄래,번역
파이프 스페인어 번역,번역
탱크 스페인어 번역해주라,번역
스페인어 번역해주라,번역
영어 번역해주라,번역
소고기 뭔지 스페인어 번역해줄래,번역
이 문장 스페인어 말해줘,번역
이 단어 스페인어 말해주라,번역
스페인어 알려줘,번역
이거 독일어 뭔지 알려줄래,번역
해왕성 독일어 말해주라,번역
정성들이다 독일어 뭐야,번역
할아버지 독일어 말해줄래,번역
토끼 독일어 뭔지 알려줄래,번역
이 단어 독일어 말해주라,번역
독일어 알려줘,번역
밥솥 중국어 번역,번역
에어컨 중국어 번역해주라,번역
해왕성 중국어 말해주라,번역
정성들이다 중국어 뭐야,번역
호전 중국어 뭔지 알아,번역
장갑 중국어 뭔지 알려줄래,번역
기차 중국어 번역,번역
밤 뭔지 중국어 번역해주라,번역
청소기 번역해줘,번역
명치 뭔지 중국어 번역해줄래,번역
이거 이탈리아어 뭔지 알려줄래,번역
이탈리아어 번역해주라,번역
이 단어 이탈리아어 번역해줄래,번역
이탈리아어 칫솔 뭔지 말해줘,번역
로마 이탈리아어 번역,번역
밤 뭔지 이탈리아어 말해주라,번역
이탈리아어 알려줘,번역
이거 라틴어 뭔지 알려줄래,번역
밥솥 라틴어 번역,번역
에어컨 라틴어 말해주라,번역
정성들이다 라틴어 뭐야,번역
상장 라틴어 뭔지 알려줘,번역
라틴어 책상 어떻게 말해,번역
고치다 라틴어 뭔데,번역
박사 라틴어 뭔지 알아,번역
마우스 라틴어 뭔지 알려줄래,번역
상기 라틴어 번역,번역
밤 뭔지 라틴어 말해주라,번역
멸치 뭔지 라틴어 말해줄래,번역
그리스어 말해줘,번역
해왕성 그리스어 말해주라,번역
리모컨 그리스어 뭔지 알아,번역
장치 그리스어 뭔지 알려줄래,번역
수기 그리스어 번역,번역
이 단어 그리스어 말해주라,번역
그리스어 알려줘,번역
이거 일본말 뭔지 알려줄래,번역
밥솥 일본말 번역,번역
밤 뭔지 일본말 말해줘,번역
소설 어떻게 말해,번역
일본말 칫솔이 뭔지 말해줘,번역
경찰 일본말 말해줘,번역
훼방 일본말 뭔지 알아,번역
밤이 뭔지 일본말 번역해주라,번역
이 문장 일본말 말해줘,번역
이 단어 일본말 말해주라,번역
학교에 언제가나요 일본말 뭐야,번역
설거지를 해야해요 영국말 뭐야,번역
칠판이 깨끗하군요를 영어 어떻게 말해,번역
가방 들어요 중국어 뭐야,번역
라틴어 이거 얼마에요 뭐야,번역
이거 일본어 뭔지 알려줄래요,번역
미안해 일본어 번역요,번역
사랑해 일본어 번역해줘요,번역
일본어 번역해주세요,번역
일본어 번역해줄래요,번역
일본어 말해줘요,번역
지구 일본어 말해주세요,번역
미안해 일본어 뭐에요,번역
가위 일본어 알려줘요,번역
동전 일본어 뭐니요,번역
등산이 일본어 뭔지 알려줘요,번역
사나이 일본어 말해줘요,번역
남자 일본어 말해줄래요,번역
오징어 일본어 뭔데요,번역
문어 일본어 뭔지 알아요,번역
돼지 일본어 뭔지 알려줄래요,번역
사과 일본어 번역요,번역
배 뭔지 일본어 번역해주세요,번역
이불 번역해주세요,번역
해파리 일본어 번역해줄래요,번역
이 문장 일본어 말해줘요,번역
이 단어 일본어 말해주세요,번역
일본어 알려줘요,번역
사랑해 영어 뭐에요,번역
사랑이 영어 알려줘요,번역
동생 영어 뭐니요,번역
영어 알려줘요,번역
기타 영어 말해줘요,번역
영어 게임이 뭐니요,번역
게임 영어 뭔데요,번역
자전거 영어 뭔지 알아요,번역
이거 영어 뭔지 알려줄래요,번역
미안해 영어 번역요,번역
사랑해 영어 번역해주세요,번역
영어 번역해줘요,번역
이 단어 영어 번역해줄래요,번역
영어 말해줘요,번역
토성 영어 말해주세요,번역
고마워 영어 뭐에요,번역
등장이 영어 뭔지 알려줘요,번역
영어 마우스 뭐니요,번역
사나이 영어 말해줘요,번역
여자 영어 말해줄래요,번역
고장 영어 뭔데요,번역
방문 영어 뭔지 알아요,번역
코끼리 영어 뭔지 알려줄래요,번역
파인애플 영어 번역요,번역
배 뭔지 영어 번역해줘요,번역
전기 번역해주세요,번역
물고기 영어 번역해줄래요,번역
이 문장 영어 말해줘요,번역
이 단어 영어 말해주세요,번역
이 문장 영어 말해줘요,번역
이 단어 영어 말해주세요,번역
영어 알려줘요,번역
존경해 중국어 뭐에요,번역
바보 중국어 알려줘요,번역
누나 중국어 어떻게 말해요,번역
중국어 알려줘요,번역
바이올린 중국어 말해줘요,번역
중국어 밥이 뭐니요,번역
셔츠 중국어 뭔데요,번역
간장 중국어 뭔지 알아요,번역
이거 중국어 뭔지 알려줄래요,번역
냉장고 중국어 번역요,번역
공기청정기 중국어 번역해주세요,번역
중국어 번역해줘요,번역
이 단어 중국어 번역해줄래요,번역
중국어 바지 뭔지 말해줘요,번역
목성 중국어 말해주세요,번역
죽을래 중국어 뭐에요,번역
퇴장이 중국어 뭔지 알려줘요,번역
중국어 모니터 어떻게 말해요,번역
군인 중국어 말해줘요,번역
할머니 중국어 말해줄래요,번역
고장났어 중국어 뭔데요,번역
귀하 중국어 뭔지 알아요,번역
코뿔소 중국어 뭔지 알려줄래요,번역
토마토 중국어 번역요,번역
감이 뭔지 중국어 번역해주세요,번역
창문 번역해줘요,번역
상어 뭔지 중국어 번역해줄래요,번역
이 문장 중국어 말해줘요,번역
이 단어 중국어 말해주세요,번역
이 문장 중국어 말해줘요,번역
이 단어 중국어 말해주세요,번역
중국어 알려줘요,번역
존경해 프랑스어 뭐에요,번역
바보 프랑스어 알려줘요,번역
누나 프랑스어 뭐니요,번역
프랑스어 알려줘요,번역
바이올린 프랑스어 말해줘요,번역
프랑스어 밥이 어떻게 말해요,번역
셔츠 프랑스어 뭔데요,번역
간장 프랑스어 뭔지 알아요,번역
이거 프랑스어 뭔지 알려줄래요,번역
냉장고 프랑스어 번역요,번역
공기청정기 프랑스어 번역해주세요,번역
프랑스어 번역해주세요,번역
이 단어 프랑스어 번역해줄래요,번역
프랑스어 바지 뭔지 말해줘요,번역
목성 프랑스어 말해주세요,번역
죽을래 프랑스어 뭐에요,번역
퇴장이 프랑스어 뭔지 알려줘요,번역
프랑스어 모니터 뭐니요,번역
군인 프랑스어 말해줘요,번역
할머니 프랑스어 말해줄래요,번역
고장났어 프랑스어 뭔데요,번역
귀하 프랑스어 뭔지 알아요,번역
코뿔소 프랑스어 뭔지 알려줄래요,번역
토마토 프랑스어 번역요,번역
감이 뭔지 프랑스어 번역해줘요,번역
창문 번역해줘요,번역
상어 뭔지 프랑스어 번역해줄래요,번역
이 문장 프랑스어 말해줘요,번역
이 단어 프랑스어 말해주세요,번역
이 문장 프랑스어 말해줘요,번역
이 단어 프랑스어 말해주세요,번역
프랑스어 알려줘요,번역
오늘 배고파요 영어 뭐에요,번역
오늘 배고파서 잠이 안오네요를 영어 어떻게 말해요,번역
당신 사랑합니다 영어 뭐에요,번역
집에 가고싶어요 영어 뭐에요,번역
영어 당신만 바라볼래요 뭐에요,번역
냉장고 텅 비었군요 영어 뭐에요,번역
영어 오징어 먹고싶어요 뭐에요,번역
학교에 언제가나요 일본어 뭐에요,번역
일본어 시장에 왔어요 뭐에요,번역
바지를 입어야해요 일본어 뭐에요,번역
일본어 초밥이 먹고싶어요 뭐에요,번역
설거지를 해야해요 중국어 뭐에요,번역
칠판이 깨끗하군요를 중국어 어떻게 말해요,번역
침대에 누워요를 중국어 뭐에요,번역
가방 들어요 중국어 뭐에요,번역
중국어 이거 얼마에요 뭐에요,번역
이거 스페인어 뭔지 알려줄래요,번역
파이프 스페인어 번역요,번역
탱크 스페인어 번역해주세요,번역
스페인어 번역해주세요,번역
이 단어 스페인어 번역해줄래요,번역
스페인어 여자 뭔지 말해줘요,번역
수납장 스페인어 말해주세요,번역
진심으로 스페인어 뭐에요,번역
서랍이 스페인어 뭔지 알려줘요,번역
스페인어 의자 어떻게 말해요,번역
소방관 스페인어 말해줘요,번역
치킨 스페인어 번역해줘,번역
치킨 스페인어 번역해줘,번역
치킨 중국어 번역해줘,번역
치킨 일어 번역해줘,번역
치킨 영어 번역해줘,번역
치킨 프랑스어 번역해줘,번역
치킨 아랍어 번역해줘,번역
치킨 러시아어 번역해줘,번역
치킨 일본어 번역해줘,번역
치킨 이탈리아어 번역해줘,번역
치킨 라틴어 번역해줘,번역
치킨 스페인어 번역해주라,번역
치킨 중국어 번역해주라,번역
치킨 일어 번역해주라,번역
치킨 영어 번역해주라,번역
치킨 프랑스어 번역해주라,번역
치킨 아랍어 번역해주라,번역
치킨 러시아어 번역해주라,번역
치킨 일본어 번역해주라,번역
치킨 이탈리아어 번역해주라,번역
치킨 라틴어 번역해주라,번역
치킨 스페인어로 말해줘,번역
치킨 중국어로 말해줘,번역
치킨 일어로 말해줘,번역
치킨 영어로 말해줘,번역
치킨 프랑스어로 말해줘,번역
치킨 아랍어로 말해줘,번역
치킨 러시아어로 말해줘,번역
치킨 일본어로 말해줘,번역
치킨 이탈리아어로 말해줘,번역
치킨 라틴어로 말해줘,번역
치킨 스페인어로 말해주라,번역
치킨 중국어로 말해주라,번역
치킨 일어로 말해주라,번역
치킨 영어로 말해주라,번역
치킨 프랑스어로 말해주라,번역
치킨 아랍어로 말해주라,번역
치킨 러시아어로 말해주라,번역
치킨 일본어로 말해주라,번역
치킨 이탈리아어로 말해주라,번역
치킨 라틴어로 말해주라,번역
지금 몇시야,시간
지금 몇 시야,시간
지금 몇시지,시간
지금 몇 시야,시간
시간,시간
시간은,시간
시간도 알려줘,시간
시간도,시간
시간 알려줘,시간
시간 알려줄래,시간
몇 신지 아니,시간
지금 몇시야,시간
지금 시간이 어떻게 되니,시간
시간 알려주라,시간
시간 좀 알려줘,시간
지금 몇시 몇분이야,시간
지금 몇 시 몇 분이야,시간
지금 시간 알려줄 수 있니,시간
지금 몇시야,시간
지금 몇 시야,시간
지금 몇시지,시간
지금 몇 시야,시간
시간,시간
시간 알려줘,시간
시간 알려줄래,시간
몇 신지 아니,시간
지금 몇시야,시간
지금 시간이 어떻게 되니,시간
시간 알려주라,시간
시간 좀 알려줘,시간
지금 몇시 몇분이야,시간
지금 몇 시 몇 분이야,시간
지금 시간 알려줄 수 있니,시간
지금 몇시야,시간
지금 몇 시야,시간
지금 몇시지,시간
지금 몇 시야,시간
시간,시간
시간 알려줘,시간
시간 알려줄래,시간
몇 신지 아니,시간
지금 몇시야,시간
지금 시간이 어떻게 되니,시간
시간 알려주라,시간
시간 좀 알려줘,시간
지금 몇시 몇분이야,시간
지금 몇 시 몇 분이야,시간
지금 시간 알려줄 수 있니,시간
지금 몇시야,시간
지금 몇 시야,시간
지금 몇시지,시간
지금 몇 시야,시간
시간,시간
시간 알려줘,시간
시간 알려줄래,시간
몇 신지 아니,시간
지금 몇시야,시간
지금 시간이 어떻게 되니,시간
시간 알려주라,시간
시간 좀 알려줘,시간
지금 몇시 몇분이야,시간
지금 몇 시 몇 분이야,시간
지금 시간 알려줄 수 있니,시간
지금 시간 알고싶어,시간
지금 시간 알려줘,시간
몇 시야,시간
몇 시지,시간
시간이 어떻게 되니,시간
지금 시간 알려주라,시간
지금 시간 좀 알려줘,시간
몇 시 몇 분이야,시간
시간 알려줄 수 있니,시간
지금 시간 알려 줘,시간
지금 시간 알려 줄래,시간
지금 몇 신지 아니,시간
지금 시간이 어떻게 되니,시간
지금 시간 알려주라,시간
몇 시 몇 분이야,시간
시간 알려줄 수 있니,시간
지금 시간 알려줘,시간
지금 시간 알려줄래,시간
지금 몇 신지 아니,시간
시간이 어떻게 되니,시간
지금 시간 알려주라,시간
지금 시간 좀 알려줘,시간
지금 몇 시 몇 분이야,시간
현재 몇시야,시간
현재 몇 시야,시간
현재 몇시지,시간
현재 몇 시야,시간
현재 시간,시간
현재 시간은,시간
현재 시간도 알려줘,시간
현재 시간도,시간
현재 시간 알려줘,시간
현재 시간 알려줄래,시간
현재 몇 신지 아니,시간
현재 몇시야,시간
현재 시간이 어떻게 되니,시간
현재 시간 알려주라,시간
현재 시간 좀 알려줘,시간
현재 몇시 몇분이야,시간
현재 몇 시 몇 분이야,시간
현재 시간 알려줄 수 있니,시간
현재 몇시야,시간
현재 몇 시야,시간
현재 몇시지,시간
현재 몇 시야,시간
현재 시간,시간
현재 시간 알려줘,시간
현재 시간 알려줄래,시간
현재 몇 신지 아니,시간
현재 몇시야,시간
현재 시간이 어떻게 되니,시간
현재 시간 알려주라,시간
현재 시간 좀 알려줘,시간
현재 몇시 몇분이야,시간
현재 몇 시 몇 분이야,시간
현재 시간 알려줄 수 있니,시간
현재 몇시야,시간
현재 몇 시야,시간
현재 몇시지,시간
현재 몇 시야,시간
현재 시간,시간
현재 시간 알려줘,시간
현재 시간 알려줄래,시간
현재 몇 신지 아니,시간
현재 몇시야,시간
현재 시간이 어떻게 되니,시간
현재 시간 알려주라,시간
현재 시간 좀 알려줘,시간
현재 몇시 몇분이야,시간
현재 몇 시 몇 분이야,시간
현재 시간 알려줄 수 있니,시간
현재 몇시야,시간
현재 몇 시야,시간
현재 몇시지,시간
현재 몇 시야,시간
현재 시간,시간
현재 시간 알려줘,시간
현재 시간 알려줄래,시간
현재 몇 신지 아니,시간
현재 몇시야,시간
현재 시간이 어떻게 되니,시간
현재 시간 알려주라,시간
현재 시간 좀 알려줘,시간
현재 몇시 몇분이야,시간
현재 몇 시 몇 분이야,시간
현재 시간 알려줄 수 있니,시간
현재 시간 알고싶어,시간
현재 시간 알려줘,시간
현재 몇 시야,시간
현재 몇 시지,시간
현재 시간이 어떻게 되니,시간
현재 시간 알려주라,시간
현재 시간 좀 알려줘,시간
현재 몇 시 몇 분이야,시간
현재 시간 알려줄 수 있니,시간
현재 시간 알려 줘,시간
현재 시간 알려 줄래,시간
현재 몇 신지 아니,시간
현재 시간이 어떻게 되니,시간
현재 시간 알려주라,시간
현재 몇 시 몇 분이야,시간
현재 시간 알려줄 수 있니,시간
현재 시간 알려줘,시간
현재 시간 알려줄래,시간
현재 몇 신지 아니,시간
현재 시간이 어떻게 되니,시간
현재 시간 알려주라,시간
현재 시간 좀 알려줘,시간
현재 몇 시 몇 분이야,시간
이제 몇시야,시간
이제 몇 시야,시간
이제 몇시지,시간
이제 몇 시야,시간
이제 시간,시간
이제 시간은,시간
이제 시간도 알려줘,시간
이제 시간도,시간
이제 시간 알려줘,시간
이제 시간 알려줄래,시간
이제 몇 신지 아니,시간
이제 몇시야,시간
이제 시간이 어떻게 되니,시간
이제 시간 알려주라,시간
이제 시간 좀 알려줘,시간
이제 몇시 몇분이야,시간
이제 몇 시 몇 분이야,시간
이제 시간 알려줄 수 있니,시간
이제 몇시야,시간
이제 몇 시야,시간
이제 몇시지,시간
이제 몇 시야,시간
이제 시간,시간
이제 시간 알려줘,시간
이제 시간 알려줄래,시간
이제 몇 신지 아니,시간
이제 몇시야,시간
이제 시간이 어떻게 되니,시간
이제 시간 알려주라,시간
이제 시간 좀 알려줘,시간
이제 몇시 몇분이야,시간
이제 몇 시 몇 분이야,시간
이제 시간 알려줄 수 있니,시간
이제 몇시야,시간
이제 몇 시야,시간
이제 몇시지,시간
이제 몇 시야,시간
이제 시간,시간
이제 시간 알려줘,시간
이제 시간 알려줄래,시간
이제 몇 신지 아니,시간
이제 몇시야,시간
이제 시간이 어떻게 되니,시간
이제 시간 알려주라,시간
이제 시간 좀 알려줘,시간
이제 몇시 몇분이야,시간
이제 몇 시 몇 분이야,시간
이제 시간 알려줄 수 있니,시간
이제 몇시야,시간
이제 몇 시야,시간
이제 몇시지,시간
이제 몇 시야,시간
이제 시간,시간
이제 시간 알려줘,시간
이제 시간 알려줄래,시간
이제 몇 신지 아니,시간
이제 몇시야,시간
이제 시간이 어떻게 되니,시간
이제 시간 알려주라,시간
이제 시간 좀 알려줘,시간
이제 몇시 몇분이야,시간
이제 몇 시 몇 분이야,시간
이제 시간 알려줄 수 있니,시간
이제 시간 알고싶어,시간
이제 시간 알려줘,시간
이제 몇 시야,시간
이제 몇 시지,시간
이제 시간이 어떻게 되니,시간
이제 시간 알려주라,시간
이제 시간 좀 알려줘,시간
이제 몇 시 몇 분이야,시간
이제 시간 알려줄 수 있니,시간
이제 시간 알려 줘,시간
이제 시간 알려 줄래,시간
이제 몇 신지 아니,시간
이제 시간이 어떻게 되니,시간
이제 시간 알려주라,시간
이제 몇 시 몇 분이야,시간
이제 시간 알려줄 수 있니,시간
이제 시간 알려줘,시간
이제 시간 알려줄래,시간
이제 몇 신지 아니,시간
이제 시간이 어떻게 되니,시간
이제 시간 알려주라,시간
이제 시간 좀 알려줘,시간
이제 몇 시 몇 분이야,시간
곧 몇시야,시간
곧 몇 시야,시간
곧 몇시지,시간
곧 몇 시야,시간
곧 시간,시간
곧 시간은,시간
곧 시간도 알려줘,시간
곧 시간도,시간
곧 시간 알려줘,시간
곧 시간 알려줄래,시간
곧 몇 신지 아니,시간
곧 몇시야,시간
곧 시간이 어떻게 되니,시간
곧 시간 알려주라,시간
곧 시간 좀 알려줘,시간
곧 몇시 몇분이야,시간
곧 몇 시 몇 분이야,시간
곧 시간 알려줄 수 있니,시간
곧 몇시야,시간
곧 몇 시야,시간
곧 몇시지,시간
곧 몇 시야,시간
곧 시간,시간
곧 시간 알려줘,시간
곧 시간 알려줄래,시간
곧 몇 신지 아니,시간
곧 몇시야,시간
곧 시간이 어떻게 되니,시간
곧 시간 알려주라,시간
곧 시간 좀 알려줘,시간
곧 몇시 몇분이야,시간
곧 몇 시 몇 분이야,시간
곧 시간 알려줄 수 있니,시간
곧 몇시야,시간
곧 몇 시야,시간
곧 몇시지,시간
곧 몇 시야,시간
곧 시간,시간
곧 시간 알려줘,시간
곧 시간 알려줄래,시간
곧 몇 신지 아니,시간
곧 몇시야,시간
곧 시간이 어떻게 되니,시간
곧 시간 알려주라,시간
곧 시간 좀 알려줘,시간
곧 몇시 몇분이야,시간
곧 몇 시 몇 분이야,시간
곧 시간 알려줄 수 있니,시간
곧 몇시야,시간
곧 몇 시야,시간
곧 몇시지,시간
곧 몇 시야,시간
곧 시간,시간
곧 시간 알려줘,시간
곧 시간 알려줄래,시간
곧 몇 신지 아니,시간
곧 몇시야,시간
곧 시간이 어떻게 되니,시간
곧 시간 알려주라,시간
곧 시간 좀 알려줘,시간
곧 몇시 몇분이야,시간
곧 몇 시 몇 분이야,시간
곧 시간 알려줄 수 있니,시간
곧 시간 알고싶어,시간
곧 시간 알려줘,시간
곧 몇 시야,시간
곧 몇 시지,시간
곧 시간이 어떻게 되니,시간
곧 시간 알려주라,시간
곧 시간 좀 알려줘,시간
곧 몇 시 몇 분이야,시간
곧 시간 알려줄 수 있니,시간
곧 시간 알려 줘,시간
곧 시간 알려 줄래,시간
곧 몇 신지 아니,시간
곧 시간이 어떻게 되니,시간
곧 시간 알려주라,시간
곧 몇 시 몇 분이야,시간
곧 시간 알려줄 수 있니,시간
곧 시간 알려줘,시간
곧 시간 알려줄래,시간
곧 몇 신지 아니,시간
곧 시간이 어떻게 되니,시간
곧 시간 알려주라,시간
곧 시간 좀 알려줘,시간
곧 몇 시 몇 분이야,시간
알려줄래,위키
알려주라,위키
알려주세요,위키
알려주실까요,위키
알려줘,위키
궁금해,위키
궁금하군,위키
궁금하네,위키
궁금하고만,위키
궁금하구만,위키
궁금해요,위키
궁금해 죽겠어요,위키
박미선 궁금해,위키
문재인 궁금해,위키
서태지 궁금해,위키
노라조 궁금해,위키
자장면 뭐니,위키
전라북도 뭐니,위키
컴퓨터에 대해서 알려줘,위키
알고리즘에 대해서 알려줘,위키
에이핑크 누군지 궁금해,위키
걸스데 누군지 궁금해,위키
이병철 누군지 궁금해,위키
기요틴 뭔지 궁금해,위키
짬뽕 뭐니,위키
어벤져스 뭐니,위키
네이버 뭐니,위키
페이스북 뭔지 알려줘요,위키
오징어 뭔지 알려줘요,위키
문어에 대해서 알려줘,위키
바지에 대해서 알려줘,위키
역사 뭔지 알려줘요,위키
의자 뭔지 알아,위키
가방 뭔지 궁금해,위키
이건희 누군지 궁금해,위키
시라소니 누군지 알아,위키
김두한 뭔지 궁금해,위키
개그콘서트 뭔지 알려줘요,위키
다리미 뭔지 알려줘,위키
전기장판 뭔지 알려줘,위키
노래방 뭔지 알아,위키
너 대게 맛을 알아,위키
과자 뭔지 알려줘,위키
보리차 뭐니,위키
오란씨 뭔지 알려줘,위키
스파게티에 대해서 알려줘,위키
너 전구에 대해서 알고 있니,위키
프랑스 뭔지 알아,위키
포켓몬 뭐,위키
이상해씨 뭐,위키
바람개비 뭐,위키
색연필 뭐,위키
호랑 뭐,위키
사과 뭐,위키
인생 뜻 알려줘,위키
한국 대통령 뜻 알려줘,위키
UN 사무총장 뜻 알려줘,위키
박미선 키 뜻 알려줘,위키
윤동주 뜻 알려줘,위키
오지헌 뜻 알려줘,위키
정종철 뜻 알려줘,위키
유상무 뜻 알려줘,위키
김종국 뜻 알려줘,위키
유재석 무슨 뜻,위키
이육사 무슨 뜻,위키
강호동 무슨 뜻,위키
유병재 무슨 뜻,위키
탕수육 무슨 뜻,위키
오징어 무슨 뜻,위키
물고가에 대해서 무슨 뜻,위키
십자군에 대해서 무슨 뜻,위키
관절 무슨 뜻,위키
이상미 누군지 무슨 뜻,위키
김근영 누군지 무슨 뜻,위키
최영민 누군지 무슨 뜻,위키
박테리아 뭔지 무슨 뜻,위키
수란 무슨 뜻,위키
학교 무슨 뜻,위키
그레 무슨 뜻,위키
헤이즈 무슨 뜻,위키
모자 무슨 뜻,위키
필통 무슨 뜻,위키
전등에 대해서 무슨 뜻,위키
테슬라에 대해서 무슨 뜻,위키
역사 무슨 뜻,위키
너 육지 무슨 뜻이야,위키
물고기에 대해서 무슨 뜻,위키
ARS 뭐,위키
세상 뭘까,위키
인생 뭘까,위키
오지헌 궁금해,위키
정종철 궁금해,위키
유상무 궁금해,위키
김종국 궁금해,위키
탕수육 뭐,위키
물고가에 대해서 알려줘,위키
십자군에 대해서 알려줘,위키
관절 뭐,위키
박테리아 뭔지 궁금해,위키
학교 뭐,위키
모자 뭐,위키
필통 뭐,위키
전등에 대해서 알려줘,위키
테슬라에 대해서 알려줘,위키
사랑 뭐,위키
너 역사 뭔지 알아,위키
너 육지 뭔지 알아,위키
위선자 뭔지 알아,위키
너 설탕 뭔지 알아,위키
소금 뭔지 알아,위키
너 밀가루 뭔지 알아,위키
밀너 뭔지 알아,위키
너 제라드 뭔지 알아,위키
콤파니 뭔지 알아,위키
너 밥상 뭔지 알아,위키
너 역지사지 뭔지 알아,위키
오매불망 뭔지 알아,위키
너 다다익선 뭔지 알아,위키
길항 뭔지 알아,위키
너 반포지교 뭔지 알아,위키
만두 뭔지 알아,위키
너 국수 뭔지 알아,위키
가방 무슨 뜻이야,위키
가요 무슨 뜻이야,위키
가지 무슨 뜻이야,위키
가사 무슨 뜻이야,위키
가오 무슨 뜻이야,위키
가슴 무슨 뜻이야,위키
가치 무슨 뜻이야,위키
가나 무슨 뜻이야,위키
노랑 무슨 뜻이야,위키
노자 무슨 뜻이야,위키
나사 무슨 뜻이야,위키
나라 무슨 뜻이야,위키
다리 무슨 뜻이야,위키
다과 무슨 뜻이야,위키
단추 무슨 뜻이야,위키
단자 무슨 뜻이야,위키
동생 무슨 뜻이야,위키
대추 무슨 뜻이야,위키
도모 무슨 뜻이야,위키
강아지 무슨 뜻이야요,위키
통장 무슨 뜻이야요,위키
장사 무슨 뜻이야요,위키
송아지 무슨 뜻이야요,위키
종 무슨 뜻이야요,위키
밥통 무슨 뜻이야요,위키
사자 무슨 뜻이야요,위키
상자 무슨 뜻이야요,위키
소추 무슨 뜻이야요,위키
소주 무슨 뜻이야요,위키
프랑스 무슨 뜻이야요,위키
중국 무슨 뜻이야요,위키
포기 무슨 뜻이야요,위키
크레용 무슨 뜻이야요,위키
크몽 무슨 뜻이야요,위키
방장 무슨 뜻이야요,위키
봉사 무슨 뜻이야요,위키
망상 무슨 뜻이야요,위키
공장 무슨 뜻이야요,위키
공장장 무슨 뜻이야요,위키
간장 무슨 뜻이야요,위키
가방 뭘까요,위키
가요 뭐,위키
가지 뭐,위키
가사 뭐,위키
가오 뭐,위키
가슴 뭐,위키
가치 뭐,위키
가나 뭐,위키
노랑 뭐,위키
노자 뭐,위키
나사 뭐,위키
나라 뭐,위키
다리 뭐,위키
다과 뭐,위키
단추 뭐,위키
단자 뭐,위키
동생 뭐,위키
대추 뭐,위키
도모 뭐,위키
라면 뭐,위키
루아르 뭐,위키
강아지 뭐,위키
통장 뭐,위키
장사 뭐에요,위키
송아지 뭐에요,위키
종 뭐에요,위키
밥통 뭐에요,위키
사자 뭐에요,위키
상자 뭐에요,위키
소추 뭐에요,위키
소주 뭐에요,위키
프랑스 뭔가요,위키
중국 뭔가요,위키
포기 뭔가요,위키
크레용 뭔가요,위키
크몽 뭔가요,위키
방장 뭔가요,위키
봉사 뭔가요,위키
망상 뭔가요,위키
공장 뭔가요,위키
공장장 뭔가요,위키
간장 뭔가요,위키
화장 뭔지 알아요,위키
너 휴지 뭔지 알아요,위키
메시 뭔지 궁금해요,위키
골대 뭔지 알아요,위키
너 자장면 맛을 알아요,위키
질소 뭔가요,위키
녹차 뭐죠,위키
미란다 뭔가요,위키
파스타에 대해서 알려줘요,위키
일본 뭔지 알아요,위키
이탈리 뭔지 알아요,위키
중국 칭따오 뭔가요,위키
맥주 뭔가요,위키
돼지고기 뭔가요,위키
세상에서 가장 높 탑 뭐죠,위키
세상에서 제일 높 산 뭔가요,위키
모기 뭔가요,위키
필수 뭔가요,위키
천둥에 대해서 알려줘요,위키
메이웨더에 대해서 알려줘요,위키
늑대 뭔지 알아요,위키
증인 뭔지 알아요,위키
라면 뭔지 궁금해요,위키
웃찾사 뭘까요,위키
정전기 뭘까요,위키
온돌 뭘까요,위키
치킨 뭔지 알아요,위키
나초 뭘까요,위키
커피 뭐죠,위키
환타 뭘까요,위키
도깨비에 대해서 알려줘요,위키
너 호롱불에 대해서 알고 있죠,위키
중국 뭔지 알아요,위키
디지몬 뭘까요,위키
파이리 뭘까요,위키
풍차 뭘까요,위키
숭어 뭘까요,위키
가수는 뭐에요,위키
대통렬 뭐에요,위키
우유 뭘까,위키
인형 뭘까요,위키
휴지 뭘까,위키
양말 뭘까요,위키
마우스 알려줘요,위키
연애인 알려주라,위키
볼펜 알려주라,위키
샤프 어디에 쓰는거야,위키
훨씬이 뭐,위키
면은 뭐에요,위키
통일이 뭔지 알려주라,위키
건강 뭔지 알려주라,위키
건물 뭔지 알려주라,위키
시설 뭔지 알려주라,위키
외국 뭔지 알려주라,위키
밑 뭔지 알려주라,위키
어른 뭔지 알려주라,위키
주변 뭔지 알려주라,위키
대신 뭔지 알려주라,위키
원인 뭔지 알려주라,위키
팔다 뭔지 알려주라,위키
차례 뭔지 알려주라,위키
군 뭔지 알려주라,위키
재산 뭔지 알려주라,위키
팀 뭔지 알려주라,위키
부모 뭔지 알려주라,위키
약간 뭔지 알려주라,위키
언어 뭔지 알려주라,위키
감독 뭔지 알려주라,위키
사실 뭔지 알려주라,위키
자주 뭔지 알려주라,위키
기간 뭔지 알려주라,위키
담배 뭔지 알려주라,위키
할아버지 뭔지 알려주라,위키
조직 뭔지 알려주라,위키
공장 뭔지 알려주라,위키
벌써 뭔지 알려주라,위키
지 뭔지 알려주라,위키
환자 뭔지 알려주라,위키
사고 뭔지 알려주라,위키
쌀 뭔지 알려주라,위키
일반 뭔지 알려주라,위키
대화 뭔지 알려주라,위키
막다 뭔지 알려주라,위키
올해 뭔지 알려주라,위키
형 뭔지 알려주라,위키
인물 뭔지 알려주라,위키
모두 뭔지 알려주라,위키
전국 뭔지 알려주라,위키
도움 뭔지 알려주라,위키
가정 뭔지 알려주라,위키
버스 뭔지 알려주라,위키
농업 뭔지 알려주라,위키
식 뭔지 알려주라,위키
의견 뭔지 알려주라,위키
무대 뭔지 알려주라,위키
사진 뭔지 알려주라,위키
주장 뭔지 알려주라,위키
경기 뭔지 알려주라,위키
목적 뭔지 알려주라,위키
태도 뭔지 알려주라,위키
남성 뭔지 알려주라,위키
주위 뭔지 알려주라,위키
대책 뭔지 알려주라,위키
다리 뭔지 알려주라,위키
재료 뭔지 알려주라,위키
각각 뭔지 알려주라,위키
결코 뭔지 알려주라,위키
자유 뭔지 알려주라,위키
책임 뭔지 알려주라,위키
경쟁 뭔지 알려주라,위키
달러 뭔지 알려주라,위키
여름 뭔지 알려주라,위키
회 뭔지 알려주라,위키
구체적 뭔지 알려주라,위키
기회 뭔지 알려주라,위키
지구 뭔지 알려주라,위키
번째 뭔지 알려주라,위키
소비자 뭔지 알려주라,위키
싫다 뭔지 알려주라,위키
규모 뭔지 알려주라,위키
기준 뭔지 알려주라,위키
말 뭔지 알려주라,위키
반드시 뭔지 알려주라,위키
에픽하이 우산 들려줘,음악
윤하 우산 들려줘,음악
윤하의 우산 들려주라,음악
우산 노래 들려줘,음악
에픽하이의 우산 들려줘,음악
레인보우 노래 들려줘,음악
조현영 노래 들려줘,음악
가인 노래 들려줘,음악
브라운 아이드걸스,음악
달샤벳 노래 들려줘,음악
디지몬 주제가 들려줘,음악
뽀로로 주제가 들려줘,음악
포켓몬 주제가 들려줘,음악
도끼 노래 들려줘,음악
김효은 노래 들려줘,음악
매드 클라운 노래 들려줘,음악
어반자카파 노래 들려줘,음악
어반 자카파 노래 들려주라,음악
서태지의 로보트 들려주라,음악
좋은 노래 추천좀 해줘,음악
걸스데이 노래 추천해줘,음악
씨잼 비와이 추천해주라,음악
비와이 노래 들려주겠니,음악
베이식 노래 들려줘,음악
슈퍼비 면도 언 에듀케이트 노래 들려줘,음악
루피 나플라 콜라보 추천해줘,음악
나플라 wu 듣고싶어,음악
아이오아이 노래 추천해줘,음악
뽀로로 노래 들려줄래,음악
그 투에니원 노래 들려줄수 있니,음악
지아 음악 들을래,음악
노을 mp3 추천해주라,음악
허각 목소리 좋던데 들려줘,음악
윤도현의 길 틀어줘,음악
넬 노래 틀어줘,음악
아이비 노래 들으려고,음악
다시 만난 세계 노래 틀어주라,음악
나 신나는 노래 듣고싶어,음악
나 우울한데 슬픈 노래 추천해줘,음악
기쁜 노래 들려줄 수 있니,음악
애드시어런의 쉐이프오브미 추천해줘,음악
혁오 밴드 노래 듣고 싶어요,음악
노래 들려줘,음악
감성 힙합 추천해주라,음악
가슴 아픈 발라드 들려줘,음악
잭스키스 아프지 마요 들을래,음악
요즘 가요 추천해줘,음악
신나는 EDM 음악 들려줘,음악
장범준 노래 들을래,음악
그 영화 기억 안나는데 ost 추천해줘,음악
이름은 모르겠는데 마룬 파이브 노래 들려줘,음악
트둥이 노래 들려주겠니,음악
다비치 들려줘,음악
원더걸스 추억의 노래 추천해줘,음악
미스 에이 수지 노래 들려주라,음악
포미닛 노래 들려줘,음악
빅뱅 뱅뱅뱅 노래 틀어줘,음악
그레이 노래 들려줘,음악
고등래퍼 히트곡 틀어 주라,음악
노래 하기나 해 들려줘,음악
크러쉬 노래가 추천해줘,음악
블루스 음악 들을래,음악
재즈 음악 추천해줘,음악
증인 ost 들려주라,음악
이 노래가 클럽에서 나온다면 우디 추천해줘,음악
윤종신 좋니 노래 슬프더라,음악
노래 추천 해줄래,음악
음악 들려줄래,음악
노래 재생해줘,음악
노래 틀어줘,음악
신나는 음악 하나만 재생해줄래,음악
가요 틀어주라,음악
오아시스 노래 듣고 싶네,음악
김범수 노래 틀어 줬으면 좋겠네,음악
샤이니 음악 추천해줘,음악
스윙스 노래 들을래,음악
빅스 노래 틀어줘,음악
청하 음악 들을래,음악
winner의 노래가 듣고 싶어져,음악
현아의 베베 듣고 싶어요,음악
수란의 오늘 취하면 듣고 싶네,음악
지코 음악 들려줘,음악
더콰이엇 플로우 좋던데 노래 추천해줘,음악
보아 노래 들을래,음악
Boa 음악 들려줘,음악
이 bgm 뭐니 들려줘,음악
엑소 오빠들 노래 들을래,음악
정준영 노래 추천해줘,음악
비투비 노래 좋던데,음악
동방신기 주문 미로틱 들려줘,음악
오마이걸 노래 들을래,음악
행주 보이비 노래 들려줘,음악
이센스 애넥도트 들을래,음악
구수한 트로트 틀어줄래,음악
알앤비 소울 들려줘,음악
첸의 make it count 들을래,음악
비투비 오빠들 노래 들을래,음악
멜론 차트 틀어줄래,음악
숀 way back home 들려줘,음악
ariana grande 음악 추천해주라,음악
버벌진트 노래 좋던데 들려줘,음악
aoa 노래 좋더라,음악
소녀시대 노래가 그렇게 좋더라,음악
believer 음악 재생 해주라,음악
방탄 재생해줘,음악
방탄 소년단 노래 재생해줘,음악
방탄 오빠들 음악 들려주라,음악
에픽하이의 우산 들려줘,음악
에픽하이 우산 들려줘,음악
윤하 우산 들려줘,음악
윤하의 우산 들려주라,음악
우산 노래 들려줘,음악
에픽하이의 우산 들려줘,음악
에픽하이 우산 들려줘,음악
윤하 우산 들려줘,음악
윤하의 우산 들려주라,음악
우산 노래 들려줘,음악
에픽하이의 우산 들려줘,음악
에픽하이 우산 들려줘,음악
윤하 우산 들려줘,음악
윤하의 우산 들려주라,음악
우산 노래 들려줘,음악
에픽하이의 우산 들려줘,음악
에픽하이 우산 들려줘,음악
윤하 우산 들려줘,음악
윤하의 우산 들려주라,음악
우산 노래 들려줘,음악
에픽하이의 우산 들려줘,음악
레인보우 노래 들려줘,음악
조현영 노래 들려줘,음악
가인 노래 들려줘,음악
브라운 아이드걸스,음악
에픽하이 우산 들려줘,음악
윤하 우산 들려줘,음악
달샤벳 노래 들려줘,음악
윤하의 우산 들려주라,음악
디지몬 주제가 들려줘,음악
뽀로로 주제가 들려줘,음악
포켓몬 주제가 들려줘,음악
디지몬 주제가 들려줘,음악
뽀로로 주제가 들려줘,음악
도끼 노래 들려줘,음악
김효은 노래 들려줘,음악
매드 클라운 노래 들려줘,음악
포켓몬 주제가 들려줘,음악
우산 노래 들려줘,음악
어반자카파 노래 들려줘,음악
어반 자카파 노래 들려주라,음악
서태지의 로보트 들려주라,음악
좋은 노래 추천좀 해줘,음악
걸스데이 노래 들려줘,음악
씨잼 비와이 들려줘,음악
비와이 노래 들려주겠니,음악
베이식 노래 들려줘,음악
슈퍼비 면도 언 에듀케이트 노래 들려줘,음악
루피 나플라 콜라보 들려줘,음악
나플라 wu 듣고싶어,음악
아이오아이 노래 들려줘,음악
뽀로로 노래 들려줄래,음악
그 투에니원 노래 들려줄수 있니,음악
지아 음악 들을래,음악
노을 mp3 들려줘,음악
허각 목소리 좋던데 들려줘,음악
윤도현의 길 틀어줘,음악
넬 노래 틀어줘,음악
알리 노래 틀어줘,음악
손승연 노래가 좋더라,음악
아이비 노래 들으려고,음악
다시 만난 세계 노래 틀어주라,음악
나 신나는 노래 듣고싶어,음악
나 우울한데 슬픈 노래 들려줘,음악
기쁜 노래 들려줄 수 있니,음악
애드시어런의 쉐이프오브미 들려줘,음악
혁오 밴드 노래 듣고 싶어요,음악
노래 들려줘,음악
감성 힙합 들려주라,음악
가슴 아픈 발라드 들려줘,음악
잭스키스 아프지 마요 들을래,음악
요즘 가요 들려줘,음악
신나는 EDM 음악 들려줘,음악
신나는 emd 틀어줘,음악
성시경 목소리 감미롭던데 노래 틀어줘,음악
버스커 버스커 노래가 좋더라,음악
장범준 노래 들을래,음악
그 영화 기억 안나는데 ost 들려줘,음악
이름은 모르겠는데 마룬 파이브 노래 들려줘,음악
트둥이 노래 들려주겠니,음악
다비치 들려줘,음악
원더걸스 추억의 노래 들려줘,음악
미스 에이 수지 노래 들려주라,음악
포미닛 노래 들려줘,음악
빅뱅 뱅뱅뱅 노래 틀어줘,음악
효린 들려줘,음악
하하 노래 들려줘,음악
그레이 노래 들려줘,음악
고등래퍼 히트곡 틀어 주라,음악
노래 하기나 해 들려줘,음악
크러쉬 노래가 추천해줘,음악
블루스 음악 들을래,음악
재즈 음악 추천해줘,음악
힙합 들을래,음악
빡센 힙합 틀어줘,음악
외힙 듣고 싶어 들려줘,음악
노을 살기 위해서 들려주라,음악
베토벤 클래식 들을래,음악
미국 팝송 들을래,음악
브리티쉬 밴드 음악 들을려고,음악
인기 영화 ost 틀어줘,음악
가슴 아플때 들을만한 노래 들려줘,음악
힘들때 듣기 좋은 음악 추천 좀,음악
아이콘 사랑을 했다 듣고싶네,음악
닐로 지나오다 들을래,음악
멜로망스 목소리 좋던데 노래 추천 해줘,음악
별이 빛나는 밤 노래 들을래,음악
에픽하이의 우산 들려줘,음악
에픽하이 우산 들려줘,음악
윤하 우산 들려줘,음악
윤하의 우산 들려주라,음악
우산 노래 들려줘,음악
목소리 노래 들려줘,음악
증인 ost 들려주라,음악
이 노래가 클럽에서 나온다면 우디 들려줘,음악
윤종신 좋니 노래 슬프더라,음악
빈첸 고등래퍼 노래 들을래,음악
하선호 고등래퍼 들려줘,음악
김하온 노래 들려줘,음악
영비 노래 들려줘,음악
허클베리피 힙합 가사 들려줘,음악
김하온 붕붕 들려줘,음악
바코드 들려주라,음악
신나는 음악을 듣고 싶어요,음악
오늘은 기분 좋은 음악이 듣고 싶네,음악
노래 추천 해줄래,음악
노래 들려줘,음악
슬픈 노래 들려줘,음악
신나는 노래 추천 해주세요,음악
음악 들려줄래,음악
이은미 녹턴 틀어줘,음악
동요 들려줄래,음악
즐거운 음악 틀어줘,음악
신나는 음악 들려줄래,음악
노래 틀어줘,음악
노래 재생해줘,음악
노래 들려줘,음악
노래 틀어줘,음악
노래 재생해줘,음악
노래 들려줘,음악
노래 틀어줘,음악
노래 재생해줘,음악
노래 들려줘,음악
재밌는 노래 들려줄수있니,음악
요즘 인기가요 들려줘,음악
가요 틀어주라,음악
즐거운 음악 들려줘,음악
기쁜 음악 들려줘,음악
슬픈 음악 들려줘,음악
우울한 음악 들려줘,음악
행복한 음악 들려줘,음악
잔잔한 뉴에이지 음악 듣고싶네,음악
시원한 음악 들려줘,음악
상쾌한 음악 들려줘,음악
희망적인 음악 들려줘,음악
비극적인 음악 들려줘,음악
뜨거운 음악 들려줘,음악
즐거운 노래 들려줘,음악
기쁜 노래 들려줘,음악
슬픈 노래 들려줘,음악
즐거운 노래 들려줄래,음악
기쁜 노래 들려줄래,음악
슬픈 노래 들려줄래,음악
우울한 노래 들려줄래,음악
행복한 노래 들려줄래,음악
희망적인 노래 들려줄래,음악
비극적인 노래 들려줄래,음악
뜨거운 노래 들려줄래,음악
기억을 걷는 시간 틀어 줄래,음악
에이핑크 노래 들려주겠니,음악
에이핑크 들려줘,음악
에픽하이 노래 틀어 주세요,음악
오아시스 노래 듣고 싶네,음악
서태지 노래 듣고 싶은데,음악
소나무 노래 들려 주겠니,음악
김범수 노래 틀어 줬으면 좋겠네,음악
이수 노래 들려줬으면 좋겠어,음악
빅뱅 좋다 들려 주라,음악
아이돌 그룹 노래 듣고 싶은데,음악
샤이니 음악 들려줘,음악
아이돌 그룹 음악 틀어줘,음악
그루비룸이 프로듀스한 노래 들려줘,음악
코드 쿤스트 노래 들려줘,음악
자이언티 노래 듣고싶네,음악
양화대교 틀어주라,음악
아이돌 음악 듣고 싶네,음악
베베미뇽 노래 듣고 싶어요,음악
청하 음악 들을래,음악
winner의 노래가 듣고 싶어져,음악
현아의 베베 듣고 싶어요,음악
수란의 오늘 취하면 듣고 싶네,음악
지코 음악 들려줘,음악
랩 음악 들을래,음악
랩 듣고 싶어,음악
최신 가요 듣고싶은데,음악
최신 가요 노래 들려주라,음악
10cm 노래 듣고 싶네,음악
세븐틴 음악 틀어주라,음악
비투비 노래 좋던데,음악
동방신기 주문 미로틱 들려줘,음악
오마이걸 노래 들을래,음악
행주 보이비 노래 들려줘,음악
오왼 노래 들을래 노래요,음악
리쌍 음악 슬프더라 들려줘요,음악
창모 노래 들려줘요,음악
창모 아름다워 듣고 싶네요,음악
라붐 노래 들려주세요,음악
노엘 영비 한요한 헬리콥터 들려줘요,음악
릴보이 노래 들려줘요,음악
기리보이 노래 들려줘요,음악
홍진영 노래 들을래요,음악
홍진영 트로트 들려줘요,음악
구수한 트로트 틀어줄래요,음악
알앤비 소울 들려줘요,음악
첸의 make it count 들을래요,음악
먼데이 키즈 가울안부 들려줘요,음악
백예린 신곡 들을래요,음악
장범준 3집 나왔던데 노래 틀어줘요,음악
엔플라잉 옥탑방 노래 틀어줘요,음악
재키와이 노래 들을래요,음악
한요한 오션검 들을래요,음악
최하민 오션 웨이브 들려줘요,음악
멜론 차트 틀어줄래요,음악
숀 way back home 들려줘요,음악
ariana grande 음악 들려줘요,음악
송민호 아낙네 들을래요,음악
고백 양다일 들어줄래요,음악
벤의 연애중 들을래요,음악
선미 누아르 들려줘요,음악
우원재 호불호 기리보이 들려줘요,음악
우원재 시차 들을래요,음악
뽀로로 주제가 들을래요,음악
exid 노래 들을래요,음악
러블리즈 노래 들을래요,음악
여자친구 걸그룹 노래 들려줘요,음악
태양의 후예 ost 들려 줄래요,음악
2ne1 노래 듣고 싶어져요,음악
모모랜드 노래 들을래요,음악
aoa 노래 좋더세요,음악
애프터스쿨 노래 알아요,음악
우주소녀 노래 들려줘요,음악
아스트로 오빠들 노래 틀어주세요요,음악
스나이퍼 노래 들을래요,음악
로꼬 노래 좋더세요,음악
비스트 노래가 좋던데요,음악
노라조 형 들려줄래요,음악
한동근 이 소설의 끝을 다시 써보려해 들을래요,음악
박진영의 허니 들을래요,음악
트와이스 이쁘다 들려줘요,음악
방탄소년단 멋있어 노래 들을래요,음악
방탄 소년단 노래 재생해줘요,음악
방탄 오빠들 음악 들려주세요,음악
요즘 이슈 알려줘,이슈
요즘 사회적인 이슈 알려줘,이슈
최근 이슈 알려줘,이슈
정치적 요즘 이슈 최근 알려줘,이슈
요즘 이슈 알려줘,이슈
요즘 사회적인 이슈 알려줘,이슈
최근 이슈 알려줘,이슈
요즘 무슨일이 있었니,이슈
요슴 있던일 알려줘,이슈
최근 있던일 최근 알려줘,이슈
요즘 핫한게 뭐니,이슈
최근 핫했던것 알려줘,이슈
요즘 최신의 이슈가 최근 뭐니,이슈
요즘 핫했던 이슈 알려줘,이슈
요즘 최근 뜨는 일 알려줘,이슈
핫했던 거 알려줄래,이슈
요즘 주요 이슈 알려줘,이슈
이슈 어떤 게 최근 있어,이슈
요즘 가장 화제가 됐던 거 알려줘,이슈
화제의 이슈 알려줘,이슈
화제의 사건 뭐 최근 있니,이슈
요즘 화제의 사건 알려줘,이슈
이슈 알려주라,이슈
요즘 가장 유행하는게 뭐니,이슈
최근 가장 유행하는게 뭐니,이슈
요즘 뜨는게 뭐니,이슈
요즘 가장 뜨는게 뭐니,이슈
요즘 무슨일이 있었니,이슈
요슴 있던일 알려줘,이슈
있던일 알려줘 요즘,이슈
요즘 핫한게 최근 뭐니,이슈
최근 핫했던것 알려줘,이슈
요즘 최신의 이슈가 뭐니,이슈
요즘 핫했던 이슈 알려줘,이슈
요즘 뜨는 일 알려줘,이슈
핫했던 거 알려줄래,이슈
요즘 주요 이슈 알려줘,이슈
이슈 어떤 게 있어,이슈
요즘 가장 화제가 됐던 거 알려줘,이슈
화제의 이슈 알려줘,이슈
화제의 사건 뭐 있니,이슈
요즘 화제의 사건 알려줘,이슈
이슈 알려주라,이슈
요즘 가장 유행하는게 뭐니,이슈
최근 가장 유행하는게 뭐니,이슈
요즘 뜨는게 뭐니,이슈
요즘 가장 뜨는게 뭐니,이슈
요즘 이슈 알려줘요,이슈
요즘 사회적인 이슈 알려줘요,이슈
최근 이슈 알려줘요,이슈
정치적 이슈 알려줘요 요즘,이슈
이슈 알려줘요 요즘,이슈
요즘 사회적인 이슈 알려줘요,이슈
최근 이슈 알려줘요,이슈
요즘 무슨일이 있었나요,이슈
요슴 있던일 알려줘요,이슈
최근 있던일 알려줘요,이슈
요즘 핫한게 뭐 있나요,이슈
최근 핫했던것 알려줘요,이슈
요즘 최신의 이슈가 뭐 있나요,이슈
요즘 핫했던 이슈 알려줘요,이슈
요즘 뜨는 일 알려줘요,이슈
핫했던 거 알려줄래요,이슈
주요 이슈 알려줘요 요즘날,이슈
이슈 어떤 게 있어요,이슈
요즘 가장 화제가 됐던 거 알려줘요,이슈
화제의 이슈 알려줘요,이슈
화제의 사건 뭐 있나요,이슈
요즘 화제의 사건 알려줘요,이슈
이슈 알려주라요,이슈
요즘 가장 유행하는게 뭐 있나요,이슈
최근 가장 유행하는게 뭐 있나요,이슈
요즘 뜨는게 뭐 있나요,이슈
요즘 가장 뜨는게 뭐 있나요,이슈
요즘 무슨일이 있었나요,이슈
요슴 있던일 알려줘요,이슈
최근 있던일 요즘 알려줘요,이슈
요즘 핫한게 뭐 있나요,이슈
최근 핫했던것 알려줘요,이슈
최신의 요즘 이슈가 뭐 있나요,이슈
요즘 핫했던 이슈 알려줘요,이슈
뜨는 일 알려줘요 요즘,이슈
핫했던 거 알려줄래요,이슈
요즘 주요 이슈 알려줘요,이슈
이슈 어떤 게 있어요,이슈
요즘 가장 화제가 됐던 거 알려줘요,이슈
화제의 이슈 알려줘요,이슈
화제의 사건 뭐 있나요,이슈
요즘 화제의 사건 알려줘요,이슈
이슈 알려주라요,이슈
요즘 가장 유행하는게 뭐 있나요,이슈
최근 가장 유행하는게 뭐 있나요,이슈
요즘 뜨는게 뭐 있나요,이슈
요즘 가장 뜨는게 뭐 있나요,이슈
이슈 알려줘 요즘,이슈
요즘 사회적인 이슈 알려줘,이슈
최근 이슈 알려줘,이슈
정치적 이슈 알려줘,이슈
요즘 이슈 알려줘,이슈
요즘 사회적인 이슈 알려줘,이슈
최근 이슈 알려줘,이슈
요즘 무슨일이 있었니,이슈
요슴 있던일 알려줘,이슈
최근 있던일 알려줘,이슈
요즘 핫한게 뭐니,이슈
최근 핫했던것 요즘 알려줘,이슈
요즘 최신의 이슈가 뭐니,이슈
핫했던 요즘 이슈 알려줘,이슈
요즘 뜨는 일 알려줘,이슈
핫했던 거 알려줄래,이슈
요즘 주요 이슈 알려줘,이슈
이슈 어떤 게 있어,이슈
요즘 가장 화제가 됐던 거 알려줘,이슈
화제의 이슈 알려줘,이슈
화제의 사건 뭐 있니,이슈
요즘 화제의 사건 알려줘,이슈
이슈 알려주라,이슈
요즘 가장 유행하는게 뭐니,이슈
최근 가장 유행하는게 뭐니,이슈
뜨는게 요즘 뭐니,이슈
요즘 가장 뜨는게 뭐니,이슈
요즘 무슨일이 있었니,이슈
요슴 있던일 알려줘,이슈
최근 있던일 알려줘,이슈
요즘 핫한게 뭐니,이슈
최근 핫했던것 알려줘,이슈
요즘 최신의 이슈가 뭐니,이슈
핫했던 이슈 알려줘 요즘,이슈
요즘 뜨는 일 요즘 알려줘,이슈
핫했던 거 알려줄래,이슈
요즘 주요 이슈 알려줘,이슈
이슈 어떤 게 있어,이슈
요즘 가장 화제가 됐던 거 알려줘,이슈
화제의 이슈 알려줘,이슈
화제의 사건 뭐 있니,이슈
요즘 화제의 사건 알려줘,이슈
이슈 알려주라,이슈
요즘 가장 유행하는게 뭐니,이슈
최근 가장 유행하는게 뭐니,이슈
뜨는게 뭐니 요즘,이슈
가장 뜨는게 뭐니,이슈
요즘 이슈 알려줘요,이슈
사회적인 이슈 알려줘요 요즘,이슈
최근 이슈 알려줘요,이슈
정치적 이슈 알려줘요,이슈
요즘 이슈 알려줘요,이슈
사회적인 요즘 이슈 알려줘요,이슈
최근 이슈 알려줘요,이슈
요즘 무슨일이 있었나요,이슈
요슴 있던일 알려줘요,이슈
최근 있던일 알려줘요,이슈
요즘 핫한게 뭐 있나요,이슈
최근 핫했던것 알려줘요,이슈
요즘 최신의 이슈가 뭐 있나요,이슈
요즘 핫했던 이슈 알려줘요,이슈
요즘 뜨는 일 알려줘요,이슈
핫했던 거 알려줄래요,이슈
요즘 주요 이슈 알려줘요,이슈
이슈 어떤 게 있어요,이슈
요즘 가장 화제가 됐던 거 알려줘요,이슈
화제의 이슈 알려줘요,이슈
화제의 사건 뭐 있나요,이슈
요즘 화제의 사건 알려줘요,이슈
이슈 알려주라요,이슈
요즘 가장 유행하는게 뭐 있나요,이슈
최근 가장 유행하는게 뭐 있나요,이슈
요즘 뜨는게 뭐 있나요,이슈
요즘 가장 뜨는게 뭐 있나요,이슈
무슨일이 있었나요 요즘,이슈
있던일 요즘 알려줘요,이슈
최근 있던일 알려줘요,이슈
요즘 핫한게 뭐 있나요,이슈
최근 핫했던것 알려줘요,이슈
요즘 최신의 이슈가 뭐 있나요,이슈
요즘 핫했던 이슈 알려줘요,이슈
요즘 뜨는 일 알려줘요,이슈
핫했던 거 알려줄래요,이슈
요즘 주요 이슈 알려줘요,이슈
이슈 어떤 게 있어요,이슈
요즘 가장 화제가 됐던 거 알려줘요,이슈
화제의 이슈 알려줘요,이슈
화제의 사건 뭐 있나요,이슈
요즘 화제의 사건 알려줘요,이슈
이슈 알려주라요,이슈
요즘 가장 유행하는게 뭐 있나요,이슈
최근 가장 유행하는게 뭐 있나요,이슈
요즘 뜨는게 뭐 있나요,이슈
요즘 가장 뜨는게 뭐 있나요,이슈
지금 이슈 알려줘,이슈
지금 사회적인 이슈 알려줘,이슈
지금 이슈 알려줘,이슈
정치적 지금 이슈 지금 알려줘,이슈
지금 이슈 알려줘,이슈
지금 사회적인 이슈 알려줘,이슈
지금 이슈 알려줘,이슈
지금 무슨일이 있었니,이슈
요슴 있던일 알려줘,이슈
지금 있던일 지금 알려줘,이슈
지금 핫한게 뭐니,이슈
지금 핫했던것 알려줘,이슈
지금 최신의 이슈가 지금 뭐니,이슈
지금 핫했던 이슈 알려줘,이슈
지금 지금 뜨는 일 알려줘,이슈
핫했던 거 알려줄래,이슈
지금 주요 이슈 알려줘,이슈
이슈 어떤 게 지금 있어,이슈
지금 가장 화제가 됐던 거 알려줘,이슈
화제의 이슈 알려줘,이슈
화제의 사건 뭐 지금 있니,이슈
지금 화제의 사건 알려줘,이슈
이슈 알려주라,이슈
지금 가장 유행하는게 뭐니,이슈
지금 가장 유행하는게 뭐니,이슈
지금 뜨는게 뭐니,이슈
지금 가장 뜨는게 뭐니,이슈
지금 무슨일이 있었니,이슈
요슴 있던일 알려줘,이슈
있던일 알려줘 지금,이슈
지금 핫한게 지금 뭐니,이슈
지금 핫했던것 알려줘,이슈
지금 최신의 이슈가 뭐니,이슈
지금 핫했던 이슈 알려줘,이슈
지금 뜨는 일 알려줘,이슈
핫했던 거 알려줄래,이슈
지금 주요 이슈 알려줘,이슈
이슈 어떤 게 있어,이슈
지금 가장 화제가 됐던 거 알려줘,이슈
화제의 이슈 알려줘,이슈
화제의 사건 뭐 있니,이슈
지금 화제의 사건 알려줘,이슈
이슈 알려주라,이슈
지금 가장 유행하는게 뭐니,이슈
지금 가장 유행하는게 뭐니,이슈
지금 뜨는게 뭐니,이슈
지금 가장 뜨는게 뭐니,이슈
지금 이슈 알려줘요,이슈
지금 사회적인 이슈 알려줘요,이슈
지금 이슈 알려줘요,이슈
정치적 이슈 알려줘요 지금,이슈
이슈 알려줘요 지금,이슈
지금 사회적인 이슈 알려줘요,이슈
지금 이슈 알려줘요,이슈
지금 무슨일이 있었나요,이슈
요슴 있던일 알려줘요,이슈
지금 있던일 알려줘요,이슈
지금 핫한게 뭐 있나요,이슈
지금 핫했던것 알려줘요,이슈
지금 최신의 이슈가 뭐 있나요,이슈
지금 핫했던 이슈 알려줘요,이슈
지금 뜨는 일 알려줘요,이슈
핫했던 거 알려줄래요,이슈
주요 이슈 알려줘요 지금날,이슈
이슈 어떤 게 있어요,이슈
지금 가장 화제가 됐던 거 알려줘요,이슈
화제의 이슈 알려줘요,이슈
화제의 사건 뭐 있나요,이슈
지금 화제의 사건 알려줘요,이슈
이슈 알려주라요,이슈
지금 가장 유행하는게 뭐 있나요,이슈
지금 가장 유행하는게 뭐 있나요,이슈
지금 뜨는게 뭐 있나요,이슈
지금 가장 뜨는게 뭐 있나요,이슈
지금 무슨일이 있었나요,이슈
요슴 있던일 알려줘요,이슈
지금 있던일 지금 알려줘요,이슈
지금 핫한게 뭐 있나요,이슈
지금 핫했던것 알려줘요,이슈
최신의 지금 이슈가 뭐 있나요,이슈
지금 핫했던 이슈 알려줘요,이슈
뜨는 일 알려줘요 지금,이슈
핫했던 거 알려줄래요,이슈
지금 주요 이슈 알려줘요,이슈
이슈 어떤 게 있어요,이슈
지금 가장 화제가 됐던 거 알려줘요,이슈
화제의 이슈 알려줘요,이슈
화제의 사건 뭐 있나요,이슈
지금 화제의 사건 알려줘요,이슈
이슈 알려주라요,이슈
지금 가장 유행하는게 뭐 있나요,이슈
지금 가장 유행하는게 뭐 있나요,이슈
지금 뜨는게 뭐 있나요,이슈
지금 가장 뜨는게 뭐 있나요,이슈
이슈 알려줘 지금,이슈
지금 사회적인 이슈 알려줘,이슈
지금 이슈 알려줘,이슈
정치적 이슈 알려줘,이슈
지금 이슈 알려줘,이슈
지금 사회적인 이슈 알려줘,이슈
지금 이슈 알려줘,이슈
지금 무슨일이 있었니,이슈
요슴 있던일 알려줘,이슈
지금 있던일 알려줘,이슈
지금 핫한게 뭐니,이슈
지금 핫했던것 지금 알려줘,이슈
지금 최신의 이슈가 뭐니,이슈
핫했던 지금 이슈 알려줘,이슈
지금 뜨는 일 알려줘,이슈
핫했던 거 알려줄래,이슈
지금 주요 이슈 알려줘,이슈
이슈 어떤 게 있어,이슈
지금 가장 화제가 됐던 거 알려줘,이슈
화제의 이슈 알려줘,이슈
화제의 사건 뭐 있니,이슈
지금 화제의 사건 알려줘,이슈
이슈 알려주라,이슈
지금 가장 유행하는게 뭐니,이슈
지금 가장 유행하는게 뭐니,이슈
뜨는게 지금 뭐니,이슈
지금 가장 뜨는게 뭐니,이슈
지금 무슨일이 있었니,이슈
요슴 있던일 알려줘,이슈
지금 있던일 알려줘,이슈
지금 핫한게 뭐니,이슈
지금 핫했던것 알려줘,이슈
지금 최신의 이슈가 뭐니,이슈
핫했던 이슈 알려줘 지금,이슈
지금 뜨는 일 지금 알려줘,이슈
핫했던 거 알려줄래,이슈
지금 주요 이슈 알려줘,이슈
이슈 어떤 게 있어,이슈
지금 가장 화제가 됐던 거 알려줘,이슈
화제의 이슈 알려줘,이슈
화제의 사건 뭐 있니,이슈
지금 화제의 사건 알려줘,이슈
이슈 알려주라,이슈
지금 가장 유행하는게 뭐니,이슈
지금 가장 유행하는게 뭐니,이슈
뜨는게 뭐니 지금,이슈
가장 뜨는게 뭐니,이슈
지금 이슈 알려줘요,이슈
사회적인 이슈 알려줘요 지금,이슈
지금 이슈 알려줘요,이슈
정치적 이슈 알려줘요,이슈
지금 이슈 알려줘요,이슈
사회적인 지금 이슈 알려줘요,이슈
지금 이슈 알려줘요,이슈
지금 무슨일이 있었나요,이슈
요슴 있던일 알려줘요,이슈
지금 있던일 알려줘요,이슈
지금 핫한게 뭐 있나요,이슈
지금 핫했던것 알려줘요,이슈
지금 최신의 이슈가 뭐 있나요,이슈
지금 핫했던 이슈 알려줘요,이슈
지금 뜨는 일 알려줘요,이슈
핫했던 거 알려줄래요,이슈
지금 주요 이슈 알려줘요,이슈
이슈 어떤 게 있어요,이슈
지금 가장 화제가 됐던 거 알려줘요,이슈
화제의 이슈 알려줘요,이슈
화제의 사건 뭐 있나요,이슈
지금 화제의 사건 알려줘요,이슈
이슈 알려주라요,이슈
지금 가장 유행하는게 뭐 있나요,이슈
지금 가장 유행하는게 뭐 있나요,이슈
지금 뜨는게 뭐 있나요,이슈
지금 가장 뜨는게 뭐 있나요,이슈
무슨일이 있었나요 지금,이슈
있던일 지금 알려줘요,이슈
지금 있던일 알려줘요,이슈
지금 핫한게 뭐 있나요,이슈
지금 핫했던것 알려줘요,이슈
지금 최신의 이슈가 뭐 있나요,이슈
지금 핫했던 이슈 알려줘요,이슈
지금 뜨는 일 알려줘요,이슈
핫했던 거 알려줄래요,이슈
지금 주요 이슈 알려줘요,이슈
이슈 어떤 게 있어요,이슈
지금 가장 화제가 됐던 거 알려줘요,이슈
화제의 이슈 알려줘요,이슈
화제의 사건 뭐 있나요,이슈
지금 화제의 사건 알려줘요,이슈
이슈 알려주라요,이슈
지금 가장 유행하는게 뭐 있나요,이슈
지금 가장 유행하는게 뭐 있나요,이슈
지금 뜨는게 뭐 있나요,이슈
지금 가장 뜨는게 뭐 있나요,이슈
권지용 누구니,인물
누구니 박미선,인물
누구라고 그 게,인물
누굴까 김지원,인물
윤시운 누구,인물
백강규 누구,인물
누구 김동주,인물
김량규 누군데,인물
박근혜 누구,인물
에이핑크 누군지 궁금해,인물
걸스데이 누군지 궁금해,인물
이병철 누군지 궁금해,인물
안데르손 누구,인물
이영실 누구,인물
최순실 누구라고,인물
이건희 누군지 궁금해,인물
시라소니 누군지 알아,인물
누구 소크라테스,인물
김상현 누군데,인물
오나연 누구니,인물
박미래 누군지 알고있니,인물
밥말리 누구지,인물
전봉신 누구니,인물
누구니 김수경,인물
김지현 누군지 궁금해,인물
김순태 누군지 궁금해,인물
김민지 누군데,인물
헤이즈 누구,인물
수란 누구,인물
이소영 누군지 궁금해,인물
심슨 누구,인물
미국 대통령 누구,인물
유재석 누굴까,인물
누굴까 용준형,인물
이미자 누굴까,인물
유병재 누굴까,인물
비와이 누굴까,인물
해시스완 누군데,인물
누구냐 주정용,인물
누구라고 정현명,인물
정기고 누구냐,인물
박도현 누구냐,인물
넉살 누구냐,인물
베이즈 누구냐,인물
정몽주 누군지 궁금해,인물
정준영 누군지 알아,인물
인절미 누군지 궁금해,인물
제라드 누군지 궁금해,인물
루피 누구라고 알아,인물
김요셉 누구,인물
한국 대통령 누구죠,인물
UN 사무총장 누구죠,인물
누구죠 이정철,인물
신승범 누구죠,인물
미국 대통령 누구라고,인물
감스트 누구,인물
유재석 누구,인물
정준영 누구,인물
고아라 누구,인물
유병재 누구,인물
로버트할리 누구,인물
해시스완 누구,인물
행주 누구,인물
최민성 누구,인물
이센스 누구,인물
누구 에미넴,인물
한석희 누구,인물
베이즈 누구,인물
정몽주 누군지 궁금해,인물
정준영 누군지 알아,인물
우종하 누군지 궁금해,인물
소크라테스 누구,인물
최태훈 누구니,인물
박미래 누군지 알고있니,인물
소지섭 누구지,인물
박미선 누구,인물
이준희 누구니,인물
김수성 누구니,인물
누구 이지현,인물
백인덕 누구,인물
미국 대통령 누구,인물
한국 대통령 누구,인물
UN 사무총장 누구,인물
제라드 누군지 궁금해,인물
우솝 누군지 알아,인물
강유진 누구,인물
김수경 누구니,인물
신우호 누굴까,인물
박하늘 누군지 궁금해,인물
류덕산 누군지 궁금해,인물
최영민 누군지 궁금해,인물
그레이 누구,인물
이지은 누구,인물
수란 누구,인물
권지용 누구죠,인물
누구라고 그 게요,인물
누굴까 김지원요,인물
누구인가요 마이클조던,인물
하석주 누구인가요,인물
누구 김동주요,인물
김철수 누군데요,인물
박근혜 누구인가요,인물
에이핑크 누군지 궁금해요,인물
고은재 누군지 궁금해요,인물
이병철 누군지 궁금해요,인물
아이오아이 누구인가요,인물
최지은 누구인가요,인물
최순실 누구라고요,인물
이건희 누군지 궁금해요,인물
시라소니 누군지 알아요,인물
누구 소크라테스요,인물
누군데요 박나래,인물
박혜원 누구죠,인물
박미래 누군지 알고있죠,인물
김희철 누구지요,인물
김태우 누구죠,인물
누구니 김수경요,인물
이상미 누군지 궁금해요,인물
신정훈 누군지 궁금해요,인물
그렉 누군데요,인물
황예진 누구인가요,인물
변희봉 누구인가요,인물
이정휴 누군지 궁금해요,인물
박신양 누구인가요,인물
미국 대통령 누구인가요,인물
유재석 누굴까요,인물
누굴까 로이킴요,인물
강호동 누굴까요,인물
유시민 누굴까요,인물
문지호 누굴까요,인물
해시스완 누군데요,인물
누구냐 김민성요,인물
누구라고 비욘세요,인물
박대기 누구인가요 대체,인물
대체 누구인가요 손의범,인물
누구인가요 대체 노용래,인물
베이즈 누구인가요 대체,인물
정몽주 누군지 궁금해요,인물
정준영 누군지 알아요,인물
최재영 누군지 궁금해요,인물
제라드 누군지 궁금해요,인물
스터리지 누구라고 알아요,인물
문일섭 누구요,인물
한국 대통령 누구죠요,인물
UN 사무총장 누구죠요,인물
누구죠 홍희선 요,인물
강준영 누구죠요,인물
미국 대통령 누구라고요,인물
윤미래 누구인가요,인물
누구인가요 유재석,인물
이육사 누구인가요,인물
신서희 누구인가요,인물
유희왕 누구인가요,인물
정한조 누구인가요,인물
해시스완 누구인가요,인물
최병주 누구인가요,인물
피아노맨 누구인가요,인물
장국영 누구인가요,인물
반상민 누구인가요,인물
구태우 누구인가요,인물
베이즈 누구인가요,인물
정몽주 누군지 궁금해요,인물
정준영 누군지 알아요,인물
승리 누군지 궁금해요,인물
누구인가요 소크라테스,인물
에일리 누구죠,인물
박미래 누군지 알고있죠,인물
김건우 누구지요,인물
온정민 누구인가요,인물
박기봉 누구죠,인물
아이린 누구죠,인물
김태희  누구인가요,인물
권해찬 누구에요,인물
미국 대통령 누구에요,인물
한국 대통령 누구에요,인물
UN 사무총장 누구에요,인물
제라드 누군지 궁금해요,인물
샹크스 누군지 알아요,인물
호나우두 누구요,인물
누구죠 김수경,인물
이승형 누굴까요,인물
천지현 누군지 궁금해요,인물
김근수 누군지 궁금해요,인물
궁금해요 노혜민 누군지,인물
공민지 누구에요,인물
김아름 누구에요,인물
박재인 누구에요,인물
단군이 누구,인물
동명성왕이 누구,인물
온조왕이 누구,인물
혁거세이 누구,인물
광개토왕이 누구,인물
광개토대왕이 누구,인물
이사부이 누구,인물
백결 선생이 누구,인물
의자왕이 누구,인물
계백이 누구,인물
관창이 누구,인물
김유신이 누구,인물
문무왕이 누구,인물
원효이 누구,인물
원효대사이 누구,인물
혜초이 누구,인물
장보고이 누구,인물
고왕이 누구,인물
대조영이 누구,인물
강감찬이 누구,인물
서희이 누구,인물
정중부이 누구,인물
최무선이 누구,인물
강좌칠현이 누구,인물
죽림칠현이 누구,인물
임춘이 누구,인물
오세재 누구에요,인물
이인로 누구에요,인물
조통 누구에요,인물
황보항 누구에요,인물
이담지 누구에요,인물
함순 누구에요,인물
김부식 누구에요,인물
지눌 누구에요,인물
지눌국사 누구에요,인물
의천 누구에요,인물
이종무 누구에요,인물
정몽주 누구에요,인물
문익점 누구에요,인물
최충 누구에요,인물
일연 누구에요,인물
최영 누구에요,인물
황희 누구에요,인물
맹사성 누구에요,인물
장영실 누구에요,인물
신숙주 누구에요,인물
한명회 누구에요,인물
이이 누구에요,인물
이율곡 누구에요,인물
이황 누구에요,인물
이퇴계 누구에요,인물
신사임당 누구에요,인물
곽재우 누구에요,인물
조헌 누구에요,인물
김시민 누구에요,인물
이순신 누구에요,인물
태조 누구에요,인물
정종 누구에요,인물
태종 누구에요,인물
세종 누구에요,인물
문종 누구에요,인물
단종 누구에요,인물
세조 누구에요,인물
사육신 누구에요,인물
성삼문 누구에요,인물
박팽년 누구에요,인물
하위지 누구인가요,인물
이개 누구인가요,인물
유응부 누구인가요,인물
유성원 누구인가요,인물
생육신 누구인가요,인물
김시습 누구인가요,인물
원호 누구인가요,인물
이맹전 누구인가요,인물
조려 누구인가요,인물
성담수 누구인가요,인물
남효온 누구인가요,인물
논개 누구인가요,인물
권율 누구인가요,인물
홍길동 누구인가요,인물
임꺽정 누구인가요,인물
삼학사 누구인가요,인물
홍익한 누구인가요,인물
윤집 누구인가요,인물
오달제 누구인가요,인물
박문수 누구인가요,인물
한호 누구인가요,인물
한석봉 누구인가요,인물
김홍도 누구인가요,인물
단원 누구인가요,인물
김병연 누구인가요,인물
김삿갓 누구인가요,인물
김정호 누구인가요,인물
영조 누구죠,인물
영조대왕 누구죠,인물
정조 누구,인물
정약용 누구,인물
전봉준 누구,인물
김대건 누구,인물
황진이 누구,인물
홍경래 누구,인물
김옥균 누구,인물
안중근 누구,인물
이완용 누구,인물
윤동주 누구,인물
지석영 누구,인물
손병희 누구,인물
유관순 누구,인물
안창호 누구,인물
방정환 누구,인물
이수일 누구,인물
심순애 누구,인물
김두한 누구,인물
이상 누구,인물
이중섭 누구,인물
중섭 누구,인물
