question,entity
서울 꽃구경 가고 싶다고,S-LOCATION S-TRAVEL O O
인천 바다 보러 갈거 같아,S-TRAVEL O O O O
어느 관광지 좋을까,O O O
부산 야구장 관광지 알고 싶어,S-LOCATION S-TRAVEL O O O
갈만한 대구 스키 관광지 추천해 주세요,O S-LOCATION S-TRAVEL O O O
광주 꽃구경 가고 싶다고요,S-LOCATION S-TRAVEL O O
울산 수목원 알려줘 봐요,S-LOCATION S-TRAVEL O O
관광지 있는지 모르겠네요,O O O
인천 워터파크 개장한 곳 있어,S-LOCATION S-TRAVEL O O O
어디 관광지 가겠냐,O O O
파주 유명한 공연장 알려줘,S-LOCATION O S-TRAVEL O
창원 여행 갈만한 바다,S-LOCATION O O S-TRAVEL
평택 갈만한 스키장 여행 해보고 싶네,S-LOCATION O S-TRAVEL O O O
제주도 템플스테이 여행 갈 데 추천해 줘,S-LOCATION S-TRAVEL O O O O O
전주 가까운 바다 관광지 보여줘 봐요,S-LOCATION O S-TRAVEL O O O
용인 가까운 축구장 어딨어,S-LOCATION O S-TRAVEL O
붐비는 관광지,O O
청주 가을 풍경 예쁜 산 가보고 싶어,S-LOCATION S-DATE O O S-TRAVEL O O
안산 다시 오고 싶은 템플스테이,S-LOCATION O O O S-TRAVEL
시흥 가까운 물놀이 알려 좀 줘봐요,S-LOCATION O S-TRAVEL O O O
춘천 동물원 관광지 알려주라,S-LOCATION S-TRAVEL O O
목포 꽃놀이 어디 가는게 좋을까,S-LOCATION S-TRAVEL O O O
대산면 가까운 사찰 관광지 추천해 줬으면 해요,S-LOCATION O S-TRAVEL O O O O
강남구 미술관 관광지 알려줘,S-LOCATION S-TRAVEL O O
강동구 경기장 구경 갈래,S-LOCATION S-TRAVEL O O
강북구 볼링장 가고 싶네요,S-LOCATION S-TRAVEL O O
강서구 가까운 문학관 관광지 어디 가야 할까,S-LOCATION O S-TRAVEL O O O O
관악구 갈만한 연극 추천받고 싶은데요,S-LOCATION O S-TRAVEL O O
혹시 광진구 바닷가 갈만한 데 어디니,O S-LOCATION S-TRAVEL O O O
구로구 가까운 시장 관광지 원해요,S-LOCATION O S-TRAVEL O O
금천구 꽃구경 위치 알려줘,S-LOCATION S-TRAVEL O O
노원구 가까운 절 관광지 알려주면 좋겠어요,S-LOCATION O S-TRAVEL O O O
도봉구 박물관 갈만한 곳 추천해 줘,S-LOCATION S-TRAVEL O O O O
동대문구 놀이공원 알고 싶다고요,S-LOCATION S-TRAVEL O O
동작구 계곡 가고 싶은데 알려줄래,S-LOCATION S-TRAVEL O O O
관광지 보고 싶다고,O O O
서대문구 놀이동산 괜찮을까요,S-LOCATION S-TRAVEL O
서초구 유명한 등산 관광지 추천해 주세요,S-LOCATION O S-TRAVEL O O O
성동구 주변 갈만한 계곡 어디,S-LOCATION O O S-TRAVEL O
성북구 에버랜드 가고 싶어,S-LOCATION S-TRAVEL O O
송파구 가까운 축구 관광지 가고싶어,S-LOCATION O S-TRAVEL O O
양천구 유명한 바닷가 알려줘 봐요,S-LOCATION O S-TRAVEL O O
영등포구 속 뻥 뚫리는 산책로,S-LOCATION O O O S-TRAVEL
광명구 물놀이 하고 싶어,S-LOCATION S-TRAVEL O O
은평구 유명한 산 관광지 어디 있니,S-LOCATION O S-TRAVEL O O O
종로구 가족끼리 계곡 여행,S-LOCATION O S-TRAVEL O
중구 축구장 어디,S-LOCATION S-TRAVEL O
중랑구 시장 관광지 추천해 줘,S-LOCATION S-TRAVEL O O O
부산 서구 해수욕장 추천 필요해,B-LOCATION E-LOCATION S-TRAVEL O O
서울 동구 꽃구경 할만한 곳 어디,B-LOCATION E-LOCATION S-TRAVEL O O O
영도구 계곡 보고 싶은데 추천해 줘,S-LOCATION S-TRAVEL O O O O
부산진구 시원한 여름 축제,S-LOCATION O S-DATE S-TRAVEL
건대 근처 쉼터 있니 알려줘,S-LOCATION O S-TRAVEL O O
신촌 가까운 야구장 어디 있어,S-LOCATION O S-TRAVEL O O
강남 가로수길 갈만한 산 없나요,B-LOCATION E-LOCATION O S-TRAVEL O
인사동 갈만한 워터파크 추천해 줘,S-LOCATION O S-TRAVEL O O
효자동 인기 있는 스키 구경거리 추천해줘,S-LOCATION O O S-TRAVEL O O
완산구 갈만한 단풍 구경거리 보고싶어요,S-LOCATION O S-TRAVEL O O
덕진구 스키장 개장한 곳 있지 않아,S-LOCATION S-TRAVEL O O O O
전라도 광주 미술관 구경거리 부탁해,B-LOCATION E-LOCATION S-TRAVEL O O
서울 유명한 꽃놀이 정보,S-LOCATION O S-TRAVEL O
서울 가까운 바다 구경거리 추천해 봐,S-LOCATION O S-TRAVEL O O O
부산 야구장 구경거리,S-LOCATION S-TRAVEL O
한림읍 유명한 축구 구경거리 보여줘 봐,S-LOCATION O S-TRAVEL O O O
생비량면 갈만한 단풍 축제 구경하고 싶은데요,S-LOCATION O B-TRAVEL E-TRAVEL O O
미천면 갈만한 단풍 구경거리 추천받고 싶어요,S-LOCATION O S-TRAVEL O O O
갈법한 외서면 1월 축제 보여줘,O S-LOCATION S-DATE S-TRAVEL O
장안면 혹시 식물원 구경거리 추천해 줄 수 있어,S-LOCATION O S-TRAVEL O O O O O
울릉도 가볼만한 계곡 알려주세요,S-LOCATION O S-TRAVEL O
연천 계곡 추천 받고 싶다,S-LOCATION S-TRAVEL O O O
안양 가까운 계곡 추천 좀 해봐요,S-LOCATION O S-TRAVEL O O O
의왕 추천해 주고픈 꽃구경,S-LOCATION O O S-TRAVEL
가볼만한 안산 워터파크 있어,O S-LOCATION S-TRAVEL O
물놀이 하고 싶은데 현남면 갈만한 데 있어,S-TRAVEL O O S-LOCATION O O O
경기도 화성 소풍 가는거 어때,B-LOCATION E-LOCATION S-TRAVEL O O
오산 축구장 어디 있을까,S-LOCATION S-TRAVEL O O
현북면 해수욕장 구경거리 알려줘 봐,S-LOCATION S-TRAVEL O O O
당진 가까운 연극 구경거리 알려줬으면 해,S-LOCATION O S-TRAVEL O O O
쉬고 싶은데 갈만한 천안 구경거리 어디 갈까,O O O S-LOCATION O O O
아산 식물원 보여줘 봐요,S-LOCATION S-TRAVEL O O
태안 벚꽃 보고 싶다,S-LOCATION S-TRAVEL O O
홍성 놀이공원 보고 싶네요,S-LOCATION S-TRAVEL O O
예산 유명한 사찰 구경거리 원해,S-LOCATION O S-TRAVEL O O
보령 가까운 동물원 구경거리 어디 가야 할지 모르겠어,S-LOCATION O S-TRAVEL O O O O O
청양 유명한 축구장,S-LOCATION O S-TRAVEL
부여 에버랜드 구경거리 가고 싶어,S-LOCATION S-TRAVEL O O O
공주 소풍 가고 싶어,S-LOCATION S-TRAVEL O O
스트레스 풀고 싶은데 논산 운동 장소 없나,O O O S-LOCATION S-TRAVEL O O
서천 박물관 알려줘,S-LOCATION S-TRAVEL O
군산 꽃구경 원해요,S-LOCATION S-TRAVEL O
추운데 익산 스키장 어때,O S-LOCATION S-TRAVEL O
김제 꽃 보고 싶은데 식물원 알려줘,S-LOCATION O O O S-TRAVEL O
사랑 받는 부안 산책로,O O S-LOCATION S-TRAVEL
완주 갈만한 깨끗한 바다 있는가,S-LOCATION O O S-TRAVEL O
영광 사찰 알고 싶다고,S-LOCATION S-TRAVEL O O
장성 바다 있지,S-LOCATION S-TRAVEL O
담양 벚꽃 볼거리 띄워주세요,S-LOCATION S-TRAVEL O O
전북 순창 유명한 가을 축제 볼거리 알려줘 봐요,B-LOCATION E-LOCATION O S-DATE S-TRAVEL O O O
신안 등산 갈 거에요,S-LOCATION S-TRAVEL O O
광주 시장 추천 좀 해줘,S-LOCATION S-TRAVEL O O O
영암 물놀이 여행 어디 갈까,S-LOCATION S-TRAVEL O O O
장흥 문학관 볼거리 보여줘 봐요,S-LOCATION S-TRAVEL O O O
강진 넓은 경기장 알려주세요,S-LOCATION O S-TRAVEL O
해남 7월 축제 가고 싶어,S-LOCATION S-DATE S-TRAVEL O O
진도 등산 갈거야,S-LOCATION S-TRAVEL O
완도 겨울 축제 추천해 줘라,S-LOCATION S-DATE S-TRAVEL O O
고흥 주변 축제 있니,S-LOCATION O S-TRAVEL O
거금도 넓은 방있는 호텔,S-LOCATION O O S-TRAVEL
여수 물놀이 하고 싶어,S-LOCATION S-TRAVEL O O
순천 가까운 스키 볼거리 어디에요,S-LOCATION O S-TRAVEL O O
화순 가까운 놀이동산 볼거리 부탁드립니다,S-LOCATION O S-TRAVEL O O
놀기 좋은 보성 계곡,O O S-LOCATION S-TRAVEL
나주 갈만한 등산 볼거리 가보고 싶네요,S-LOCATION O S-TRAVEL O O O
남해 가까운 바다 볼거리,S-LOCATION O S-TRAVEL O
동검도 바다 있죠,S-LOCATION S-TRAVEL O
광양 해수욕장 장소 추천해 줘,S-LOCATION S-TRAVEL O O O
호남 7월 축제 알려달라고요,S-LOCATION S-DATE S-TRAVEL O
유명한 의령 미술관 보여줘 봐요,O S-LOCATION S-TRAVEL O O
산청 가까운 산 볼거리 어디,S-LOCATION O S-TRAVEL O O
합천 단풍 볼거리 말해줘,S-LOCATION S-TRAVEL O O
창녕 11월 축제 추천 좀 부탁할게요,S-LOCATION S-DATE S-TRAVEL O O O
밀양 바다 볼거리 추천해 줘,S-LOCATION S-TRAVEL O O O
기장 겨울 풍경 예쁜 산 알려줘,S-LOCATION S-DATE O O S-TRAVEL O
울주 주목받는 축제,S-LOCATION O S-TRAVEL
경주 가까운 바다 궁금해,S-LOCATION O S-TRAVEL O
영덕 축제 있는지 좀 알려주세요,S-LOCATION S-TRAVEL O O O
영양 유명한 축제 알려줘 봐,S-LOCATION O S-TRAVEL O O
안동 유명한 전시관 추천해 봐요,S-LOCATION O S-TRAVEL O O
의성 놀이공원 있어요,S-LOCATION S-TRAVEL O
동해 유명한 깨끗한 바다 볼거리,S-LOCATION O O S-TRAVEL O
서울 연극 가고 싶어요,S-LOCATION S-TRAVEL O O
태백 축제 몇 가지 알려줘,S-LOCATION S-TRAVEL O O O
속초 대포항 가까운 놀이공원 어디,B-LOCATION E-LOCATION O S-TRAVEL O
속초 단풍 축제 읊어봐,S-LOCATION B-TRAVEL E-TRAVEL O
양구 깨끗한 바다 볼거리 알려줄래,S-LOCATION O S-TRAVEL O O
칠곡면 스키 타고 싶은데 스키장 추천해 줘,S-LOCATION O O O S-TRAVEL O O
휴전면 축구장 어디 있냐,S-LOCATION S-TRAVEL O O
더워서 화천 계곡 가보고 싶은데요,O S-LOCATION S-TRAVEL O O
강원 오봉산 가을 연극 할래,S-LOCATION S-TRAVEL S-DATE S-TRAVEL O
놀고 싶은데 즐길만한 볼거리 있을까,O O O O O
춘천 유명한 해수욕장 가볼래,S-LOCATION O S-TRAVEL O
철원 갈만한 스키장 볼거리 가보고 싶네,S-LOCATION O S-TRAVEL O O O
명성 축제 띄워주었으면 좋겠어요,S-LOCATION S-TRAVEL O O
백운 경기장 알려주지 않을래,S-LOCATION S-TRAVEL O O
어디 볼거리 추천할래,O O O
구룡포 등산로 띄워주었음 좋겠어요,S-LOCATION S-TRAVEL O O
모가면 문학관 추천해 줘,S-LOCATION S-TRAVEL O O
설성면 괜찮은 등산로 있는지 모르겠는데 해결 좀 해줘,S-LOCATION O S-TRAVEL O O O O O
연제구 민속놀이 배우고 싶어,S-LOCATION S-TRAVEL O O
수영구 알법한 축제 알려줘,S-LOCATION O S-TRAVEL O
사상구 유명한 꽃구경 정보 알고 싶어,S-LOCATION O S-TRAVEL O O O
기장구 가족끼리 계곡 여행 가고 싶어,S-LOCATION O S-TRAVEL O O O
미추홀구 취사 가능한 산림,S-LOCATION O O S-TRAVEL
서울 테마공원 있는지 모르겠어,S-LOCATION S-TRAVEL O O
남동구 가까운 바다 있으면 말해줘,S-LOCATION O S-TRAVEL O O
부평구 갈만한 절 있을까요,S-LOCATION O S-TRAVEL O
가까운 바다 볼거리 있어요,O S-TRAVEL O O
유명한 꽃놀이 정보 알려주세요,O S-TRAVEL O O
유명한 에버랜드 볼거리 있어,O S-TRAVEL O O
추천할만한 축구 볼거리 있어,O S-TRAVEL O O
볼거리 몰라서 문제네요,O O O
경기장 알려주지 않겠니,S-TRAVEL O O
유명한 스키장 어디 있어요,O S-TRAVEL O O
가까운 등산 볼거리 볼래,O S-TRAVEL O O
꽃구경 보여주지 않을래,S-TRAVEL O O
전시관 좀 알려줘,S-TRAVEL O O
갈만한 깨끗한 바다 촬영장 있나요,O O S-TRAVEL O O
넓은 경기장 추천해 줘,O S-TRAVEL O O
여름 갈만한 촬영장 알려주세요,S-DATE O O O
문학관 촬영장 알려줄 수 있어,S-TRAVEL O O O O
해수욕장 가고 싶네,S-TRAVEL O O
촬영장 있지 않을까,O O O
어디 축제 좋겠어,O S-TRAVEL O
깨끗한 계곡 말해줘,O S-TRAVEL O
촬영장 보고 싶다고요,O O O
혹시 동물원 촬영장 알려줄 수 있을까,O S-TRAVEL O O O O
주변 꽃 핀 공원 있으면 알려줘,O S-TRAVEL O S-TRAVEL O O
촬영장 가보고 싶은데,O O O
가까운 바다 촬영장 알려줘 봐요,O S-TRAVEL O O O
가까운 식물원 촬영장 어디 가야 할지 모르겠어,O S-TRAVEL O O O O O
유명한 등산 촬영장 추천 부탁한다,O S-TRAVEL O O O
꽃 축제 열리는 곳 알려줘,B-TRAVEL E-TRAVEL O O O
꽃놀이 있을지 고민이네,S-TRAVEL O O
전시관 촬영장 보여줘 봐,S-TRAVEL O O O
계곡 있나요,S-TRAVEL O
꽃구경 둘이서 하고 싶어,S-TRAVEL O O O
물놀이 할만한 곳 있을까,S-TRAVEL O O O
가까운 에버랜드 위치 모르겠어,O S-TRAVEL O O
유명한 계곡 여행지 있죠,O S-TRAVEL O O
어디 여행지 갈 건가요,O O O O
넓은 풋살장 있는지 모르겠어요,O S-TRAVEL O O
여행지 추천해 달라고,O O O
박물관 있니,S-TRAVEL O
유명한 바다 여행지 알려줘,O S-TRAVEL O O
여행지 없을까요,O O
여름 여행지 알려줘,S-DATE S-TRAVEL O
추천하는 여행지,O O
괜찮은 꽃구경 있을지 고민되네,O S-TRAVEL O O
가까운 바다 여행지 있지,O S-TRAVEL O O
가까운 꽃놀이 여행지 볼래요,O S-TRAVEL O O
더운데 워터파크 갈까,O S-TRAVEL O
계곡 괜찮은가,S-TRAVEL O
유명한 야구장 여행지 추천해 줘요,O S-TRAVEL O O O
갈만한 절 여행지 추천해 줘,O S-TRAVEL O O O
바다 관련된 여행지 좀 보여줘,S-TRAVEL O O O O
갈만한 여행지 있어,O O O
갈만한 산 있어요,O S-TRAVEL O
식물원 추천해,S-TRAVEL O
수목원 여행지 알고 싶어,S-TRAVEL O O O
유명한 깨끗한 바다 여행지 어디 있냐,O O S-TRAVEL O O O
연극 여행지 추천해 줘,S-TRAVEL O O O
수영장 어디,S-TRAVEL O
바다 여행지 있어,S-TRAVEL O O
야구 여행지 갈만한 곳 추천해 줘,S-TRAVEL O O O O O
유명한 산 여행지 알고 싶어,O S-TRAVEL O O O
계곡 가고 싶어,S-TRAVEL O O
여행지 있지 않을까요,O O O
갈만한 바다 여행지 부탁드려요,O S-TRAVEL O O
가까운 연극 여행지 추천해주길 바래,O S-TRAVEL O O O
사람들 원하는 여행지,O O O
주변 높지 않은 산 추천해 줘,O O O S-TRAVEL O O
계곡 여행지 보고 싶어,S-TRAVEL O O O
괜찮은 사찰 여행지 있나요,O S-TRAVEL O O
여행지 어디 가면 좋을까,O O O O
가까운 연극 여행지 보여주길 바래,O S-TRAVEL O O O
어느 여행지 가야 잘했다 소문 날까,O O O O O O
가까운 바다 있니,O S-TRAVEL O
괜찮은 숲 알려줘,O S-TRAVEL O
갈만한 단풍 여행지 보고싶어요,O S-TRAVEL O O
연인 갈법한 여행지,O O O
계곡 어디 좋니,S-TRAVEL O O
갈만한 꽃놀이 있어,O S-TRAVEL O
어디 여행지 갈 건가,O O O O
배 타고 싶어요,S-TRAVEL O O
가까운 바다 여행지 있어,O S-TRAVEL O O
꽃구경 해보는 것 어때,S-TRAVEL O O O
튤립 핀 곳 있어,S-TRAVEL O O O
여행지 추천해 줘,O O O
깨끗한 바다 없나,O S-TRAVEL O
예쁜 바다 여행지 알려주세요,O S-TRAVEL O O
동물원 여행지 있어,S-TRAVEL O O
가까운 수목원 어디인지 모르겠어요,O S-TRAVEL O O
어디서 꽃구경 해,O S-TRAVEL O
냉동실 같은 계곡,O O S-TRAVEL
해수욕장 할래,S-TRAVEL O
봄꽃 축제 갈만한 곳 있어,B-TRAVEL E-TRAVEL O O O
가까운 놀이동산 여행지 부탁해요,O S-TRAVEL O O
산책로 구경시켜주지 않을래,S-TRAVEL O O
해수욕장 가능한가요,S-TRAVEL O
유명한 단풍 여행지,O S-TRAVEL O
가까운 템플스테이 여행지 갈래요,O S-TRAVEL O O
경기장 어떤가요,S-TRAVEL O
가까운 사찰 여행지 알려줬으면 해요,O S-TRAVEL O O O
괜찮은 여행지 몰라서 문제네,O O O O
자전거 탈래,S-TRAVEL O
즐길만한 축제 알려줘,O S-TRAVEL O
혼자 놀이동산 갈래,O S-TRAVEL O
유명한 해수욕장 여행지 추천 원해요,O S-TRAVEL O O O
가까운 단풍놀이 여행지 보여줬으면 해,O S-TRAVEL O O O
단풍놀이 원해요,S-TRAVEL O
당신이라면 어디 여행지 갈거야,O O O O
놀이공원 여행지 있어,S-TRAVEL O O
유명한 계곡 여행지 있어요,O S-TRAVEL O O
쉬고 싶은데 갈만한 여행지 있을까,O O O O O
유명한 경기장 여행지 알려줘,O S-TRAVEL O O
꽃놀이 가고 싶어요,S-TRAVEL O O
유명한 수영장 있나,O S-TRAVEL O
공기좋은 등산로,O S-TRAVEL
가까운 산 여행지 궁금해요,O S-TRAVEL O O
여행지 어디 있냐,O O O
가까운 템플스테이 여행지 알려주면 좋겠어요,O S-TRAVEL O O O
갈만한 산책로 있지 않아요,O S-TRAVEL O O
유명한 해수욕장 여행지 추천 원해,O S-TRAVEL O O O
계곡 보고 싶어,S-TRAVEL O O
벚꽃 축제 보러 갈래,B-TRAVEL E-TRAVEL O O
유명한 스키장 가고 싶어,O S-TRAVEL O O
유명한 절 원해요,O S-TRAVEL O
템플스테이 추천 필요해요,S-TRAVEL O O
꽃구경 갈래요,S-TRAVEL O
가까운 바다 여행지 알려줘 봐,O S-TRAVEL O O O
유명한 야구 여행지 보여줘 봐요,O S-TRAVEL O O O
등산 갈래,S-TRAVEL O
노래 듣고 싶어,S-TRAVEL O O
멋진 박물관 보여줘,O S-TRAVEL O
여행지 있는지 고민이네,O O O
야구장 알려줘,S-TRAVEL O
유명한 절 여행지 원해요,O S-TRAVEL O O
나만 알고 싶은 산림 여행지,O O O S-TRAVEL O
가까운 단풍 여행지 추천해주면 좋겠어,O S-TRAVEL O O O
바닷가 타고 싶어,S-TRAVEL O O
가까운 시장 여행지 있죠,O S-TRAVEL O O
동물원 여행지 추천해 봐요,S-TRAVEL O O O
여행지 뭐 있어,O O O
스트레스 풀릴 여행지,O O O
사랑 받는 바닷가,O O S-TRAVEL
주변 산책 갈만한 데 있어,O S-TRAVEL O O O
시장 여행지 알려줘,S-TRAVEL O O
가까운 계곡 추천 좀 해줘 봐,O S-TRAVEL O O O O
꽃놀이 정보 알려줘,S-TRAVEL O O
여행지 알려달라고,O O
단풍 놀이 여행지 어디,B-TRAVEL E-TRAVEL O O
꽃놀이 보고 싶어요,S-TRAVEL O O
가벼운 산책로,O S-TRAVEL
유명한 스키장,O S-TRAVEL
어디 여행지 가는게 좋을까,O O O O
전통놀이 배우려면 어떻게 해야돼,S-TRAVEL O O O
맑은 계곡,O S-TRAVEL
여행지 어디 갈 데 있어,O O O O O
좋은 바닷가,O S-TRAVEL
재밌는 축제 원해,O S-TRAVEL O
식물원 가고 싶은데 갈만한 곳 있어,S-TRAVEL O O O O O
여행지 알려줘라,O O
가까운 단풍 여행지 보여주면 좋겠어,O S-TRAVEL O O O
많이 찾는 시장 구경,O O S-TRAVEL O
여행지 어떨 것 같아,O O O O
가볼법한 여행지 보여줘요,O O O
가까운 사찰 여행지 보여줬으면 해요,O S-TRAVEL O O O
축제 갈만한 곳 있어,S-TRAVEL O O O
꽃구경 어때요,S-TRAVEL O
문학관 여행지 궁금해요,S-TRAVEL O O
가봄직한 여행지 있을까요,O O O
거리상 짧은 여행지,O O O
풍경 좋은 산 있니,O O S-TRAVEL O
배드민턴장 추천해 줘요,S-TRAVEL O O
유명한 박물관 여행지 있냐,O S-TRAVEL O O
가까운 스키장 여행지 갈래,O S-TRAVEL O O
놀이동산 여행지 있지,S-TRAVEL O O
유명한 놀이공원 있죠,O S-TRAVEL O
소풍 가고 싶은데 갈만한 여행지 띄워줘,S-TRAVEL O O O O O
여행지 추천해 달라고요,O O O
유명한 깨끗한 시장 여행지 어디 있을까,O O S-TRAVEL O O O
축구장 어딨을까,S-TRAVEL O
동물원 보여줘 봐,S-TRAVEL O O
가까운 동물원 여행지 어디 가야 하지,O S-TRAVEL O O O O
가까운 시장 여행지 보여줘 봐,O S-TRAVEL O O O
여행지 어딨냐,O O
공기 상쾌한 여행지 보여주세요,O O O O
유명한 스키장 어디 있어,O S-TRAVEL O O
가까운 야구장 여행지 알고 싶어요,O S-TRAVEL O O O
단풍구경 갈래,S-TRAVEL O
사찰 여행지 가보고 싶어요,S-TRAVEL O O O
가까운 동물원 여행지 어디 가야 할까요,O S-TRAVEL O O O O
가까운 스키 여행지 어딘가요,O S-TRAVEL O O
경기장 어디 있니,S-TRAVEL O O
벚꽃 축제 가봐야 하는데,B-TRAVEL E-TRAVEL O O
가봐야 하는 꽃놀이 여행지 알려주세요,O O S-TRAVEL O O
갈만한 절 있을까,O S-TRAVEL O
갈만한 시장 여행지 부탁합니다,O S-TRAVEL O O
박물관 여행지 갈 데 없나요,S-TRAVEL O O O O
해수욕장 원한다,S-TRAVEL O
가까운 스키 여행지 어디죠,O S-TRAVEL O O
휴식 취할만한 관광지 어딨니,S-TRAVEL O O O
여행지 띄워주었음 좋겠어,O O O
비 오면 시장 여행 힘들텐데,O O S-TRAVEL O O
템플스테이 가고 싶네요,S-TRAVEL O O
생각없이 갈만한 놀이동산 알려주세요,O O S-TRAVEL O
시장 원해,S-TRAVEL O
테니스장 알고 싶네요,S-TRAVEL O O
추천할만한 놀이공원,O S-TRAVEL
놀이공원 공연 추천 부탁해요,S-TRAVEL O O O
경기장 없을까,S-TRAVEL O
즐길만한 공연 가고 싶어,O O O O
가까운 식물원 어디 가야 할지 모르겠어요,O S-TRAVEL O O O O
혹시 미술관 공연 있니,O S-TRAVEL O O
성지순례 공연,O O
배구장 가고 싶네,S-TRAVEL O O
갈만한 등산 공연 알고 싶어요,O S-TRAVEL O O O
머리 식힐만한 공연 없나,O O O O
동물원 공연 알려줘 봐요,S-TRAVEL O O O
등산해보고 싶은데 갈만한 곳,S-TRAVEL O O O
유명한 산,O S-TRAVEL
가볼 만한 놀이공원 알려줘,O O S-TRAVEL O
꽃구경 장소 알려주세요,S-TRAVEL O O
자주 갈법한 공연 알려줘,O O O O
괜찮은 산책로,O S-TRAVEL
추천할만한 야구 공연,O S-TRAVEL O
공연 띄워줘,O O
물놀이 원해 갈만한 곳,S-TRAVEL O O O
식물원 알려줘 봐,S-TRAVEL O O
산 공연,S-TRAVEL O
공연 알려주지 않을래,O O O
단풍놀이 공연 갈래,S-TRAVEL O O
단풍놀이 공연 모두 알려주세요,S-TRAVEL O O O
시장구경 어딜 가야 잘했다 할까,S-TRAVEL O O O O
괜찮은 시장 공연 추천해 줘,O S-TRAVEL O O O
갈만한 꽃놀이 공연 구경하고 싶다,O S-TRAVEL O O O
가까운 공연 추천해 줘,O O O O
워터파크 좀 알려줘,S-TRAVEL O O
갈만한 공연 있어야 하는데,O O O O
단풍 공연 추천해 주세요,S-TRAVEL O O O
인기 좋은 등산로 없나요,O O S-TRAVEL O
어디 공연 갈거니,O O O
많이 찾는 꽃구경,O O S-TRAVEL
수영 할만한 곳 있니,S-TRAVEL O O O
축구장 공연장,S-TRAVEL O
너라면 어디 공연장 갈래,O O O O
유명한 계곡 공연장 있지,O S-TRAVEL O O
재밌는 축제 원해요,O S-TRAVEL O
갈만한 등산 공연장 추천받고 싶어요,O S-TRAVEL O O O
경기장 구경하고 싶어,S-TRAVEL O O
박물관 공연장 갈 데 없나,S-TRAVEL O O O O
공연장 몰라서 문젠데,O O O
갈만한 스키장 공연장 가보고 싶네요,O S-TRAVEL O O O
가까운 물놀이 빨리 말해요,O S-TRAVEL O O
갈만한 산 말해주세요,O S-TRAVEL O
심심한데 산책 장소 있나,O S-TRAVEL O O
가까운 등산 갈래,O S-TRAVEL O
가볍게 가볼만한 공연장 없을까,O O O O
축구 공연장 보여줘,S-TRAVEL O O
문학관 공연장 추천해 봐,S-TRAVEL O O O
꽃 핀 곳 알려줘,S-TRAVEL O O O
가까운 스키장 공연장 있나요,O S-TRAVEL O O
꽃구경 하고 싶다,S-TRAVEL O O
꽃구경 어디 가야 잘했다 할까,S-TRAVEL O O O O
가기 좋은 계곡 추천해 줘,O O S-TRAVEL O O
분위기 있는 카페,O O S-TRAVEL
경기장 어디,S-TRAVEL O
꽤 유명한 축제,O O S-TRAVEL
유명한 스키장 어디 있죠,O S-TRAVEL O O
무서운 놀이동산 있나요,O S-TRAVEL O
어디 공연장 추천할래요,O O O
문학관 공연장 궁금해,S-TRAVEL O O
갈만한 스키 여행지 말해주실래요,O S-TRAVEL O O
갈만한 스키 여행지 보여주세요,O S-TRAVEL O O
여행지 어디 있냐,O O O
가까운 단풍놀이 여행지 알려주길 바래,O S-TRAVEL O O O
여행지 몰라서 문젠데요,O O O
상쾌한 여행지,O O
인기많은 여행지,O O
시장 있나요,S-TRAVEL O
갈만한 연극 여행지 알고 싶은데요,O S-TRAVEL O O O
당구장 띄워줘요,S-TRAVEL O
가까운 수목원 어디인지 모르겠어,O S-TRAVEL O O
시장 보고 싶다고요,S-TRAVEL O O
연극 보고 싶어,S-TRAVEL O O
가까운 계곡 추천 좀 해줘 봐요,O S-TRAVEL O O O O
놀이동산 있어,S-TRAVEL O
스키장 추천해 줘,S-TRAVEL O O
좋은 수영장 알려줄래,O S-TRAVEL O
추천해 주고 싶은 꽃놀이,O O O S-TRAVEL
꽃구경 해보고 싶네,S-TRAVEL O O
여행지 띄워주겠니,O O
시간 가는줄 모르는 공연 있나요,O O O S-TRAVEL O
추천해봄직한 여행지 알려줘,O O O
꽃구경 추천받고 싶네,S-TRAVEL O O
가까운 문학관 여행지 가보는 것 어때,O S-TRAVEL O O O O
가까운 절 여행지 보여주길 바래요,O S-TRAVEL O O O
유명한 박물관 보여줘 봐,O S-TRAVEL O O
보령 근처 가볼 만한 관광지 알려줘봐요,S-LOCATION O O O O O
쳥양 근처 구경하기 좋은 구경거리 보여줘,S-LOCATION O O O O O
부여군 근처 가볼 만한 곳 없니,S-LOCATION O O O O O
미추홀구 좋은데 있니,S-LOCATION O O
연수구 가면 어디 갈까,S-LOCATION O O O
남동구 갈만한 곳 보여줘,S-LOCATION O O O
부평구 유명한 곳 어디 있니,S-LOCATION O O O O
계양구 관광지 말씀해 주세요,S-LOCATION O O O
건대 근처 유명한 곳 있니,S-LOCATION O O O O
가평 좋은 관광지 없나,S-LOCATION O O O
의정부 유명한 관광지 없나요,S-LOCATION O O O
양주 관광지 궁금해,S-LOCATION O O
중구 구경거리 어디 있냐,S-LOCATION O O O
북구 관광지 추천 해주라,S-LOCATION O O O
춘천 관광 할만 한 구경거리 추천 해주세요,S-LOCATION O O O O O O
전북 무주 갈만한 여행지 있을까,B-LOCATION E-LOCATION O O O
경상도 놀기 좋은 구경거리 어디 있니,S-LOCATION O O O O O
서울 관광할만한 구경거리 알려줘,S-LOCATION O O O
전라도 가봐야 하는 구경거리 알려줘,S-LOCATION O O O O
경기도 광주 여행지 추천해줘,B-LOCATION E-LOCATION O O
충청북도 가볼 만한 관광지 알려주세요,S-LOCATION O O O O
충청도 가기 좋은 관광지 알려줘,S-LOCATION O O O O
경상도 관광해볼 만한 관광지 어디 있냐,S-LOCATION O O O O O
서울 들려야 하는 여행지 알려줘,S-LOCATION O O O O
전북 임실 여행지 있을까,B-LOCATION E-LOCATION O O
경상북도 들려야 하는 관광지 알려주라,S-LOCATION O O O O
나주 유명한 여행장소 어디 있니,S-LOCATION O O O O
전라도 구경할만한 관광지 알려주라,S-LOCATION O O O
여름 여행지 관광지 어디 있냐,S-DATE O O O O
칠곡 유명한 구경거리 어디 있냐,S-LOCATION O O O O
경상도 들러봐야 하는 구경거리 어디 있니,S-LOCATION O O O O O
청주 꼭 들려야 하는 여행지 추천 해줘,S-LOCATION O O O O O O
안암 들러봐야 하는 관광지 알려줘,S-LOCATION O O O O
경기도 들려야 하는 관광지 알려주세요,S-LOCATION O O O O
죽전 꼭 가봐야 하는 관광지 알려주세요,S-LOCATION O O O O O
경기 안양 여행지 알려주세요,B-LOCATION E-LOCATION O O
철원 볼 만 한 구경거리 알고싶어,S-LOCATION O O O O O
충북 갈만 한 구경거리 추천 해줘,S-LOCATION O O O O O
충남 가기 좋은 관광지 어디 있니,S-LOCATION O O O O O
경상남도 구경 하기 좋은 구경거리 추천 해주라,S-LOCATION O O O O O O
강원도 가기 좋은 관광지 알려주라,S-LOCATION O O O O
경주 가까운 관광지 알려주세요,S-LOCATION O O O
진짜 꼭 들려야 하는 관광지 알려주라,O O O O O O
제주도 유명한 관광지 어디 좋을까,S-LOCATION O O O O
제주 서귀포 여행 가는데 관광지 추천,B-LOCATION E-LOCATION O O O O
밀양 여행지 갈만한 곳 없을까,S-LOCATION O O O O
아마 여행 갈 것 같은데 무주 여행지 추천,O O O O O S-LOCATION O O
나 여행 가는데 인천 진짜 좋은 여행지 없을까,O O O S-LOCATION O O O O
아마 다음 달 여행 가는데 여행지 있나,O B-DATE E-DATE O O O O
청계천 여행할만한 관광지 알려주라,S-LOCATION O O O
구로구 놀만한 구경거리 추천해 줘,S-LOCATION O O O O
강화도 볼만한 구경거리 추천해 주세요,S-LOCATION O O O O
울릉도 갈만한 관광지 알려줄래,S-LOCATION O O O
동구 유명한 관광지 알고싶어,S-LOCATION O O O
서구 놀기 좋은 관광지 추천 해주라,S-LOCATION O O O O O
파주 관광할만한 구경거리 추천 해주라,S-LOCATION O O O O
계룡 근처 한 관광지 알려줘,S-LOCATION O O O O
수원 가까운 여행지 추천 해줘,S-LOCATION O O O O
평택 들러봐야 하는 구경거리 알려주라,S-LOCATION O O O O
금천구 가기 좋은 구경거리 알려주세요,S-LOCATION O O O O
우도 가볼 만한 관광지 추천해 주라,S-LOCATION O O O O O
광명 꼭 들려야 하는 관광지 추천 해주라,S-LOCATION O O O O O O
시흥 이번 여행 어디 갈지 추천,S-LOCATION O O O O O
아마 보령 여행 갈 것 같은데 어디 갈까,O S-LOCATION O O O O O O
다음 달 아마 충남 태안 놀러 가는데 어디 갈까,B-DATE E-DATE O B-LOCATION E-LOCATION O O O O
청양 유명한 장소 어디 있니 궁금해,S-LOCATION O O O O O
공주 여행 어디 갈까,S-LOCATION O O O
포천 가면 어디 갈까,S-LOCATION O O O
이번 화천 여행 갈 것 같거든 어디 갈까,O S-LOCATION O O O O O O
서울 관광지 궁금하네 알려줘,S-LOCATION O O O
대구 관광지 알고 싶어,S-LOCATION O O O
광주 관광지 나한테 추천 해주겠니,S-LOCATION O O O O
대전 관광지 알 수 있을까,S-LOCATION O O O O
여수 유명한 놀 곳 있나,S-LOCATION O O O O
창녕 여행지 어디 좋아,S-LOCATION O O O
연천 볼만한 거 뭐 있냐,S-LOCATION O O O O
나 모레 포천 가는데 어디 갈까,O S-DATE S-LOCATION O O O
우리 내일 가평 가는데 어디 좋니,O S-DATE S-LOCATION O O O
나 이번 달 남자친구랑 놀러 가는데 어디 좋아,O B-DATE E-DATE O O O O O
우리 가을 여행 가는데 어디 갈만한 곳 없으려나,O S-DATE O O O O O O
완산구 뭐 있지 볼만한 거,S-LOCATION O O O O
인사동 진짜 좋은 곳 알려주겠니,S-LOCATION O O O O
갈만한 여행지 어디 있을까요,O O O O
모레 부산 가는데 추천해줘,S-DATE S-LOCATION O O
이번 주 여행 가는데 특히 광주 어디 갈까,B-DATE E-DATE O O O S-LOCATION O O
양구 괜찮은 곳 있니,S-LOCATION O O O
양양 이번 가는데 여행지 어디 추천할래,S-LOCATION O O O O O
나 모레 포천 가는데 괜찬은 곳 있냐,O S-DATE S-LOCATION O O O O
내일 아마 울진 가거든 어디 좋니,S-DATE O S-LOCATION O O O
문산 갈만한 곳 보여줘,S-LOCATION O O O
경상남도 유명한 곳 어디 있니 내일 여행 가거든,S-LOCATION O O O O S-DATE O O
아마 나 모레 여행 갈듯 한데 대덕 어디 갈까,O O S-DATE O O O S-LOCATION O O
송파구 놀만한 구경거리 어디 있니,S-LOCATION O O O O
성동구 들러봐야 하는 구경거리 추천 해주라,S-LOCATION O O O O O
양천구 볼만한 구경거리 알고싶어,S-LOCATION O O O
동대문 꼭 들려야 하는 관광지 있을까 내일 가기 했거든,S-LOCATION O O O O O S-DATE O O
남서울 진짜 좋은 명소 추천 좀 해줘,S-LOCATION O O O O O O
강북구 꼭 들려야 하는 관광지 알려줄래,S-LOCATION O O O O O
중구 볼만한 관광지 알려주라,S-LOCATION O O O
오랜만 광주 여행한다 어디 갈지 말해줘,O S-LOCATION O O O O
간만 여행 가는데 인천 갈 것 같거든 관광지 추천 좀,O O O S-LOCATION O O O O O O
양천 구경 할만한 명소 알려줄래,S-LOCATION O O O O
종로 가기 좋은 명소 알려주세요,S-LOCATION O O O O
금천구 들려야 하는 명소 추천 해주라,S-LOCATION O O O O O
홍대 근처 구경하기 좋은 관광지 추천 해주라,S-LOCATION O O O O O O
이대 근처 구경하기 좋은 명소 알고싶어,S-LOCATION O O O O O
건대 꼭 들려야 하는 관광지 알려줘,S-LOCATION O O O O O
종로구 놀만한 관광지 어디 있냐,S-LOCATION O O O O
평창 관광할만한 명소 알려줘,S-LOCATION O O O
완주 가까운 관광지 알려주라,S-LOCATION O O O
여름 진천 관광지 어디 좋니,S-DATE S-LOCATION O O O
모레 명소 추천 해주라,S-DATE O O O
내일모레 목포 가는데 관광지 알려줘,S-DATE S-LOCATION O O O
아마 여행 갈 거 같으니까 관광지 추천,O O O O O O O
나 친구랑 모레 놀러 가는데 서울 관광지 어디 추천,O O S-DATE O O S-LOCATION O O O
근데 진짜 좋은 관광지 없을까,O O O O O
그 때 갔던 관광지 추천,O O O O O
가을 친구랑 아마 놀러 가는데 부산 관광지 어디 추천,S-DATE O O O O S-LOCATION O O O
봄 진짜 좋은 관광지 없을까,S-DATE O O O O
강원도 갈만한 관광지 추천,S-LOCATION O O O
영덕 명소 어디 있니,S-LOCATION O O O
겨울 관광지 알려줄래,S-DATE O O
서산 명소 추천 해주세요,S-LOCATION O O O
서천 소문난 명소 알려줘,S-LOCATION O O O
이번 관광지 알려주라,O O O
오늘 명소 알려줄래,S-DATE O O
모레 명소 추천 해줘,S-DATE O O O
가을 관광지 알려주라,S-DATE O O
봄 관광지 추천 해주라,S-DATE O O O
여름 강남 명소 알려줘,S-DATE S-LOCATION O O
가을 명소 추천 해주세요,S-DATE O O O
겨울 관광지 추천 해줘,S-DATE O O O
1월 관광지 어디 있냐,S-DATE O O O
2월 진천 관광지 어디 좋니,S-DATE S-LOCATION O O O
3월 명소 추천 해주라,S-DATE O O O
4월 목포 가는데 관광지 알려줘,S-DATE S-LOCATION O O O
5월 관광지 어디 있냐,S-DATE O O O
6월 오산 관광지 어디 좋니,S-DATE S-LOCATION O O O
7월 좋은 곳 추천 해줘,S-DATE O O O O
8월 관광지 어디 있을까요,S-DATE O O O
9월 부산 가는데 추천해줘,S-DATE S-LOCATION O O
10월 여행 어디 갈까,S-DATE O O O
11월 영광 제일 유명한 명소 알려줄래,S-DATE S-LOCATION O O O O
12월 어디 여행 명소 추천해줘,S-DATE O O O O
영월 주변 진짜 유명한 명소 있을까,S-LOCATION O O O O O
1월 2일 명소 추천,B-DATE E-DATE O O
2월 8일 관광 명소 추천해줘,B-DATE E-DATE O O O
3월 16일 어디 갈까,B-DATE E-DATE O O
4월 24일 제일 유명한 명소 알려줄래,B-DATE E-DATE O O O O
5월 3일 여행 장소 추천해줘,B-DATE E-DATE O O O
6월 9일 진짜 유명한 명소 있을까,B-DATE E-DATE O O O O
짭짤한 빵 맛집 알려줘,S-LOCATION S-RESTAURANT O O
인기 많은 팥빵 빵집 추천 좀 해줄래,O O S-RESTAURANT O O O O
매콤한 숙주 볶음 알려줘,O B-RESTAURANT E-RESTAURANT O
매운 떡뽁이 맛집 가볼까,O S-RESTAURANT O O
달콤한 브라우니 먹고싶어,O S-RESTAURANT O
괜찮은 마카롱 먹고싶어 배고파,O S-RESTAURANT O O
괜찮은 달달한 브런치 카페 추천 좀,O O S-RESTAURANT O O O
대천 괜찮은 밀면 코스요리 알려주겠니,S-LOCATION O S-RESTAURANT O O
창원 티비 나왔던 코스요리 추천,S-LOCATION O O O O
강원도 텔레비전 나왔었던 칼국수 코스요리 어디더라,S-LOCATION O O S-RESTAURANT O O
광주 요즘 괜찮은 바베큐 먹고싶어 배고파,S-LOCATION O O S-RESTAURANT O O
대구 주변 태국 음식 원조 식당 어디,S-LOCATION O S-RESTAURANT O O O O
서울 베트남 음식 먹고싶어 배고파,S-LOCATION S-RESTAURANT O O O
대전 인기 많은 돈가스 코스요리 어디니,S-LOCATION O O S-RESTAURANT O O
유명한 창원 브라우니 카페,O S-LOCATION S-RESTAURANT O
마카롱 카페 달콤한 머랭쿠키,S-RESTAURANT O O S-RESTAURANT
마라탕 진짜 잘하는 곳 어디 있어,S-RESTAURANT O O O O O
한식 무한리필 알려줘,S-RESTAURANT O O
백반집 원조 식당 어디니,S-RESTAURANT O O O
양식 먹고 싶은데 무한리필 있니,S-RESTAURANT O O O O
매콤한 매운탕 무한리필 알려줘,O S-RESTAURANT O O
만두 무한리필 알려줘,S-RESTAURANT O O
찐빵 무한리필 알려주세요,S-RESTAURANT O O
짬뽕 무한리필 알려주세요,S-RESTAURANT O O
초밥 진짜 잘하는 곳 어디 맛있니,S-RESTAURANT O O O O O
국밥집 어디,S-RESTAURANT O
국밥 먹고싶어,S-RESTAURANT O
뜨끈하고 든든하게 국밥 먹고싶어,O O S-RESTAURANT O
감자탕 먹고싶어,S-RESTAURANT O
라면 식당 어디,S-RESTAURANT O O
라멘 원조 식당 추천 좀 해줘,S-RESTAURANT O O O O O
일식집 알려줄래,S-RESTAURANT O
동두천 스테이크 무한리필 어디,S-LOCATION S-RESTAURANT O O
매콤한 스테이크 무한리필 가볼까,O S-RESTAURANT O O
강남 함박 스테이크 무한리필 원조 식당 먹을까,S-LOCATION B-RESTAURANT E-RESTAURANT O O O O
알리오 올리오 강남구 무한리필 먹을까,B-RESTAURANT E-RESTAURANT S-LOCATION O O
창녕 파스타 무한리필 추천해주겠니,S-LOCATION S-RESTAURANT O O
밀양 매콤한 파스타 인심 후한 곳 있니,S-LOCATION O S-RESTAURANT O O O O
임실 족발 무한리필 먹을까,S-LOCATION S-RESTAURANT O O
익산 양식집 무한리필 추천 해줄래,S-LOCATION S-RESTAURANT O O O
군산 일식집 무한리필 초밥 추천해줘,S-LOCATION S-RESTAURANT O S-RESTAURANT O
스테이크 무한리필 먹을까,S-RESTAURANT O O
매콤한 스테이크 무한리필 가볼까,O S-RESTAURANT O O
무한리필 원조 식당 먹을까,O O O O
알리오 올리오 푸드 먹을까,B-RESTAURANT E-RESTAURANT O O
파스타 푸드 추천해주겠니,S-RESTAURANT O O
매운 파스타 인심 후한 곳 있니,O S-RESTAURANT O O O O
족발 푸드 먹을까,S-RESTAURANT O O
양식집 식당 추천 해줄래,S-RESTAURANT O O O
일식집 푸드 초밥 추천해줘,S-RESTAURANT O S-RESTAURANT O
분식집 떡볶이 푸드 먹을까,B-RESTAURANT E-RESTAURANT O O
돈까스 먹고싶다,S-RESTAURANT O
중식 푸드 먹을까,S-RESTAURANT O O
주변 케익 빵집 추천해줘,O S-RESTAURANT O O
분식 푸드 먹을까,S-RESTAURANT O O
갈메기 마포구 푸드,S-RESTAURANT S-LOCATION O
강동 푸드 가볼까,S-LOCATION O O
마포 갈메기 푸드 무한리필,S-LOCATION S-RESTAURANT O O
중랑구 아구찜 푸드 알려주세요,S-LOCATION S-RESTAURANT O O
브런치 푸드 알려주세요,S-RESTAURANT O O
백종원 음식점 어디 있어,S-RESTAURANT O O O
노원구 브런치 푸드 알려주세요,S-LOCATION S-RESTAURANT O O
이태원 짬뽕집 식당 음식점,S-LOCATION S-RESTAURANT O O
식당 푸드 먹어,O O O
골목식당 푸드 먹어,O O O
짜장면 잘하는 푸드 어디지,S-RESTAURANT O O O
주변 연어초밥집 먹어,O S-RESTAURANT O
연어 무한리필 푸드 알려줄래,S-RESTAURANT O O O
광어 회 먹고싶어,B-RESTAURANT E-RESTAURANT O
주변 술집 추천해줘,O S-RESTAURANT O
맥주 먹고싶어,S-RESTAURANT O
떡볶이 가게 추천,S-RESTAURANT O O
사람 많은 맥주 술집 추천해줘,O O S-RESTAURANT O O
광어 초밥 추천해줄래,B-RESTAURANT E-RESTAURANT O
삼겹살 푸드 알려주세요,S-RESTAURANT O O
국수 식당 추천해주세요,S-RESTAURANT O O
고기국수 잘하는 식당 알려줄래요,S-RESTAURANT O O O
갈비집 추천해줘요,S-RESTAURANT O
삼겹살 인심 후한 곳 알려주세요,S-RESTAURANT O O O O
매운 국수 식당 알려주세요,O S-RESTAURANT O O
스파게티 먹고싶어요,S-RESTAURANT O
국수 먹고싶어요,S-RESTAURANT O
사람 많은 순대 식당 떡볶이 식당,O O S-RESTAURANT O S-RESTAURANT O
스파게티 식당 추천해줘요,S-RESTAURANT O O
티본 스테이크 식당 먹어,O S-RESTAURANT O O
바비큐 식당 가볼까,S-RESTAURANT O O
매운 바베큐 식당 먹어,O S-RESTAURANT O O
유명한 태국 음식 원조 식당 먹어,O B-RESTAURANT E-RESTAURANT O O O
베트남 음식 식당 먹어,B-RESTAURANT E-RESTAURANT O O
돈가스 식당 어딜까,S-RESTAURANT O O
소고기 음식 원조 식당 먹어,S-RESTAURANT O O O O
진짜 유명한 비빔밥 잘하는 식당 어디니,O O S-RESTAURANT O O O
제육 볶음 원조 식당 먹어,B-RESTAURANT E-RESTAURANT O O O
면 음식 잘하는 식당 갈까,S-RESTAURANT O O O O
매운 불고기 식당 추천 좀,O S-RESTAURANT O O O
베트남 음식점 먹어,S-RESTAURANT O O
음식점 맛 좋은 곳 먹어,O O O O O
마카롱 가게 먹어,S-RESTAURANT O O
달달한 브런치 카페 추천 좀,O S-RESTAURANT O O O
밀면 가게 어딜까,S-RESTAURANT O O
냉모밀 잘하는 식당 주변 있니,S-RESTAURANT O O O O
비빔냉면 식당 추천해줘,S-RESTAURANT O O
시원한 물냉면 먹고싶어,O S-RESTAURANT O
곱창 레스토랑 알려줘,S-RESTAURANT O O
시원한 맥주 잘하는 레스토랑 어디니,O S-RESTAURANT O O O
옥수수 레스토랑 알려줘,S-RESTAURANT O O
대창 레스토랑 추천해줄래,S-RESTAURANT O O
양대창 먹고싶네,S-RESTAURANT O
물냉면 레스토랑 추천해줘,S-RESTAURANT O O
돼지 국밥 추천해줘,B-RESTAURANT E-RESTAURANT O
콩나물 국밥 먹고싶은데 레스토랑 있니,B-RESTAURANT E-RESTAURANT O O O
타코 가게 알려줘,S-RESTAURANT O O
순대 국밥 잘하는 밥집 있니,B-RESTAURANT E-RESTAURANT O O O
인도음식 어딜까,S-RESTAURANT O
밀면 먹을까,S-RESTAURANT O
쫄면 먹을까 알려줘,S-RESTAURANT O O
오리 고기 먹을까 추천해줘,B-RESTAURANT E-RESTAURANT O O
꽃게탕 먹어 어디니,S-RESTAURANT O O
근처 짜글이 가게 알려줘,O S-RESTAURANT O O
돼지고기 짜글이 알려줘,B-RESTAURANT E-RESTAURANT O
타코야끼 먹어 알려줘,S-RESTAURANT O O
샌드위치 잘하는 먹어 어디니,S-RESTAURANT O O O
유명한 밀면 먹어,O S-RESTAURANT O
유명한 쫄면 길거리 알려줘,O S-RESTAURANT O O
유명한 오리 고기 길거리 추천해줘,O B-RESTAURANT E-RESTAURANT O O
유명한 꽃게탕 길거리 어디니,O S-RESTAURANT O O
유명한 근처 짜글이 길거리 알려줘,O O S-RESTAURANT O O
유명한 돼지고기 짜글이 어딜까,O B-RESTAURANT E-RESTAURANT O
유명한 타코야끼 길거리 알려줘,O S-RESTAURANT O O
유명한 샌드위치 잘하는 길거리 어디니,O S-RESTAURANT O O O
냉채 길거리 알려줘,S-RESTAURANT O O
냉채 족발 주변 있니,B-RESTAURANT E-RESTAURANT O O
주변 카레 불고기 가게 알려줘,O B-RESTAURANT E-RESTAURANT O O
유명한 거리 어디지,O O O
인기 많은 거리 추천해줘,O O O O
괜찮은 근처 불고기 거리 추천 좀,O O S-RESTAURANT O O O
괜찮은 베트남 음식점 알려줘,O S-RESTAURANT O O
괜찮은 음식점 맛 좋은 곳 알려줘,O O O O O O
최고 맛있는 베트남 음식점 알려줘,O O S-RESTAURANT O O
진짜 좋은 음식점 맛 좋은 곳 어딜까,O O O O O O O
맛 좋은 음식점 거리 알려줘,O O O O O
괜찮은 마카롱 거리 알려줘,O S-RESTAURANT O O
괜찮은 달달한 브런치 카페 추천 좀,O O S-RESTAURANT O O O
괜찮은 밀면 거리 알려주겠니,O S-RESTAURANT O O
티비 나왔던 음식 추천,O O O O
텔레비전 나왔었던 고깃집 어디더라,O O S-RESTAURANT O
요즘 유명한 바베큐 거리 어디,O O S-RESTAURANT O O
주변 태국 음식 원조 식당 어디,O B-RESTAURANT E-RESTAURANT O O O
베트남 음식 거리 어디,S-RESTAURANT O O O
인기 많은 돈가스 거리 어디니,O O S-RESTAURANT O O
근처 소고기 음식 원조 식당 어디,O S-RESTAURANT O O O O
요즘 비빔밥 잘하는 거리 어디니,O S-RESTAURANT O O O
크림 파스타 거리,B-RESTAURANT E-RESTAURANT O
해물탕 거리 어디니 먹고 싶다,S-RESTAURANT O O O O
먹고싶은 시루떡 거리,O S-RESTAURANT O
떡집 맛있는 곳 어디,S-RESTAURANT O O O
고깃집 어디 잘해,S-RESTAURANT O O
인기 있는 제육 볶음 원조 식당 어디,O O B-RESTAURANT E-RESTAURANT O O O
사람 많은 치킨 버거 음식점,O O B-RESTAURANT E-RESTAURANT O
많이 가는 음식점 추천,O O O O
치킨집 추천해줘,S-RESTAURANT O
치킨 맛있는 곳 추천 해줄래,S-RESTAURANT O O O O
근처 통닭집 추천해줘,O S-RESTAURANT O
주변 양념 치킨 잘 하는 곳 추천,O B-RESTAURANT E-RESTAURANT O O O O
마라롱샤 음식점 어디니,S-RESTAURANT O O
마라샹궈 음식점 추천 해줘,S-RESTAURANT O O O
마라탕 잘 하는 곳 어디 있어,S-RESTAURANT O O O O O
한식 음식점 어디,S-RESTAURANT O O
백반집 원조 식당 어디니,S-RESTAURANT O O O
양식 먹고 싶은데 음식점 있니,S-RESTAURANT O O O O
근처 매운탕 음식점 어디,O S-RESTAURANT O O
만두 음식점 어디,S-RESTAURANT O O
찐빵 음식점 알려주세요,S-RESTAURANT O O
짬뽕 음식점 알려주세요,S-RESTAURANT O O
초밥 잘 하는 곳 어디 맛있니,S-RESTAURANT O O O O O
국밥집 어디,S-RESTAURANT O
국밥 먹고싶어,S-RESTAURANT O
뜨끈하고 든든하게 국밥 먹고싶어,O O S-RESTAURANT O
감자탕 먹고싶어,S-RESTAURANT O
라면 음식점 어디,S-RESTAURANT O O
라멘 원조 식당 추천 좀 해줘,S-RESTAURANT O O O O O
일식집 알려줄래,S-RESTAURANT O
스테이크 음식점 어디,S-RESTAURANT O O
근처 스테이크 음식점 어디지,O S-RESTAURANT O O
음식점 원조 식당 어디,O O O O
알리오 올리오 음식점 어디,B-RESTAURANT E-RESTAURANT O O
파스타 음식점 추천해주겠니,S-RESTAURANT O O
근처 파스타 잘 하는 곳 있니,O S-RESTAURANT O O O O
족발 음식점 어디,S-RESTAURANT O O
양식집 음식점 추천 해줄래,S-RESTAURANT O O O
일식집 음식점 초밥 추천해줘,S-RESTAURANT O S-RESTAURANT O
분식집 떡볶이 음식점 어디,B-RESTAURANT E-RESTAURANT O O
돈까스 먹고싶다,S-RESTAURANT O
중식 음식점 어디,S-RESTAURANT O O
주변 케익 빵집 추천해줘,O S-RESTAURANT O O
분식 음식점 어디,S-RESTAURANT O O
아구찜 음식점 알려주세요,S-RESTAURANT O O
브런치 명가 알려주세요,S-RESTAURANT O O
짬뽕집 어디,S-RESTAURANT O
주변 먹어 분식점 추천,O S-RESTAURANT O O
스테이크 먹어 분식점 추천,B-RESTAURANT E-RESTAURANT O O
와플 분식점 어디지,S-RESTAURANT O O
짜장면 잘하는 명가 어디지,S-RESTAURANT O O O
주변 연어초밥집 어디,O S-RESTAURANT O
연어 무한리필 명가 알려줄래,S-RESTAURANT O O O
광어 회 먹고싶어,B-RESTAURANT E-RESTAURANT O
주변 술집 추천해줘,O S-RESTAURANT O
맥주 먹고싶어,S-RESTAURANT O
맥주 명가 추천해줘,S-RESTAURANT O O
광어 초밥 추천해줄래,S-RESTAURANT O O
삼겹살 명가 알려주세요,S-RESTAURANT O O
국수 명가 추천해주세요,S-RESTAURANT O O
고기국수 잘하는 명가 알려줄래요,S-RESTAURANT O O O
갈비집 추천해줘요,S-RESTAURANT O
삼겹살 잘 하는 곳 알려주세요,S-RESTAURANT O O O O
근처 국수 명가 알려주세요,O S-RESTAURANT O O
스파게티 먹고싶어요,S-RESTAURANT O
국수 먹고싶어요,S-RESTAURANT O
순대 명가 떡볶이 명가,S-RESTAURANT O S-RESTAURANT O
스파게티 명가 추천해줘요,S-RESTAURANT O O
티본 스테이크 명가 어디,B-RESTAURANT E-RESTAURANT O O
바비큐 명가 어디지,S-RESTAURANT O O
근처 바베큐 명가 어디,O S-RESTAURANT O O
태국 음식 원조 식당 어디,S-RESTAURANT O O O O
베트남 음식 명가 어디,S-RESTAURANT O O O
돈가스 명가 어디니,S-RESTAURANT O O
소고기 음식 원조 식당 어디,S-RESTAURANT O O O O
비빔밥 잘하는 명가 어디니,S-RESTAURANT O O O
제육 볶음 원조 식당 어디,B-RESTAURANT E-RESTAURANT O O O
면 음식 잘하는 명가 어디지,S-RESTAURANT O O O O
근처 불고기 음식점 추천 좀,O S-RESTAURANT O O O
베트남 음식점 어디,S-RESTAURANT O O
음식점 맛 좋은 곳 어디,O O O O O
마카롱 먹고싶어 배고파,S-RESTAURANT O O
달달한 브런치 카페 추천 좀,O S-RESTAURANT O O O
밀면 명가 알려주겠니,S-RESTAURANT O O
냉모밀 잘하는 명소 주변 있니,S-RESTAURANT O O O O
비빔냉면 명소 추천해줘,S-RESTAURANT O O
시원한 물냉면 먹고싶어,O S-RESTAURANT O
곱창 먹고싶어 배고파,S-RESTAURANT O O
시원한 맥주 잘하는 명소 어디니,O S-RESTAURANT O O O
옥수수 먹고싶어 배고파,S-RESTAURANT O O
대창 명소 추천해줄래,S-RESTAURANT O O
양대창 먹고싶네,S-RESTAURANT O
냉면 명소 추천해줘,S-RESTAURANT O O
돼지 국밥 추천해줘,B-RESTAURANT E-RESTAURANT O
콩나물 국밥 먹고싶은데 명소 있니,B-RESTAURANT E-RESTAURANT O O O
타코 먹고싶어 배고파,S-RESTAURANT O O
순대 국밥 잘하는 밥집 있니,B-RESTAURANT E-RESTAURANT O O O
인도음식 먹고싶어지네,S-RESTAURANT O
밀면 명소,S-RESTAURANT O
쫄면 먹고싶어 배고파,S-RESTAURANT O O
오리 고기 명소 추천해줘,B-RESTAURANT E-RESTAURANT O O
꽃게탕 명소 어디니,S-RESTAURANT O O
근처 짜글이 먹고싶어 배고파,O S-RESTAURANT O O
돼지고기 짜글이 어디,B-RESTAURANT E-RESTAURANT O
타코야끼 음식점 어디,S-RESTAURANT O O
샌드위치 잘하는 코스요리 어디니,S-RESTAURANT O O O
좋은 밀면 코스요리,O S-RESTAURANT O
좋은 쫄면 먹고싶어 배고파,O S-RESTAURANT O O
좋은 오리 고기 코스요리 추천해줘,O B-RESTAURANT E-RESTAURANT O O
좋은 꽃게탕 식당 어디니,O S-RESTAURANT O O
좋은 근처 짜글이 먹고싶어 배고파,O O S-RESTAURANT O O
맛좋은 돼지고기 짜글이 어디,O B-RESTAURANT E-RESTAURANT O
맛좋은 타코야끼 먹고싶어 배고파,O S-RESTAURANT O O
맛좋은 샌드위치 잘하는 식당 어디니,O S-RESTAURANT O O O
냉채 먹고싶어 배고파,S-RESTAURANT O O
냉채 족발 주변 있니,B-RESTAURANT E-RESTAURANT O O
주변 카레 불고기 먹고싶어 배고파,O B-RESTAURANT E-RESTAURANT O O
분식집 잘 하는 곳 어디,S-RESTAURANT O O O O
맛좋은 코스요리 어디지,O O O
인기 많은 식당 추천해줘,O O O O
괜찮은 근처 불고기 코스요리 추천 좀,O O S-RESTAURANT O O O
괜찮은 베트남 음식점 어디,O S-RESTAURANT O O
괜찮은 음식점 맛 좋은 곳 어디,O O O O O O
최고 맛있는 베트남 음식점 어디,O O S-RESTAURANT O O
진짜 좋은 음식점 맛 좋은 곳 어디,O O O O O O O
맛 좋은 음식점 먹고싶어 배고파,O O O O O
대구 근처 소고기 음식 원조 식당 어디,S-LOCATION O S-RESTAURANT O O O O
요즘 전주 비빔밥 잘하는 코스요리 어디니,O S-LOCATION S-RESTAURANT O O O
전주 크림 파스타 먹고싶어,S-LOCATION B-RESTAURANT E-RESTAURANT O
부산 해물탕 코스요리 어디니 먹고 싶다,S-LOCATION S-RESTAURANT O O O O
먹고싶은 경창 창원 무지개떡 코스요리,O B-LOCATION E-LOCATION S-RESTAURANT O
청주 떡집 맛있는 곳 어디니,S-LOCATION S-RESTAURANT O O O
순창 고깃집 어디 잘해,S-LOCATION S-RESTAURANT O O
인기 있는 부산 제육 볶음 원조 식당 어디니,O O S-LOCATION B-RESTAURANT E-RESTAURANT O O O
부천 자장면 음식점 먹고 싶은데,S-LOCATION O O O O
구리 짱개 먹고싶어,S-LOCATION S-RESTAURANT O
광양 짜장면 어디 잘해 추천 해주라,S-LOCATION S-RESTAURANT O O O O
목포 초밥 코스요리 추천해줘,S-LOCATION S-RESTAURANT O O
수제비 안산 코스요리 어디 있어,S-RESTAURANT S-LOCATION O O O
여수 김치찌개 먹거리 알려줄래,S-LOCATION S-RESTAURANT O O
괜찮은 순천 찌개 먹거리 추천해줘,O S-LOCATION S-RESTAURANT O O
햄버거 먹고싶어 배고파,S-RESTAURANT O O
인천 근처 햄버거 먹거리 어디니,S-LOCATION O S-RESTAURANT O O
울산 수제버거 음식점 맛있니,S-LOCATION S-RESTAURANT O O
춘천 치킨집 추천해줘,S-LOCATION S-RESTAURANT O
춘천 닭갈비 먹거리 어디니,S-LOCATION S-RESTAURANT O O
군산 꼴뚜기 먹거리 추천해줘,S-LOCATION S-RESTAURANT O O
쭈꾸미 볶음 먹거리 어디니,B-RESTAURANT E-RESTAURANT O O
고르곤졸라 피자 먹거리 어디니,B-RESTAURANT E-RESTAURANT O O
피자 먹고싶어 먹거리 추천,S-RESTAURANT O O O
영월 먹거리 어디니,S-LOCATION O O
안암 진짜 잘하는 돌솥밥 먹거리 어디니,S-LOCATION O O S-RESTAURANT O O
청주 냉면 맛있는 곳 추천 해줄래,S-LOCATION S-RESTAURANT O O O O
진천 근처 통닭집 추천해줘,S-LOCATION O S-RESTAURANT O
해남 주변 양념 치킨 잘 하는 곳 추천,S-LOCATION O B-RESTAURANT E-RESTAURANT O O O O
안산 마라롱샤 먹거리 어디니,S-LOCATION S-RESTAURANT O O
무주 마라샹궈 먹어 배고파 해줘,S-LOCATION S-RESTAURANT O O O
평창 마라탕 잘 하는 곳 어디 있어,S-LOCATION S-RESTAURANT O O O O O
한식 먹거리 어디니,S-RESTAURANT O O
백반집 인스타 먹거리 어디니,S-RESTAURANT O O O
남서울 양식 먹고 싶은데 먹거리 있니,S-LOCATION S-RESTAURANT O O O O
남양주 근처 매운탕 먹거리 어디니,S-LOCATION O S-RESTAURANT O O
세종 만두 먹거리 어디니,S-LOCATION S-RESTAURANT O O
새우 튀김 인스타 먹거리 어디니,B-RESTAURANT E-RESTAURANT O O O
양천 왔는데 배고파,S-LOCATION O O
가평 먹거리 어디니,S-LOCATION O O
거창 잘하는 먹거리 곱창집,S-LOCATION O O S-RESTAURANT
과일 탕수육 먹어 배고프네 좀 추천,B-RESTAURANT E-RESTAURANT O O O O
창녕 찌개 식당 어딜까,S-LOCATION S-RESTAURANT O O
태안 고깃집 식당 어디 추천,S-LOCATION S-RESTAURANT O O O
고흥 꿔바로우 식당 어디,S-LOCATION S-RESTAURANT O O
화순 순두부 먹어 배고파,S-LOCATION S-RESTAURANT O O
두부 찌개 식당,B-RESTAURANT E-RESTAURANT O
어묵탕 진짜 잘하는 식당,S-RESTAURANT O O O
오뎅탕 잘하는 음식점 어디니,S-RESTAURANT O O O
거창 식당 어디니,S-RESTAURANT O O
가평 돌솥 비빔밥 추천,S-LOCATION B-RESTAURANT E-RESTAURANT O
고창 직화구이 식당 어디니,S-LOCATION S-RESTAURANT O O
고등어 식당 어디니,S-RESTAURANT O O
참치 타다끼 식당 어디니,B-RESTAURANT E-RESTAURANT O O
육회 비빔밥 먹어 말까,B-RESTAURANT E-RESTAURANT O O
순두부 찌개 식당 알려줄래,B-RESTAURANT E-RESTAURANT O O
탕 먹고싶다 배고파,S-RESTAURANT O O
고구마 맛탕 식당 어디지,B-RESTAURANT E-RESTAURANT O O
고등어 조림 먹어 배고프네 좀,B-RESTAURANT E-RESTAURANT O O O
숭어 먹어 배고파해줘,S-RESTAURANT O O
활어 회 맛있는 식당 어디,B-RESTAURANT E-RESTAURANT O O O
피순대 식당,S-RESTAURANT O
머랭쿠키 잘하는 무한리필 있니,S-RESTAURANT O O O
초콜릿 무한리필 알려줘,S-RESTAURANT O O
초콜릿 무한리필 가볼까,S-RESTAURANT O O
무한리필점 유명한 곳 어디 있니,O O O O O
수제비 무한리필 어디 있어,S-RESTAURANT O O O
김치찌개 무한리필 알려줄래,S-RESTAURANT O O
유명한 찌개 무한리필 추천해줘,O S-RESTAURANT O O
햄버거 무한리필 알려줘,S-RESTAURANT O O
달콤한 햄버거 무한리필 어디니,O S-RESTAURANT O O
수제버거 어디 맛있니,S-RESTAURANT O O
치킨집 추천해줘,S-RESTAURANT O
치킨 맛있는 곳 추천 해줄래,S-RESTAURANT O O O O
달콤한 통닭집 추천해줘,O S-RESTAURANT O
주변 양념 치킨 진짜 잘하는 곳 추천,O B-RESTAURANT E-RESTAURANT O O O O
마라롱샤 무한리필 어디니,S-RESTAURANT O O
마라샹궈 무한리필 추천 해줘,S-RESTAURANT O O O
간 식당 어디니,S-RESTAURANT O O
고추장 불고기 식당 어디니,B-RESTAURANT E-RESTAURANT O O
백숙집 어디니,S-RESTAURANT O
옻 백숙 잘하는 본점 추천,B-RESTAURANT E-RESTAURANT O O O
닭고기 본점 어디 없나,S-RESTAURANT O O O
괴산 본점 추천 해주겠니,S-LOCATION O O O
강남 어떤 거 먹을지 몰라,S-LOCATION O O O O
함양 파전 맛있는 본점,S-LOCATION S-RESTAURANT O O
감자전 본점 알려줄래,S-RESTAURANT O O
김치전 진짜 본점 인스타 먹거리 어디니,S-RESTAURANT O O O O O
소주 먹고싶은데 본점 있니,S-RESTAURANT O O O
소주 어울리는 본점 추천,S-RESTAURANT O O O
과자 간식 본점 어디니,B-RESTAURANT E-RESTAURANT O O
증평 인기 많은 술집 갈까,S-LOCATION O O S-RESTAURANT O
영월 사람 많은 본점 추천,S-LOCATION O O O O
장흥 사람 많은 술집 갈까,S-LOCATION O O O O
영덕 대게 본점 갈까,S-LOCATION S-RESTAURANT O O
정선 뭐 먹을까,S-LOCATION O O
천안 호두과자 본점 어디니,S-LOCATION S-RESTAURANT O O
창원 맛 좋고 괜찮은 본점,S-LOCATION O O O O
본점,O
음식점,O
식당 추천해줘,O O
맛집 추천,O O
괜찮은 음식점 추천,O O O
가평 본점 어디니,S-LOCATION O O
오믈렛 본점 어디니,S-RESTAURANT O O
맛집 알려줘,O O
주변 맛집 알려줘,O O O
맛 좋은 맛집 알려줄래,O O O O
고깃집 추천해줘,S-RESTAURANT O
사탕 맛있는 곳 알려줘,S-RESTAURANT O O O
유명한 고깃집 무한리필 추천해줘,O S-RESTAURANT O O
무한리필집 추천 해줄래,O O O
부대찌개 잘하는 맛집 알려줘,S-RESTAURANT O O O
주변 샐러드 맛집 가볼까,O S-RESTAURANT O O
짭짤한 찜닭집 알려줘,O S-RESTAURANT O
찜닭 맛집 추천해줘,S-RESTAURANT O O
김치찌개 알려줘,S-RESTAURANT O
튀김 잘하는 맛집 어디니,S-RESTAURANT O O O
주변 아구찜 맛집 알려줘,O S-RESTAURANT O O
간장게장 잘하는 곳 가볼까,S-RESTAURANT O O O
샐러드 먹고 싶은데 맛집 가볼까,S-RESTAURANT O O O O
카레 먹고싶어,S-RESTAURANT O
자장면 먹고싶은데,S-RESTAURANT O
초밥 식당 추천해줘,S-RESTAURANT O O
서양 분식 본점 알려줄래,B-RESTAURANT E-RESTAURANT O O
불고기 음식점 괜찮은 곳 어디니,S-RESTAURANT O O O O
볶음밥 맛있는 곳 어디있어,S-RESTAURANT O O O
양파 볶음 맛 좋은 곳 어디,B-RESTAURANT E-RESTAURANT O O O O
기사식당 괜찮은 곳,S-RESTAURANT O O
기사 식당 진짜 맛있는 곳 있니,B-RESTAURANT E-RESTAURANT O O O O
진도 활어 회 원조,S-LOCATION B-RESTAURANT E-RESTAURANT O
군산 달걀 볶음밥 원조,S-LOCATION B-RESTAURANT E-RESTAURANT O
곡성 오믈렛 원조,S-LOCATION S-RESTAURANT O
단양 비빔밥 원조 어디지,S-LOCATION S-RESTAURANT O O
순창 고추장 불고기 괜찮은 원조 어디,S-LOCATION B-RESTAURANT E-RESTAURANT O O O
혹시 의령 괜찮은 원조,O S-LOCATION O O
양양 괜찮은 원조 추천,S-LOCATION O O O
내일 화천 여행 가는데 원조 갈까,S-DATE S-LOCATION O O O O
청송 진짜 괜찮은 국수 원조 어딘데,S-LOCATION O O S-RESTAURANT O O
내일 구례 가는데 맛 좋은 원조 음식점 갈까,S-DATE S-LOCATION O O O O O O
무주 식당 궁금한데 알려주겠니,S-LOCATION O O O
진안 혹시 괜찮은 음식점 있을까,S-LOCATION O O O O
양구 음식점 원조 어딜까요,S-LOCATION O O O
군위 원조 어딜까,S-LOCATION O O
의왕 제일 괜찮은 원조 있니,S-LOCATION O O O O
광양 인기 많은 음식점,S-LOCATION O O O
식당 맛 좋은 원조 어디,O O O O O
제천 원조 알려줄래,S-LOCATION O O
논산 핫한 닭 갈비 어디지,S-LOCATION O B-RESTAURANT E-RESTAURANT O
의정부 원조 추천 좀,S-LOCATION O O O
제일 맛 좋은 원조 음식점 어디,O O O O O O
칠곡 원조 어디지,S-LOCATION O O
여주 음식점 알려줄래,S-LOCATION O O
정읍 음식점 어디니,S-LOCATION O O
음성군 음식점 어디있어,S-LOCATION O O
양평 해장국 음식점 알려줄수 있어,S-LOCATION S-RESTAURANT O O O
내장탕 음식점 추천해줘,S-RESTAURANT O O
야채 죽 맛있는 곳 어디,B-RESTAURANT E-RESTAURANT O O O
죽 먹을까,S-RESTAURANT O
공주 치킨 음식점 알려줄래,S-LOCATION S-RESTAURANT O O
완주 입 맛 까다로운 음식점 추천,S-LOCATION O O O O O
상주 음식점 줘,S-LOCATION O O
강진 진짜 맛 좋은 음식점 추천할까,S-LOCATION O O O O O
보은 고추장 혹시 음식점 없으려나,S-LOCATION S-RESTAURANT O O O
오늘 인제 도토리 묵 먹거리 추천해줘,S-DATE S-LOCATION B-RESTAURANT E-RESTAURANT O O
진도 낙지 볶음 먹거리 좋으려나,S-LOCATION B-RESTAURANT E-RESTAURANT O O
군산 먹거리 먹거리 나쁠까 정말,S-LOCATION O O O O
곡성 도토리 묵 먹거리 없을까,S-LOCATION B-RESTAURANT E-RESTAURANT O O
단양 김밥 먹거리 맛있겠지 아마,S-LOCATION S-RESTAURANT O O O
전북 순창 김밥 볶음 먹거리 가면 좋겠다,B-LOCATION E-LOCATION B-RESTAURANT E-RESTAURANT O O O
혹시 의령 참치찌개 먹거리 안 맛있겠지,O S-LOCATION S-RESTAURANT O O O
양양 참치전 맛집 없을까,S-LOCATION S-RESTAURANT O O
화천 김치전 맛집 필요해,S-LOCATION S-RESTAURANT O O
오늘 청송 물회 맛집 가볼까,S-DATE S-LOCATION S-RESTAURANT O O
구례 파전 볶음 맛집 챙길까 말까,S-LOCATION B-RESTAURANT E-RESTAURANT O O O
무주 맛집 궁금한데 알려주겠니,S-LOCATION O O O
진안 혹시 볶음 맛집 어디지,S-LOCATION O S-RESTAURANT O O
막걸리 핫한 양구 맛집 어딜까요,S-RESTAURANT O S-LOCATION O O
막걸리 핫한 군위 맛집 어딜까,S-RESTAURANT O S-LOCATION O O
장수 가는데 뭐 먹어볼까,S-LOCATION O O O
영양 오징어 숙회 맛집 알려주겠니,S-LOCATION B-RESTAURANT E-RESTAURANT O O
울릉 베이컨 맛집 정보 알려주세요,S-LOCATION S-RESTAURANT O O O
혹시 그 때 종로구 맛집 어떨까,O O O S-LOCATION O O
그 때 관악구 맛집 좋겠지,O O S-LOCATION O O
서초구 베이컨 맛집 어떨 것 같은데,S-LOCATION S-RESTAURANT O O O O
강동구 맛집 어떨까요,S-LOCATION O O
도봉구 목살 맛집 어때요,S-LOCATION S-RESTAURANT O O
중랑구 산 낙지 맛있는 곳 추천,S-LOCATION B-RESTAURANT E-RESTAURANT O O O
광진구 오징어 튀김 맛집,S-LOCATION B-RESTAURANT E-RESTAURANT O
전주 비빔밥 맛집 없을까,S-LOCATION S-RESTAURANT O O
전주 상추튀김 맛집 없을까,S-LOCATION S-RESTAURANT O O
서울 마포구 맛집 어딜까요,B-LOCATION E-LOCATION O O
서울 영등포구 맛집 어딜까요,B-LOCATION E-LOCATION O O
홍대 담백한 맛집 추천해줘,S-LOCATION O O O
서울 성동구 맛집 추천해줘,B-LOCATION E-LOCATION O O
서울 송파구 맛집 필요해,B-LOCATION E-LOCATION O O
서울 서초구 맛집 어딜까,B-LOCATION E-LOCATION O O
막창 어디지 배고파,S-RESTAURANT O O
망원동 가는데 배고파,S-LOCATION O O
갈비탕 맛집 어디지,S-RESTAURANT O O
설렁탕 어디인지 배고프네,S-RESTAURANT O O
부산 회 맛집 궁금해,S-LOCATION S-RESTAURANT O O
함흥 냉면 맛집 궁금해,S-LOCATION S-RESTAURANT O O
파전 맛집 알려줄래,S-RESTAURANT O O
부추전 맛집 필요해,S-RESTAURANT O O
감자탕 맛집 궁금해,S-RESTAURANT O O
이태원 맛집 궁금해,S-LOCATION O O
순대국밥 핫한 맛집 어때,S-RESTAURANT O O O
스파게티 핫한 먹어 어디인지,S-RESTAURANT O O O
핫한 치킨 먹어 어디인지,O S-RESTAURANT O O
마라도 자장면 레스토랑 궁금해,S-LOCATION S-RESTAURANT O O
유성구 핫한 빵 레스토랑 알려주세요,S-LOCATION O S-RESTAURANT O O
육회 비빔밥 레스토랑 어디인지,S-RESTAURANT S-RESTAURANT O O
비빔국수 핫한 레스토랑 어디인지,S-RESTAURANT O O O
수제피자 레스토랑 궁금해,S-RESTAURANT O O
수제햄버거 레스토랑 굼금해,S-RESTAURANT O O
탕수육 핫한 레스토랑 궁금해요,S-RESTAURANT O O O
내일 계룡 가는데 배고파,S-DATE S-LOCATION O O
내일 청주 가는데 레스토랑 궁긍해,S-DATE S-LOCATION O O O
상당구 있는 레스토랑 어디인지,S-LOCATION O O O
서대문구 가는데 담백한 레스토랑 어디인지,S-LOCATION O O O O
칼국수 레스토랑 궁금해,S-RESTAURANT O O
커피 레스토랑 어디인지,S-RESTAURANT O O
마포구 담백한 레스토랑 어디인지,S-LOCATION O O O
동작구 담백한 레스토랑 궁금해,S-LOCATION O O O
팥죽 인스타 요리 어디인지,S-RESTAURANT O O O
담백한 스파게티 인스타 요리 어디였지,O S-RESTAURANT O O O
담백한 돼지국밥 인스타 요리 궁금해,O S-RESTAURANT O O O
전복구이 인스타 요리 어디였지,S-RESTAURANT O O O
을왕리 가는데 뭐 먹을까,S-LOCATION O O O
담백한 오리고기 인스타 요리 어디였지,O S-RESTAURANT O O O
동대문구 요리 어디였지,S-LOCATION O O
신촌 요리 필요해,S-LOCATION O O
팥빙수 요리 어디였지,S-RESTAURANT O O
떡볶이 요리 궁금해,S-RESTAURANT O O
도봉구 주변 요리 어디였지,S-LOCATION O O O
성수동 주변 요리 궁금해,S-LOCATION O O O
노원구 주변 요리 알려주세요,S-LOCATION O O O
금천구 주변 요리 어디였지,S-LOCATION O O O
삼계탕 요리 어디였지,S-RESTAURANT O O
구로구 주변 요리 어디였지,S-LOCATION O O O
광진구 주변 요리 어디였지,S-LOCATION O O O
관악구 주변 요리 어디였지,S-LOCATION O O O
타코 요리 알려줘,S-RESTAURANT O O
와플 뭐 먹을지 모르겠어,S-RESTAURANT O O O
카레 요리 알려줘,S-RESTAURANT O O
돌솥밥 잘하는 곳 말려줘,S-RESTAURANT O O O
추어탕 잘하는 곳 알려주세요,S-RESTAURANT O O O
역삼동 가는데 요리 알려줘,S-LOCATION O O O
대치동 잘하는 곳 궁금해,S-LOCATION O O O
청담동 잘하는 곳 알려줘,S-LOCATION O O O
도곡동 가는데 화제 곳 알려줘,S-LOCATION O O O O
신사동 잘하는 곳 궁금해요,S-LOCATION O O O
압구정동 요리 알려주세요,S-LOCATION O O
서교동 요리 궁금해,S-LOCATION O O
아현동 잘하는 곳 알려줘,S-LOCATION O O O
강서구 뭐 먹어야해,S-LOCATION O O
신수동 주변 요리 알려줘,S-LOCATION O O O
닭갈비 화제 요리 알려줘,S-RESTAURANT O O O
망원동 백숙 요리 알려줘,S-LOCATION S-RESTAURANT O O
합정동 찜닭 요리 알려줘,S-LOCATION S-RESTAURANT O O
영등포구 주변 요리 알려줘,S-LOCATION O O O
강북구 주변 요리 알려줘,S-LOCATION O O O
수제 파스타 요리 궁금해,B-RESTAURANT E-RESTAURANT O O
숯불갈비 요리 알려줘,S-RESTAURANT O O
바베큐 요리 알려줘,S-RESTAURANT O O
화덕구이 요리 궁금해요,S-RESTAURANT O O
부대찌개 요리 궁금해요,S-RESTAURANT O O
김치돼지찜 요리 궁금해,S-RESTAURANT O O
고로케 요리 궁금해,S-RESTAURANT O O
수제비 요리 알려줘,S-RESTAURANT O O
비빔국수 요리 알려줘,S-RESTAURANT O O
육개장 요리 갈까,S-RESTAURANT O O
강동 주변 요리 갈까,S-LOCATION O O O
이대 주변 요리 있을까,S-LOCATION O O O
노량진 주변 요리 알려줘,S-LOCATION O O O
강남 주변 요리 알려줘,S-LOCATION O O O
목포 주변 요리 갈까,S-LOCATION O O O
춘천 주변 요리 알려줘,S-LOCATION O O O
시흥 주변 요리 알려줘,S-LOCATION O O O
안산 맛집 알려줘,S-LOCATION O O
속초 뭐 먹을까,S-LOCATION O O
청주 맛집 갈까,S-LOCATION O O
부산 뭐 먹을까,S-LOCATION O O
강릉 주변 맛집 가볼까,S-LOCATION O O O
전주 맛집 궁금해,S-LOCATION O O
수원 주변 맛집 궁금해,S-LOCATION O O O
용인 주변 맛집 알려줘,S-LOCATION O O O
제주 서귀포 주변 뭐 먹을까,B-LOCATION E-LOCATION O O O
강원도 평택 주변 맛집 궁금해,B-LOCATION E-LOCATION O O O
해장국 화제 맛집 알려줘,S-RESTAURANT O O O
유부전골 잘하는 곳 알려줘,S-RESTAURANT O O O
족발 잘하는 곳 알려줘,S-RESTAURANT O O O
파주 담백한 족발 맛집 알려줘,S-LOCATION O O O O
대구탕 화제 맛집 알려줘,S-RESTAURANT O O O
복어탕 화제 맛집 어딘데,S-RESTAURANT O O O
쭈꾸미 화제 맛집 어딘데,S-RESTAURANT O O O
홍어 화제 맛집 알려줘,S-RESTAURANT O O O
갈비찜 잘하는 곳 추천해줘,S-RESTAURANT O O O
잡채 잘하는 곳 추천해줘,S-RESTAURANT O O O
북어 군침 맛집 추천해줘,S-RESTAURANT O O O
만두 군침 맛집 추천해줘,S-RESTAURANT O O O
굴 군침 맛집 추천해줘,S-RESTAURANT O O O
녹차 먹고싶은데 어디서 먹어,S-RESTAURANT O O O
광명 왔는데 여기 맛집 있을까,S-LOCATION O O O O
인천 왔는데 담백한 맛집 알려줘,S-LOCATION O O O O
대전 담백한 주변 맛집 알려줘,S-LOCATION O O O O
울산 왔는데 주변 맛집 어딘데,S-LOCATION O O O O
광주 왔거든 담백한 맛집 알려줘,S-LOCATION O O O O
대구 왔는데 맛집 알려줘,S-LOCATION O O O
부산 왔다 맛집 있을까,S-LOCATION O O O
인천 짭짤한 맛집 알려줘,S-LOCATION O O O
닭강정 잘하는 집 알려줘,S-RESTAURANT O O O
순대 잘하는 집 어딘데,S-RESTAURANT O O O
콩나물국밥 잘하는 집 알려줘,S-RESTAURANT O O O
닭볶음탕 잘하는 집 알려줘,S-RESTAURANT O O O
초밥 유명한 맛집 어딘데,S-RESTAURANT O O O
시래깃국 유명한 곳 추천해줘,S-RESTAURANT O O O
아귀찜 유명한 곳 말해줘,S-RESTAURANT O O O
서울 왔는데 여기서 맛집 소개해줘,S-LOCATION O O O O
여기서 뭐 먹을까,O O O
먼지 알려주겠니,O O
먼지 정보 알려주세요,O O O
전주 미세먼지 어떤지 말해줘,S-LOCATION O O O
미세먼지 궁금해서 물어봤어,O O O
화요일 마스크 필요할까,S-DATE O O
월요일 공기 깨끗하니,S-DATE O O
서울 다음 주 먼지 알려줄래요,S-LOCATION B-DATE E-DATE O O
부안 먼지 어떻게 돼,S-LOCATION O O O
토요일 서천 공기 상태 좀 알려줄수 있니,S-DATE S-LOCATION O O O O O
월요일 공기상태 알려줄수 있어,S-DATE O O O
이번 주 가로수길 공기 알려줄래,B-DATE E-DATE S-LOCATION O O
구암 다음 주 공기 알려줘,S-LOCATION B-DATE E-DATE O O
이번 주 영등포 공기 말해줘,B-DATE E-DATE S-LOCATION O O
구로 다음 주 공기 알려줄래,S-LOCATION B-DATE E-DATE O O
마스크 챙겨야하나 모르겠네,O O O
월요일 여행갈건데 먼지 알려줘,S-DATE O O O
먼지 궁금하네,O O
토요일 먼지 심하니,S-DATE O O
월요일 미세먼지 어떨까,S-DATE O O
현재 지금 먼지 많니,B-DATE E-DATE O O
먼지 알려주세요 궁금해요,O O O
먼지 궁금해서,O O
먼지 안 심해야 하는데,O O O O
공기상태 알려줘,O O
일산 공기 상태 어떻게 돼요,S-LOCATION O O O O
토요일 안암 공기 상태 좀 알려줄수 있니,S-DATE S-LOCATION O O O O O
월요일 공기 알려줄 수 있어,S-DATE O O O O
이번 주 홍대 공기 알려줄래,B-DATE E-DATE S-LOCATION O O
남구 다음 주 공기 알려줘,S-LOCATION B-DATE E-DATE O O
이번 주 보령 공기 줘,B-DATE E-DATE S-LOCATION O O
공기 맑을까,O O
공기 공기 심하니,O O O
밀양 공기 심하면 안되는데,S-LOCATION O O O
공기 맑을까 그 때,O O O O
혹시 공기 심하니,O O O
그 때 혹시 공기 상태 나쁠까,O O O O O O
나 화요일 여행가는데 공기 알려줘,O S-DATE O O O
미세먼지 없나,O O
지금 먼지 많네,S-DATE O O
현재 미세먼지 많이 없니,S-DATE O O O
먼지 많이 없니,O O O
공기 많이 깨끗하지,O O O
먼지 많이 심할까,O O O
알려줘 공기,O O
월요일 마스크 챙길까,S-DATE O O
마스크 써야하나,O O
이번 주 공기 많이 없니,B-DATE E-DATE O O O
월요일 공기 심하겠지,S-DATE O O
헉 혹시 공기 심할까,O O O O
먼지 심하니,O O
월요일 공기 상태 나쁠까,S-DATE O O O
먼지 심하겠지 아마,O O O
먼지 심해지려나,O O
토요일 공기 심하니,S-DATE O O
미세먼지 알려줘,O O
화요일 공기 상태 나쁠까,S-DATE O O O
공기 상태 나쁠까,O O O
혹시 화요일 공기 심하니 마스크 챙길까,O S-DATE O O O O
마스크 필요하니,O O
하늘 심하니,O O
미세먼지 없으려,O O
먼지 꼈니,O O
강남 미세먼지 심할까,S-LOCATION O O
공기 상태 심해질까,O O O
그 때 하늘 어떠려나,O O O O
하늘 미세먼지 많이 심하니 그 날,O O O O O O
먼지 어떨 것 같아,O O O O
이번 주 공기 깨끗하니,B-DATE E-DATE O O
많이 공기 심하면 안될텐데,O O O O
다음 주 공기 알려줘,B-DATE E-DATE O O
화요일 공기 심할까,S-DATE O O
화요일 혹시 서대문구 공기 없으려나,S-DATE O S-LOCATION O O
토요일 미세먼지 심하니,S-DATE O O
군산 공기 상태 좋으려나,S-LOCATION O O O
공기 상태 나쁠까 정말,O O O O
먼지 없을까,O O
화요일 미세먼지 심하겠지 아마,S-DATE O O O
화요일 미세먼지 오면 안되는데,S-DATE O O O
혹시 미세먼지 안심하겠지,O O O
의정부 미세먼지 없을까,S-LOCATION O O
수요일 마스크 필요해,S-DATE O O
마스크 쓸까,O O
수요일 마스크 챙길까 말까,S-DATE O O O
먼지 궁금한데 알려주겠니,O O O
혹시 공기 알려줘,O O O
수요일모레 동두천 공기 궁금해요,S-DATE S-LOCATION O O
수요일모레 공기 궁금해,S-DATE O O
먼지 많이 심한가,O O O
서울 공기 알려주겠니,S-LOCATION O O
부산 공기 정보 알려주세요,S-LOCATION O O O
혹시 그 때 대구 공기 어떨까,O O O S-LOCATION O O
그 때 대전 공기 좋겠지,O O S-LOCATION O O
먼지 어떨 것 같은데,O O O O
울산 공기 어떨까요,S-LOCATION O O
송파구 황사 어때요,S-LOCATION O O
덕진구 현재 공기 말해주겠니,S-LOCATION S-DATE O O
청주 황사 어떠니,S-LOCATION O O
토요일 전주 황사 알려줘,S-DATE S-LOCATION O O
먼지 어떠려나,O O
그럼 구리 황사 어떨까,O S-LOCATION O O
전주 황사 어떤지 좀 말해줘,S-LOCATION O O O O
창원 황사 궁금해서 물어봤어요,S-LOCATION O O O
경기도 황사 알려주세요,S-LOCATION O O
공기 어떠려나,O O
현재 공기 어떠려나,S-DATE O O
현재공기 어떠려나,O O
토요일 황사 알려주겠니,S-DATE O O
먼지 궁금해,O O
현재 황사 어떤데,S-DATE O O
저기 북구 황사 어때,O S-LOCATION O O
현재 인천 황사 완전 문젠데,S-DATE S-LOCATION O O O
완주 모레 동대구 황사 궁금해,S-LOCATION S-DATE S-LOCATION O O
먼지 궁금해요,O O
완산구 현재 공기 상태 좋니,S-LOCATION S-DATE O O O
지금 황사 어때,S-DATE O O
송파구 공기 상태 좀 알려줄래,S-LOCATION O O O O
궁금해 부천 먼지,O S-LOCATION O
어때 좀 안산 먼지,O O S-LOCATION O
수요일 근데 원주 황사 어떠려나,S-DATE O S-LOCATION O O
울산 지금 미세먼지 없니,S-LOCATION S-DATE O O
하늘 미세먼지 없니 지금,O O O S-DATE
광주 공기상태 알려줘,S-LOCATION O O
어떤데 먼지,O O
먼지 알려줬으면 졸겠어,O O O
평창 황사 알려줘,S-LOCATION O O
토요일 미세먼지 없나,S-DATE O O
모레 여행갈건데 먼지 알려줘,S-DATE O O O
먼지 궁금하네,O O
토요일 먼지 심하니,S-DATE O O
수요일 오존 어떨까,S-DATE O O
알려주세요 춘천 먼지,O S-LOCATION O
광주 북구 먼지 어떠려나,B-LOCATION E-LOCATION O O
먼지 알려주세요 궁금해요,O O O
그 날 먼지 많이 심하겠지,O O O O O
맑으려나 수요일,O S-DATE
먼지 궁금해서,O O
먼지 안 심해야 하는데,O O O O
무주 공기상태 알려줘,S-LOCATION O O
수요일 공기 깨끗하니,S-DATE O O
완전 덥겠다,O O
하늘 공기 맑을까,O O O
하늘 먼지 심하니,O O O
지금 남원 오존 많이 없니,S-DATE S-LOCATION O O O
지금 경부 지방 많이 오존 심할까,S-DATE B-LOCATION E-LOCATION O O O
먼지 많이 심할까,O O O
알려줘 은평구 먼지,O S-LOCATION O
노원구 먼지 궁금하네,S-LOCATION O O
수요일 마스크 챙길까,S-DATE O O
진짜 영덕 그 때 심할까,O S-LOCATION O O O
임실 수요일 혹시 마스크 써야하나,S-LOCATION S-DATE O O O
이번 주 먼지 많이 없니,B-DATE E-DATE O O O
수요일 먼지 심하겠지,S-DATE O O
홍대 혹시 오존 심할까,S-LOCATION O O O
서울 먼지 심하니,S-LOCATION O O
먼지 껴서 흐린가,O O O
먼지 심하진 않겠지,O O O
너무 먼지 심하지 않으려나,O O O O
마스크 아마 챙겨야겠지,O O O
해운대 목요일 먼지 없을까,S-LOCATION S-DATE O O
오수 먼지 심하겠지 아마,S-LOCATION O O O
그 떄 오존 심할까,O O O O
먼지 심해지려나,O O
오존 알려줘,O O
서귀포 목요일 공기 상태 나쁠까,S-LOCATION S-DATE O O O
먼지 심하면 안되는데,O O O
제주 많이 공기 상태 나쁠까,S-LOCATION O O O O
먼지 너무 많이 없나,O O O O
혹시 목요일 먼지 심하니 마스크 챙길까,O S-DATE O O O O
여수 지금 마스크 필요하니,S-LOCATION S-DATE O O
순천 목요일 마스크 필요할까,S-LOCATION S-DATE O O
마스크 챙겨야하나 모르겠네,O O O
먼지 심하면 안되는데,O O O
건대 입구 공기 맑을까 그 때,S-LOCATION O O O O O
혹시 먼지 심하니,O O O
그 때 혹시 공기 상태 나쁠까,O O O O O O
나 목요일 여행가는데 먼지 알려줘,O S-DATE O O O
그 때 혹시 심하니,O O O O
하늘 심하니,O O
지금 먼지 없나,S-DATE O O
오존 없으려나,O O
이번 주 심할까,B-DATE E-DATE O
공기 상태 심해질까,O O O
그 때 하늘 어떠려나,O O O O
하늘 오존 많이 심하니 그 날,O O O O O O
먼지 어떨 것 같아,O O O O
이번 주 공기 깨끗하니,B-DATE E-DATE O O
많이 먼지 심하면 안될텐데,O O O O
다음 주 공기 알려줘,B-DATE E-DATE O O
목요일 먼지 심할까,S-DATE O O
먼지 많이 심하니,O O O
영월 먼지 많이 심한가,S-LOCATION O O O
금요일 혹시 먼지 없으려나,S-DATE O O O
일요일 오존 심하니,S-DATE O O
공기 상태 좋으려나,O O O
1월 1일 먼지 심한가요,B-DATE E-DATE O O
2월 12일 오존 심하려나,B-DATE E-DATE O O
3월 3일 오존 심한가,B-DATE E-DATE O O
4월 14일 먼지 심한가요,B-DATE E-DATE O O
5월 5일 추워서 오존 심한가,B-DATE E-DATE O O O
8일 호성동 먼지 알려줘,S-DATE S-LOCATION O O
6월 22일 먼지 심한가요,B-DATE E-DATE O O
12월 11일 더워서 어떠려나,B-DATE E-DATE O O
3월 2O일 먼지 와,B-DATE E-DATE O O
7월 4일 오존 와,B-DATE E-DATE O O
3월 17일 전주 하늘 먼지 심하니,B-DATE E-DATE S-LOCATION O O O
4월 12일 먼지 흐려서 안 되겠다,B-DATE E-DATE O O O O
이번 주 토요일 먼지 심하니,B-DATE I-DATE E-DATE O O
2월 1O일 먼지 심하니,B-DATE E-DATE O O
경주 이번 주 드디어 맑아,S-LOCATION B-DATE E-DATE O O
4월 11일 오존 심한가요,B-DATE E-DATE O O
2월 2O일 먼지 와,B-DATE E-DATE O O
8월 4일 오존 와,B-DATE E-DATE O O
1O월 16일 먼지 심하니,B-DATE E-DATE O O
이번 주 수요일 먼지 심하니,B-DATE I-DATE E-DATE O O
11월 6일 청원 먼지 심하니,B-DATE E-DATE S-LOCATION O O
이천 이번 주 심하려나 하늘,S-LOCATION B-DATE E-DATE O O
먼지 없을까,O O
금요일 오산 오존 심하겠지 아마,S-DATE S-LOCATION O O O
금요일 오존 심하니,S-DATE O O
혹시 오존 안심하겠지,O O O
그 날 먼지와서 힘들겠지,O O O O
오존 없을까,O O
약속 잡았는데 먼지 오네,O O O O
금요일 진주 마스크 필요해,S-DATE S-LOCATION O O
마스크 쓸까 말해줘,O O O
울릉도 금요일 마스크 챙길까 말까,S-LOCATION S-DATE O O O
먼지 궁금한데 알려주겠니,O O O
혹시 먼지 알려줘,O O O
그 때 혹시 심하니,O O O O
먼지 알려주세요,O O
공기 어떠려나,O O
지금 미세먼지 없니 현재,S-DATE O O S-DATE
공기 어때 현재,O O S-DATE
공기상태 알려줘,O O
아 먼지 심하네,O O O
어떤데 먼지,O O
먼지 알려줬으면 졸겠어,O O O
인천 금요일모레 먼지 궁금해요,S-LOCATION S-DATE O O
내일모레 먼지 궁금해,S-DATE O O
내일 공기 깨끗하니,S-DATE O O
이천 하늘 공기 맑을까,S-LOCATION O O O
화순 하늘 먼지 심하니,S-LOCATION O O O
지금 남원 오존 많이 없니,S-DATE S-LOCATION O O O
지금 경부 지방 먼지 많이 없니,S-DATE B-LOCATION E-LOCATION O O O
공기 깨끗하니,O O
노원구 먼지 궁금하네,S-LOCATION O O
이따가 마스크 챙길까,S-DATE O O
이태원 마스크 써야하나,S-LOCATION O O
이번 주 먼지 많이 없니,B-DATE E-DATE O O O
내일 먼지 심하겠지,S-DATE O O
일요일 먼지 알려주세요,S-DATE O O
혹시 이따 공기 상태 좀 알려줄래요,O S-DATE O O O O
내일 먼지 알려주세요,S-DATE O O
저번 주 먼지 말해주세요,B-DATE E-DATE O O
이번 주 먼지 없니,B-DATE E-DATE O O
먼지 어떠냐,O O
먼지 많이 심하려나,O O O
알려주세요 먼지,O O
먼지 꼈나,O O
먼지 끼었나,O O
지금 어떤데 먼지,S-DATE O O
다음 주 광명 먼지 알려주세요,B-DATE E-DATE S-LOCATION O O
지금 평택 먼지 알려주세요,S-DATE S-LOCATION O O
이번 주 광주 먼지 말해주라,B-DATE E-DATE S-LOCATION O O
내일 부산 먼지,S-DATE S-LOCATION O
내일 대구 먼지 말해,S-DATE S-LOCATION O O
이따 대전 먼지 말해줘,S-DATE S-LOCATION O O
일요일 먼지 뭐야,S-DATE O O
내일 부산 먼지 말해주라,S-DATE S-LOCATION O O
부산 먼지,S-LOCATION O
경북 내일 먼지 어때,S-LOCATION S-DATE O O
익산 먼지 어떨 것 같은지 말해줘,S-LOCATION O O O O O
2월 2O일 먼지 알려주겠니,B-DATE E-DATE O O
1월 3O일 먼지 정보 알려주세요,B-DATE E-DATE O O O
6월 그 때 먼지 어떨까,O O O O O
8월 그 때 먼지 좋으려나,O O O O O
호성동 먼지 어떨 것 같은데,S-LOCATION O O O O
덕진동 먼지 어때,S-LOCATION O O
송천동 먼지 말해줄래,S-LOCATION O O
나운동 먼지 어떠니,S-LOCATION O O
미룡동 먼지 많이 꼈나,S-LOCATION O O O
조촌동 먼지 어떠냐,S-LOCATION O O
금천구 야 먼지 어때,S-LOCATION O O O
노원구 일요일 먼지 알려줬으면,S-LOCATION S-DATE O O
5월 5일 먼지 어떠려나,B-DATE E-DATE O O
4월 8일 음성 먼지 어떤지 말해달라고,B-DATE E-DATE S-LOCATION O O O
1월 11일 먼지 궁금해서 물어봤는데,B-DATE E-DATE O O O
2월 28일 공기 상태 좀 알려주세요,B-DATE E-DATE O O O O
일요일 수원 공기 어떠려나,S-DATE S-LOCATION O O
고양시 현재 공기 어떠려나,S-LOCATION S-DATE O O
용인 일요일 먼지 알려주겠니,S-LOCATION S-DATE O O
성남 먼지 궁금해,S-LOCATION O O
부천 지금 먼지 어떤데,S-LOCATION S-DATE O O
화성 먼지 어때,S-LOCATION O O
남양주 먼지 완전 문젠데,S-LOCATION O O O
세종 먼지 한 번 알려줘,S-LOCATION O O O O
천안 모레 먼지 궁금해,S-LOCATION S-DATE O O
안산 먼지 궁금해요,S-LOCATION O O
안양 먼지 어떨까,S-LOCATION O O
김해 먼지 어때,S-LOCATION O O
평택 지금 먼지 어때,S-LOCATION S-DATE O O
파주 공기 상태 좀 알려줄래,S-LOCATION O O O O
궁금해 의정부 먼지,O S-LOCATION O
어때 김포 먼지,O S-LOCATION O
내일 근데 구미 먼지 어떠려나,S-DATE O S-LOCATION O O
양산 오존 없니 지금,S-LOCATION O O S-DATE
원주 하늘 오존 없니 지금,S-LOCATION O O O S-DATE
진주 공기 어때 지금,S-LOCATION O O S-DATE
세종 공기상태 알려줘,S-LOCATION O O
아 광명 먼지 심하네,O S-LOCATION O O
어떤데 아산 먼지,O S-LOCATION O
익산 먼지 알려줬으면 졸겠어,S-LOCATION O O O
춘천 지금 오존 없나,S-LOCATION S-DATE O O
경산 하늘 오존 많네,S-LOCATION O O O
내일 군포 여행갈건데 오존 알려줘,S-DATE S-LOCATION O O O
하남 오존 궁금하네,S-LOCATION O O
일요일 여수 초미세먼지 심하니,S-DATE S-LOCATION O O
내일 경주 초미세먼지 어떨까,S-DATE S-LOCATION O O
거제도 초미세먼지 많이 심하려나,S-LOCATION O O O
목포 알려주세요 먼지,S-LOCATION O O
이천 초미세먼지 꼈나,S-LOCATION O O
강릉 초미세먼지 끼었나,S-LOCATION O O
양주 지금 하늘 초미세먼지 많니,S-LOCATION S-DATE O O O
충주 초미세먼지 알려주세요 궁금해요,S-LOCATION O O O
안성 맑으려나 내일,S-LOCATION O S-DATE
서산 초미세먼지 궁금해서,S-LOCATION O O
구리 내일 초미세먼지 안 심해야 하는데,S-LOCATION S-DATE O O O O
서귀포 공기상태 알려줘,S-LOCATION O O
당진 내일 공기 깨끗하니,S-LOCATION S-DATE O O
안동 다음 주 초미세먼지 알려줄래요,S-LOCATION B-DATE E-DATE O O
포천 먼지 어떻게 돼,S-LOCATION O O O
일요일 의왕 공기 상태 좀 알려줄수 있니,S-DATE S-LOCATION O O O O O
내일 초미세먼지 광양 알려줄수 있어,S-DATE O S-LOCATION O O
이번 주 제천 초미세먼지 알려줄래,B-DATE E-DATE S-LOCATION O O
논산 다음 주 초미세먼지 알려줘,S-LOCATION B-DATE E-DATE O O
이번 주 칠곡 초미세먼지 줘,B-DATE E-DATE S-LOCATION O O
여주 다음 주 초미세먼지 알려줄래,S-LOCATION B-DATE E-DATE O O
정읍 먼지 어떻게 돼요,S-LOCATION O O O
일요일 음성군 공기 상태 좀 알려줄수 있니,S-DATE S-LOCATION O O O O O
내일 양평 꽃가루 알려줄수 있어,S-DATE S-LOCATION O O O
이번 주 공주 꽃가루 알려줄래,B-DATE E-DATE S-LOCATION O O
완주 다음 주 꽃가루 알려줘,S-LOCATION B-DATE E-DATE O O
이번 주 상주 꽃가루 줘,B-DATE E-DATE S-LOCATION O O
영천 내일 하늘 공기 맑을까,S-LOCATION S-DATE O O O
동해 일요일 꽃가루 심하니,S-LOCATION S-DATE O O
김제 지금 꽃가루 많이 없니,S-LOCATION S-DATE O O O
무안 꽃가루 없니,S-LOCATION O O
진천 꽃가루 많이 심하니,S-LOCATION O O O
예산군 꽃가루 알려줘,S-LOCATION O O
문경 내일 마스크 챙길까,S-LOCATION S-DATE O O
속초 모레 마스크 써야하나,S-LOCATION S-DATE O O
이번 주 삼척 꽃가루 많이 없니,B-DATE E-DATE S-LOCATION O O O
홍천 내일 먼지 심하겠지,S-LOCATION S-DATE O O
해남 혹시 공기 깨끗하니,S-LOCATION O O O
창녕 꽃가루 심하니,S-LOCATION O O
내일 태안 공기 상태 나쁠까,S-DATE S-LOCATION O O O
고흥 먼지 심하겠지 아마,S-LOCATION O O O
화순 꽃가루 심해지려나,S-LOCATION O O
거창 일요일 꽃가루 심하니,S-LOCATION S-DATE O O
가평 꽃가루 알려줘,S-LOCATION O O
내일 고창 공기 상태 나쁠까,S-DATE S-LOCATION O O O
서천 공기 상태 나쁠까,S-LOCATION O O O
혹시 내일 금산 먼지 심하니 마스크 챙길까,O S-DATE S-LOCATION O O O O
부안 일요일 마스크 필요하니,S-LOCATION S-DATE O O
내일 옥천 마스크 필요할까,S-DATE S-LOCATION O O
영광 마스크 챙겨야하나 모르겠네,S-LOCATION O O O
울진 꽃가루 심하면 안되는데,S-LOCATION O O O
완도 공기 맑을까 그 때,S-LOCATION O O O O
혹시 담양 이번 주 꽃가루 심하니,O S-LOCATION B-DATE E-DATE O O
그 때 횡성 혹시 공기 상태 나쁠까,O O S-LOCATION O O O O
나 내일 계룡 여행가는데 꽃가루 알려줘,O O S-LOCATION O O O
그 때 혹시 심하니,O O O O
장성 하늘 심하니,S-LOCATION O O
청도 이따가 꽃가루 없으려나,S-LOCATION S-DATE O O
괴산 꽃가루 꼈니,S-LOCATION O O
강남 하늘 공기상태 심할까,S-LOCATION O O O
함양 일요일 꽃가루 내리나,S-LOCATION S-DATE O O
그 때 하늘 어떠려나,O O O O
증평 하늘 꽃가루 많이 심하니 그 날,S-LOCATION O O O O O O
영월 꽃가루 어떨 것 같아,S-LOCATION O O O O
이번 주 장흥 공기 깨끗하니,B-DATE E-DATE S-LOCATION O O
영덕 많이 공기상태 심하면 안될텐데,S-LOCATION O O O O
다음 주 정선 공기 알려줘,B-DATE E-DATE S-LOCATION O O
내일 강진 꽃가루 심할까,S-DATE S-LOCATION O O
내일 혹시 보은 꽃가루 없으려나,S-DATE O S-LOCATION O O
오늘 인제 미세먼지 심하니,S-DATE S-LOCATION O O
진도 공기 상태 좋으려나,S-LOCATION O O O
군산 미세먼지 공기 상태 나쁠까 정말,S-LOCATION O O O O O
곡성 공기상태 없을까,S-LOCATION O O
내일 단양 미세먼지 심하겠지 아마,S-DATE S-LOCATION O O O
내일 순창 미세먼지 오면 안되는데,S-DATE S-LOCATION O O O
혹시 의령 미세먼지 안 심하겠지,O S-LOCATION O O O
양양 의정부 미세먼지 없을까,B-LOCATION E-LOCATION O O
내일 화천 마스크 필요해,S-DATE S-LOCATION O O
청송 마스크 쓸까,S-LOCATION O O
그 때 먼지 어떨까,O O O O
그 때 먼지 좋으려나,O O O O
미세먼지 어떨 것 같은데,O O O O
먼지 어때,O O
미세먼지 말해줄래,O O
먼지 어떠니,O O
먼지 많이 꼈나,O O O
먼지 어떠냐,O O
야 미세먼지 어때,O O O
토요일 먼지 알려줘,S-DATE O O
먼지 어떠려나,O O
내일 구례 마스크 챙길까 말까,S-DATE S-LOCATION O O O
무주 공기상태 궁금한데 알려주겠니,S-LOCATION O O O
진안 혹시 공기상태 알려줘,S-LOCATION O O O
내일모레 양구 공기상태 궁금해요,S-DATE S-LOCATION O O
내일모레 군위 공기상태 궁금해,S-DATE S-LOCATION O O
장수 공기상태 많이 심한가,S-LOCATION O O O
영양 공기상태 알려주겠니,S-LOCATION O O
울릉 공기상태 정보 알려주세요,S-LOCATION O O O
혹시 그 때 종로구 공기상태 어떨까,O O O S-LOCATION O O
그 때 관악구 공기상태 좋겠지,O O S-LOCATION O O
서초구 공기상태 어떨 것 같은데,S-LOCATION O O O O
강동구 공기상태 어떨까요,S-LOCATION O O
도봉구 공기상태 어때요,S-LOCATION O O
중랑구 현재 공기 말해주겠니,S-LOCATION S-DATE O O
광진구 청주 공기상태 어떠니,B-LOCATION E-LOCATION O O
오늘 용산구 공기상태 알려줘,S-DATE S-LOCATION O O
마포구 공기상태 어떨까,S-LOCATION O O
그럼 강남 공기상태 어떨까,O O O O
강동 공기상태 어떤지 좀 말해줘,S-LOCATION O O O O
동작구 공기상태 궁금해서 물어봤어요,S-LOCATION O O O
경상도 공기상태 알려주세요,S-LOCATION O O
경남 공기 어떠려나,S-LOCATION O O
전북 현재 공기 어떠려나,S-LOCATION S-DATE O O
전남 스모크 어떠려나,S-LOCATION O O
오늘 전북 스모크 알려주겠니,S-DATE S-LOCATION O O
영등포 스모크 궁금해,S-LOCATION O O
현재 양천구 스모크 어떤데,S-DATE S-LOCATION O O
저기 마포구 스모크 어때,O S-LOCATION O O
현재 성북구 스모크 완전 문젠데,S-DATE S-LOCATION O O O
중랑구 스모크 궁금해,S-LOCATION O O
용산구 스모크 궁금해요,S-LOCATION O O
종로구 현재 공기 상태 좋니,S-LOCATION S-DATE O O O
현재 스모크 어때,S-DATE O O
송파구 공기 상태 좀 알려줄래,S-LOCATION O O O O
궁금해 마포구 스모크,O S-LOCATION O
제주시 스모크 궁금해,S-LOCATION O O
합천군 스모크 궁금해,S-LOCATION O O
오늘 함안군 공기 어때,S-DATE S-LOCATION O O
창녕군 공기 어떨까,S-LOCATION O O
고성군 스모크 알려줘,S-LOCATION O O
거제시 스모그 알려줄래,S-LOCATION O O
오늘 의성군 스모그 알려줘,S-DATE S-LOCATION O O
울진군 공기 어때,S-LOCATION O O
영천시 스모그 어떨까요,S-LOCATION O O
구미시 스모그 어때요,S-LOCATION O O
봉화군 공기 어떨까,S-LOCATION O O
태안군 공기 알려줘,S-LOCATION O O
궁금해 스모그 논산시,O O S-LOCATION
계룡시 스모그 어떨까,S-LOCATION O O
오늘 청주시 흥덕구 스모그 알려줘,S-DATE B-LOCATION E-LOCATION O O
오늘 진천군 스모그 어때,S-DATE S-LOCATION O O
증평군 공기 어떨까,S-LOCATION O O
제천시 공기 알려줘,S-LOCATION O O
화천군 공기 어때,S-LOCATION O O
홍천군 공기 알려줘,S-LOCATION O O
원주시 공기 물어볼게,S-LOCATION O O
영월군 공기 알려줄래,S-LOCATION O O
서초구 공기 어때,S-LOCATION O O
속초시 스모그 알려줘,S-LOCATION O O
강릉시 스모그 궁금해,S-LOCATION O O
울산 북구 스모그 어때,B-LOCATION E-LOCATION O O
계양구 스모그 알려줘,S-LOCATION O O
오늘 부평구 스모그 어때,S-DATE S-LOCATION O O
인천 서구 공기 궁금해,B-LOCATION E-LOCATION O O
연수구 공기 알려줘,S-LOCATION O O
미추홀구 공기 궁금해요,S-LOCATION O O
사하구 공기 어때,S-LOCATION O O
해운대구 공기 어떠려나,S-LOCATION O O
오늘 북구 스모그 어때,S-DATE S-LOCATION O O
오늘 동래구 공기 알려줘,S-DATE S-LOCATION O O
금정구 스모그 어때,S-LOCATION O O
부산 강서구 공기 알려줘,B-LOCATION E-LOCATION O O
오늘 안성시 공기 알려줄래,S-DATE S-LOCATION O O
수원시 팔달구 공기 알려줘,B-LOCATION E-LOCATION O O
동두천시 공기 알려줘,S-LOCATION O O
양주시 스모그 궁금해,S-LOCATION O O
양주시 공기 알려주세요,S-LOCATION O O
안성시 공기 어때,S-LOCATION O O
합정동 공기 알려줘,S-LOCATION O O
망원동 공기 알려줘,S-LOCATION O O
연천군 공기 어떨까,S-LOCATION O O
이천시 스모그 어떨까요,S-LOCATION O O
하남시 스모그 궁금해요,S-LOCATION O O
화성시 스모그 알려줘,S-LOCATION O O
군포시 공기 알려주세요,S-LOCATION O O
구리시 공기 알려줘,S-LOCATION O O
광명시 공기 궁금합니다,S-LOCATION O O
고양시 덕양구 스모그 알려줘,B-LOCATION E-LOCATION O O
가평군 공기 궁금해,S-LOCATION O O
구로구 스모그 알려줘,S-LOCATION O O
은평구 스모그 알려줘,S-LOCATION O O
종로구 스모그 궁금해,S-LOCATION O O
오늘 궁금해 익산시 스모그,S-DATE O S-LOCATION O
인천 동구 스모그 궁금해,B-LOCATION E-LOCATION O O
웅진군 공기 궁금해,S-LOCATION O O
부산진구 공기 알려줘,S-LOCATION O O
동래구 스모그 알려줄래,S-LOCATION O O
음성군 스모그 알려주세요,S-LOCATION O O
고양시 일산서구 스모그 알려줄래,B-LOCATION E-LOCATION O O
의정부시 공기 궁금해,S-LOCATION O O
용인시 수지구 공기 어때,B-LOCATION E-LOCATION O O
오산시 공기 알려줘,S-LOCATION O O
성남시 분당구 공기 알려주세요,B-LOCATION E-LOCATION O O
삼척시 공기 궁금해요,S-LOCATION O O
오늘 원주시 스모그 어때요,S-DATE S-LOCATION O O
한강 가는데 근처 미세먼지 알려줘,S-LOCATION O O O O
광화문 미세먼지 알려줘,S-LOCATION O O
통영시 스모그 어때,S-LOCATION O O
광주시 스모그 알려줘,S-LOCATION O O
사천시 스모그 어떠니,S-LOCATION O O
안산시 황사 알려줄래,S-LOCATION O O
여주시 미세먼지는,S-LOCATION O
파주시 황사 알려줘,S-LOCATION O O
남구 공기 어때,S-LOCATION O O
수영구 공기 알려줘,S-LOCATION O O
동래구 황사 궁금해,S-LOCATION O O
태백시 공기 어때,S-LOCATION O O
설악산 가는데 근처 공기 어떠니,S-LOCATION O O O O
한라산 가는데 근처 공기 어때,S-LOCATION O O O O
성미산 가는데 근처 황사 어때,S-LOCATION O O O O
하늘공원 가는데 근처 황사 궁금해,S-LOCATION O O O O
시청 가는데 근처 황사 궁금해,S-LOCATION O O O O
오늘 경리단길 가는데 황사 어때,S-DATE S-LOCATION O O O
오늘 망리단길 가는데 공기 어떠니,S-DATE S-LOCATION O O O
오늘 을왕리 가는데 근처 미세먼지 어때,S-DATE S-LOCATION O O O O
임자도 황사 어때,S-LOCATION O O
교동도 황사 알려줘,S-LOCATION O O
자은도 가려는데 오늘 황사 알려줄래,S-LOCATION O S-DATE O O
압해도 가는데 황사 궁금해요,S-LOCATION O O O
연평도 가려는데 오늘 황사 어때,S-LOCATION O S-DATE O O
현재 공기 어떠려나,S-DATE O O
토요일 먼지 알려주겠니,S-DATE O O
먼지 궁금해,O O
지금 먼지 어떤데,S-DATE O O
저기 먼지 어때,O O O
먼지 완전 문젠데,O O O
세종 먼지 한 번 알려줘,S-LOCATION O O O O
모레 먼지 궁금해,S-DATE O O
먼지 궁금해요,O O
먼지 어떨까,O O
지금 공기 상태 심해지네,S-DATE O O O
현재 먼지 어때,S-DATE O O
공기 상태 좀 알려줄래,O O O O
궁금해 먼지,O O
어때 좀 먼지,O O O
월요일 근데 먼지 어떠려나,S-DATE O O O
미세먼지 없니 현재,O O S-DATE
생일도 황사 알려주세요,S-LOCATION O O
원산도 오늘 황사 알려줘,S-LOCATION S-DATE O O
안도 오늘 황사 어때,S-LOCATION S-DATE O O
오늘 죽도 미세먼지 어때,S-DATE S-LOCATION O O
외도 가는데 미세먼지 어때,S-LOCATION O O O
가덕도 오늘 미세먼지 알려줘,S-LOCATION S-DATE O O
석모도 황사 궁금해요,S-LOCATION O O
신의도 오늘 황사 알려줄래,S-LOCATION S-DATE O O
사랑도 오늘 미세먼지 알려줄래,S-LOCATION S-DATE O O
팔금도 오늘 미세먼지 궁금해,S-LOCATION S-DATE O O
외나로도 황사 알려줘,S-LOCATION O O
우도 황사 알려줘,S-LOCATION O O
선유도 오늘 미세먼지 어때,S-LOCATION S-DATE O O
영흥도 오늘 미세먼지 알려줄래,S-LOCATION S-DATE O O
중도 오늘 황사 알려줘,S-LOCATION S-DATE O O
도초도 황사 어때,S-LOCATION O O
거제도 황사 알려줄래,S-LOCATION O O
금오도 황사 궁금해요,S-LOCATION O O
자은도 황사 알려주세요,S-LOCATION O O
가거도 황사 어때요,S-LOCATION O O
청산도 가려는데 오늘 황사 궁금해요,S-LOCATION O S-DATE O O
보길도 가는데 미세먼지 알려줘,S-LOCATION O O O
거문도 가려는데 오늘 황사 어때요,S-LOCATION O S-DATE O O
흑산도 가려는데 오늘 미세먼지 알려줘,S-LOCATION O S-DATE O O
백령도 오늘 황사 알려줘,S-LOCATION S-DATE O O
안면도 황사 오늘 어때,S-LOCATION O S-DATE O
강화도 가려는데 오늘 미세먼지 궁금해요,S-LOCATION O S-DATE O O
대부도 가려는데 오늘 황사 어때,S-LOCATION O S-DATE O O
독도 가려는데 황사 알려줄래,S-LOCATION O O O
울릉도 가는데 황사 알려줘,S-LOCATION O O O
부평구 가려는데 미세먼지 알려줘,S-LOCATION O O O
방배동 오늘 황사 알려줘,S-LOCATION S-DATE O O
상암동 황사 알려줄래,S-LOCATION O O
논현동 황사좀 알려줘,S-LOCATION O O
삼성동 오늘 미세먼지 알려줘,S-LOCATION S-DATE O O
개봉동 가는데 황사 어때,S-LOCATION O O O
신수동 가는데 미세먼지 알려줘,S-LOCATION O O O
잠실 가려는데 근처 황사 알려줘,S-LOCATION O O O O
가락동 가는데 황사 알려줘,S-LOCATION O O O
서울 종로 오늘 미세먼지 알려줘,B-LOCATION E-LOCATION S-DATE O O
월계동 미세먼지 궁금해요,S-LOCATION O O
여의도 가는데 오늘 미세먼지 어때요,S-LOCATION O S-DATE O O
문정동 가는데 황사 어떤가요,S-LOCATION O O O
대포동 가려는데 오늘 황사 어때,S-LOCATION O S-DATE O O
경주 가는데 오늘 미세먼지 어때,S-LOCATION O S-DATE O O
날씨 알려주겠니,O O
날씨 정보 알려주세요,O O O
그 때 기온 어떨까,O O O O
그 때 기온 좋으려나,O O O O
기온 어떨 것 같은데,O O O O
따뜻하니 기온,O O
인천 기온 따뜻해,S-LOCATION O O
부산 시원해,S-LOCATION O
부산 시원하니,S-LOCATION O
시원한 기온니,O O
밀양 지금 기온 시원해,S-LOCATION S-DATE O O
구름 껴서 기온 쌀쌀해,O O O O
모레 기온 알려줘,S-DATE O O
기온 어떠려나,O O
전주 기온 어떤지 말해줘,S-LOCATION O O O
기온 궁금해서 물어봤어,O O O
기온 알려주세요,O O
기온 어떠려나,O O
체감 기온 어떠려나,O O O
모레 날씨 알려주겠니,S-DATE O O
날씨 궁금해,O O
지금 날씨 어떤데,S-DATE O O
저기 날씨 어때,O O O
날씨 완전 문젠데,O O O
전주 날씨 시원할까,S-LOCATION O O
시원한 날씨니,O O
전주 날씨 한 번 알려줘,S-LOCATION O O O O
모레 날씨 궁금해,S-DATE O O
날씨 궁금해요,O O
날씨 어떨까,O O
하늘 우박 떨어지네,O O O
지금 날씨 어때,S-DATE O O
체감날씨 좀 알려줄래,O O O
궁금해 체감날씨,O O
어때 좀 체감온도,O O O
화요일 근데 온도 어떠려나,S-DATE O O O
해 떴니 지금,O O S-DATE
하늘 해 떴니 지금,O O O S-DATE
날씨 어때 지금,O O S-DATE
날씨 알려주세요,O O
아 온도 흐리네,O O O
어떤데 온도,O O
온도 알려줬으면 졸겠어,O O O
천둥 치나,O O
하늘 구름 많네,O O O
화요일 여행갈건데 온도 알려줘,S-DATE O O O
온도 궁금하네,O O
모레 맑니,S-DATE O
화요일 해 뜰까,S-DATE O O
온도 많이 흐리려나,O O O
알려주세요 온도,O O
구름 꼈나,O O
구름 끼었나,O O
지금 하늘 구름 많니,S-DATE O O O
온도 알려주세요 궁금해요,O O O
맑으려나 화요일,O S-DATE
기상상태 궁금해서,O O
비 안 내려야 하는데,O O O O
기상상태 따뜻하려나,O O
날씨 따뜻하겠지,O O
부천 현재 바람 시원하니,S-LOCATION S-DATE O O
날씨 알려주세요,O O
화요일 맑겠지,S-DATE O
서울 다음 주 기상상태 알려줄래요,S-LOCATION B-DATE E-DATE O O
부안 기상상태 어떻게 돼,S-LOCATION O O O
모레 서천 기상상태 좀 알려줄수 있니,S-DATE S-LOCATION O O O O
화요일 기상상태 영덕 알려줄수 있어,S-DATE O S-LOCATION O O
이번 주 날씨 기상상태 알려줄래,B-DATE E-DATE O O O
구암 다음 주 기상상태 알려줘,S-LOCATION S-DATE S-DATE O O
이번 주 영등포 기상상태 줘,S-DATE S-DATE S-LOCATION O O
구로 다음 주 기상상태 알려줄래,S-LOCATION S-DATE S-DATE O O
일산 기상상태 어떻게 돼요,S-LOCATION O O O
모레 안암 기상상태 좀 알려줄수 있니,S-DATE S-LOCATION O O O O
목요일 기상상태 알려줄수 있어,S-DATE O O O
이번 주 홍대 기상상태 알려줄래,S-DATE S-DATE S-LOCATION O O
남구 다음 주 날씨 알려줘,S-LOCATION S-DATE S-DATE O O
이번 주 보령 날씨 줘,S-DATE S-DATE S-LOCATION O O
하늘 맑을까,O O
하늘 비 내리니,O O O
지금 온도 많이 덥니,S-DATE O O O
많이 덥니,O O
날씨 많이 더울까,O O O
알려줘 날씨,O O
목요일 우산 챙길까,S-DATE O O
우산 써야하나,O O
이번 주 날씨 많이 덥니,S-DATE S-DATE O O O
목요일 비오겠지,S-DATE O
헉 혹시 더울까,O O O
목요일 혹시 시원할까,S-DATE O O
바람 살랑살랑 부니,O O O
날씨 춥니,O O
목요일 추울까,S-DATE O
춥겠지 아마,O O
비 떨어지려나,O O
모레 비 오나,S-DATE O O
온도 알려줘,O O
목요일 추울까,S-DATE O
추울까,O
혹시 목요일 비오나 우산 챙길까,O S-DATE O O O
우산 필요하니,O O
목요일 우산 필요할까,S-DATE O O
부천 날씨 시원하려나,S-LOCATION O O
우산 챙겨야하나 모르겠네,O O O
밀양 추우면 안되는데,O O O
맑을까 그 때,O O O
혹시 비 오니,O O O
그 때 혹시 추울까,O O O O
나 목요일 여행가는데 날씨 알려줘,O S-DATE O O O
그 때 혹시 흐리니,O O O O
하늘 흐리니,O O
눈 오려나,O O
구름 꼈니,O O
강남 하늘 흐릴까,O O O
우박 떨어질까,O O
그 때 하늘 어떠려나,O O O O
하늘 많이 흐리니 그 날,O O O O O
먹구름 어떨 것 같아,O O O O
이번 주 맑겠지,S-DATE S-DATE O
많이 더우면 안될텐데,O O O
다음 주 날씨 알려줘,S-DATE S-DATE O O
목요일 먹구름 흐릴까,S-DATE O O
목요일 혹시 서대문구 비 오려나,S-DATE O S-LOCATION O O
모레 비오니,S-DATE O
군산 우박 오려나,S-LOCATION O O
추울까 정말,O O
비올까,O
금요일 눈오겠지 아마,S-DATE O O
금요일 눈 오면 안되는데,S-DATE O O O
혹시 눈 안오겠지,O O O
의정부 눈올까,S-LOCATION O
금요일 우산 필요해,S-DATE O O
우산 쓸까,O O
금요일 우산 챙길까 말까,S-DATE O O O
먹구름 궁금한데 알려주겠니,O O O
혹시 먹구름 알려줘,O O O
금요일모레 동두천 먹구름 궁금해요,S-DATE S-LOCATION O O
금요일모레 먹구름 궁금해,S-DATE O O
구름 많이 끼고 추우려나,O O O O
서울 날씨 알려주겠니,S-LOCATION O O
부산 날씨 정보 알려주세요,S-LOCATION O O O
혹시 그 때 대구 날씨 어떨까,O O O S-LOCATION O O
그 때 대전 날씨 좋겠지,O O S-LOCATION O O
날씨 어떨 것 같은데,O O O O
울산 날씨 어떨까요,S-LOCATION O O
송파구 날씨 어때요,S-LOCATION O O
덕진구 체감 날씨 말해주겠니,S-LOCATION O O O
청주 날씨 어떠니,S-LOCATION O O
모레 전주 날씨 알려줘,S-DATE S-LOCATION O O
날씨 어떠려나,O O
그럼 구리 날씨 어떨까,O S-LOCATION O O
창원 날씨 궁금해서 물어봤어요,S-LOCATION O O O
경기도 날씨 알려주세요,S-LOCATION O O
날씨 어떠려나,O O
체감 날씨 어떠려나,O O O
날씨 어떠려나,O O
모레 날씨 알려주겠니,S-DATE O O
날씨 궁금해,O O
지금 날씨 어떤데,S-DATE O O
저기 북구 날씨 어때,O S-LOCATION O O
지금 인천 날씨 완전 문젠데,S-DATE S-LOCATION O O O
완주 모레 동대구 날씨 궁금해,S-LOCATION S-DATE S-LOCATION O O
날씨 궁금해요,O O
완산구 지금 우박 떨어진다네,S-LOCATION S-DATE O O
지금 날씨 어때,S-DATE O O
송파구 날씨 좀 알려줄래,S-LOCATION O O O
궁금해 부천 날씨,O S-LOCATION O
어때 좀 안산 날씨,O O S-LOCATION O
금요일 근데 원주 날씨 어떠려나,S-DATE O S-LOCATION O O
울산 지금 해 떴니,S-LOCATION S-DATE O O
하늘 해 떴니 지금,O O O S-DATE
광주 날씨 알려주세요,S-LOCATION O O
어떤데 날씨,O O
날씨 알려줬으면 졸겠어,O O O
평창 날씨 알려줘,S-LOCATION O O
모레 천둥 치나,S-DATE O O
금요일 여행갈건데 날씨 알려줘,S-DATE O O O
날씨 궁금하네,O O
모레 맑니,S-DATE O
금요일 해 뜰까,S-DATE O O
알려주세요 춘천 날씨,O S-LOCATION O
광주 북구 날씨 어떠려나,B-LOCATION E-LOCATION O O
날씨 알려주세요 궁금해요,O O O
그 날 바람 많이 불겠지,O O O O O
맑으려나 금요일,O S-DATE
온도 궁금해서,O O
비 안 내려야 하는데,O O O O
무주 날씨 알려주세요,S-LOCATION O O
금요일 맑겠지,S-DATE O
완전 덥겠다,O O
하늘 맑을까,O O
하늘 비 내리니,O O O
지금 남원 온도 많이 덥니,S-DATE S-LOCATION O O O
지금 남부 지방 많이 쌀쌀할까,S-DATE B-LOCATION E-LOCATION O O
온도 많이 더울까,O O O
알려줘 은평구 온도,O S-LOCATION O
노원구 온도 궁금하네,S-LOCATION O O
토요일 우산 챙길까,S-DATE O O
진짜 영덕 그 때 더울까,O S-LOCATION O O O
임실 토요일 혹시 우산 써야하나,S-LOCATION S-DATE O O O
이번 주 온도 많이 덥니,S-DATE S-DATE O O O
토요일 비오겠지,S-DATE O
홍대 혹시 더울까,S-LOCATION O O
서울 춥니,S-LOCATION O
구름 껴서 흐린가,O O O
춥진 않겠지,O O
너무 춥지 않으려나,O O O
우산 아마 챙겨야겠지,O O O
해운대 토요일 비올까,S-LOCATION S-DATE O
오수 춥겠지 아마,S-LOCATION O O
그 떄 하늘 흐릴까,O O O O
비 떨어지려나,O O
온도 알려줘,O O
서귀포 토요일 추울까,S-LOCATION S-DATE O
바람 불면 안되는데,O O O
제주 많이 추울까,S-LOCATION O O
바람 너무 세게 부나,O O O O
혹시 토요일 비오나 우산 챙길까,O S-DATE O O O
여수 지금 우산 필요하니,S-LOCATION S-DATE O O
순천 토요일 우산 필요할까,S-LOCATION S-DATE O O
우산 챙겨야하나 모르겠네,O O O
추우면 안되는데,O O
건대 입구 맑을까 그 때,S-LOCATION O O O O
혹시 비 오니,O O O
그 때 혹시 추울까,O O O O
나 토요일 여행가는데 온도 알려줘,O S-DATE O O O
그 때 혹시 흐리니,O O O O
하늘 흐리니,O O
지금 바람 부나,S-DATE O O
눈 오려나,O O
이번 주 흐릴까,S-DATE S-DATE O
우박 떨어질까,O O
그 때 하늘 어떠려나,O O O O
하늘 많이 흐리니 그 날,O O O O O
온도 어떨 것 같아,O O O O
이번 주 맑겠지,S-DATE S-DATE O
많이 더우면 안될텐데,O O O
다음 주 날씨 알려줘,S-DATE S-DATE O O
토요일 온도 흐릴까,S-DATE O O
바람 많이 부니,O O O
영월 바람 많이 부려나,S-LOCATION O O O
토요일 혹시 비 오려나,S-DATE O O O
모레 비오니,S-DATE O
우박 오려나,O O
1월 1일 비 오나요,S-DATE S-DATE O O
2월 12일 쌀쌀하려나,S-DATE S-DATE O
3월 3일 쌀쌀한가,S-DATE S-DATE O
4월 14일 비 오나요,S-DATE S-DATE O O
5월 5일 추워서 쌀쌀한가,S-DATE S-DATE O O
8일 호성동 온도 알려줘,S-DATE S-LOCATION O O
6월 22일 비 오나요,S-DATE S-DATE O O
12월 11일 더워서 어떠려나,S-DATE S-DATE O O
3월 2O일 온도 비 와,S-DATE S-DATE O O O
7월 4일 눈 와,S-DATE S-DATE O O
3월 17일 전주 하늘 맑니,S-DATE S-DATE S-LOCATION O O
4월 12일 온도 흐려서 안 되겠다,S-DATE S-DATE O O O O
이번 주 월요일 맑니,B-DATE I-DATE E-DATE O
2월 1O일 온도 맑니,S-DATE S-DATE O O
경주 이번 주 드디어 맑아,S-LOCATION S-DATE S-DATE O O
4월 11일 눈 오나요,S-DATE S-DATE O O
2월 2O일 온도 비 와,S-DATE S-DATE O O O
8월 4일 눈 와,S-DATE S-DATE O O
1O월 16일 온도 맑니,S-DATE S-DATE O O
이번 주 목요일 맑니,B-DATE I-DATE E-DATE O
11월 6일 청원 온도 맑니,B-DATE E-DATE S-LOCATION O O
이천 이번 주 흐리려나 하늘,S-LOCATION B-DATE E-DATE O O
비 올까,O O
토요일 오산 눈오겠지 아마,S-DATE S-LOCATION O O
토요일 눈오니,S-DATE O
혹시 눈 안오겠지,O O O
그 날 비와서 힘들겠지,O S-DATE O O
눈 올까,O O
약속 잡았는데 비 오네,O O O O
토요일 진주 우산 필요해,S-DATE S-LOCATION O O
우산 쓸까 말해줘,O O O
울릉도 토요일 우산 챙길까 말까,S-LOCATION S-DATE O O O
날씨 궁금한데 알려주겠니,O O O
혹시 날씨 알려줘,O O O
인천 토요일모레 날씨 궁금해요,S-LOCATION S-DATE O O
토요일모레 날씨 궁금해,S-DATE O O
일요일 맑겠지,S-DATE O
이천 하늘 맑을까,S-LOCATION O O
화순 하늘 비 내리니,S-LOCATION O O O
지금 남원 온도 많이 덥니,S-DATE S-LOCATION O O O
지금 남부 지방 많이 덥니,S-DATE B-LOCATION E-LOCATION O O
날씨 많이 더울까,O O O
노원구 날씨 궁금하네,S-LOCATION O O
이따가 우산 챙길까,S-DATE O O
이태원 우산 써야하나,S-LOCATION O O
이번 주 날씨 많이 덥니,B-DATE E-DATE O O O
일요일 비오겠지,S-DATE O
모레 날씨 알려주세요,S-DATE O O
혹시 이따 날씨 좀 알려줄래요,O S-DATE O O O
일요일 날씨 알려주세요,S-DATE O O
저번 주 날씨 말해주세요,B-DATE E-DATE O O
이번 주 날씨 바람 부니,B-DATE E-DATE O O O
날씨 어떠냐,O O
지금 어떤데 날씨,O O O
다음 주 광명 날씨 알려주세요,B-DATE E-DATE S-LOCATION O O
지금 평택 날씨 알려주세요,S-DATE S-LOCATION O O
이번 주 광주 날씨 말해주라,B-DATE E-DATE S-LOCATION O O
일요일 부산 날씨,S-DATE S-LOCATION O
일요일 대구 날씨 말해,S-DATE S-LOCATION O O
이따 대전 날씨 말해줘,S-DATE S-LOCATION O O
모레 날씨 뭐야,S-DATE O O
일요일 부산 날씨 말해주라,S-DATE S-LOCATION O O
부산 날씨,S-LOCATION O
경북 일요일 날씨 어때,S-LOCATION S-DATE O O
익산 날씨 어떨 것 같은지 말해줘,S-LOCATION O O O O O
2월 2O일 날씨 알려주겠니,B-DATE E-DATE O O
1월 3O일 날씨 정보 알려주세요,B-DATE E-DATE O O O
6월 그 때 날씨 어떨까,S-DATE O O O O
8월 그 때 날씨 좋으려나,S-DATE O O O O
호성동 날씨 어떨 것 같은데,S-LOCATION O O O O
덕진동 날씨 어때,S-LOCATION O O
송천동 날씨 말해줄래,S-LOCATION O O
나운동 날씨 어떠니,S-LOCATION O O
미룡동 구름 많이 꼈나,S-LOCATION O O O
조촌동 날씨 어떠냐,S-LOCATION O O
금천구 야 날씨 어때,S-LOCATION O O O
노원구 모레 날씨 알려줬으면,S-LOCATION S-DATE O O
5월 5일 날씨 어떠려나,B-DATE E-DATE O O
4월 8일 음성 날씨 어떤지 말해달라고,B-DATE E-DATE S-LOCATION O O O
1월 11일 날씨 궁금해서 물어봤는데,B-DATE E-DATE O O O
2월 28일 날씨 좀 알려주세요,B-DATE E-DATE O O O
오늘 수원 날씨 어떠려나,S-DATE S-LOCATION O O
고양시 체감 날씨 어떠려나,S-LOCATION O O O
용인 오늘 날씨 알려주겠니,S-LOCATION S-DATE O O
성남 날씨 궁금해,S-LOCATION O O
부천 현재 날씨 어떤데,S-LOCATION S-DATE O O
화성 날씨 어때,S-LOCATION O O
남양주 날씨 완전 문젠데,S-LOCATION O O O
세종 날씨 한 번 알려줘,S-LOCATION O O O O
천안 모레 날씨 궁금해,S-LOCATION S-DATE O O
안산 날씨 궁금해요,S-LOCATION O O
안양 날씨 어떨까,S-LOCATION O O
김해 날씨 어때,S-LOCATION O O
평택 현재 날씨 어때,S-LOCATION S-DATE O O
파주 날씨 좀 알려줄래,S-LOCATION O O O
궁금해 의정부 날씨,O O O
어때 김포 날씨,O S-LOCATION O
일요일 근데 구미 날씨 어떠려나,S-DATE O S-LOCATION O O
양산 해 떴니 현재,S-LOCATION O O S-DATE
원주 하늘 해 떴니 현재,S-LOCATION O O O S-DATE
진주 날씨 어때 현재,S-LOCATION O O S-DATE
세종 날씨 알려주세요,S-LOCATION O O
아 광명 날씨 흐리네,O S-LOCATION O O
어떤데 아산 날씨,O S-LOCATION O
익산 날씨 알려줬으면 졸겠어,S-LOCATION O O O
춘천 현재 천둥 치나,S-LOCATION S-DATE O O
경산 하늘 구름 많네,S-LOCATION O O O
일요일 군포 여행갈건데 날씨 알려줘,S-DATE O O O O
하남 날씨 궁금하네,S-LOCATION O O
오늘 여수 맑니,S-DATE S-LOCATION O
일요일 경주 해 뜰까,S-DATE S-LOCATION O O
거제도 날씨 많이 흐리려나,S-LOCATION O O O
목포 알려주세요 날씨,S-LOCATION O O
이천 구름 꼈나,S-LOCATION O O
강릉 구름 끼었나,S-LOCATION O O
양주 현재 하늘 구름 많니,S-LOCATION S-DATE O O O
충주 날씨 알려주세요 맑나요,S-LOCATION O O O
안성 맑으려나 일요일,S-LOCATION O S-DATE
서산 날씨 궁금해서,S-LOCATION O O
구리 내일 비 안 내려야 하는데,S-LOCATION S-DATE O O O O
서귀포 날씨 알려주세요,S-LOCATION O O
당진 내일 맑겠지,S-LOCATION S-DATE O
안동 다음 주 날씨 알려줄래요,S-LOCATION B-DATE E-DATE O O
포천 날씨 어떻게 돼,S-LOCATION O O O
오늘 의왕 날씨 좀 알려줄수 있니,S-DATE S-LOCATION O O O O
내일 날씨 광양 알려줄수 있어,S-DATE O S-LOCATION O O
이번 주 제천 날씨 알려줄래,B-DATE E-DATE S-LOCATION O O
논산 다음 주 날씨 알려줘,S-LOCATION B-DATE E-DATE O O
이번 주 칠곡 날씨 줘,B-DATE E-DATE S-LOCATION O O
여주 다음 주 날씨 알려줄래,S-LOCATION B-DATE E-DATE O O
정읍 날씨 어떻게 돼요,S-LOCATION O O O
오늘 음성군 날씨 좀 알려줄수 있니,S-DATE S-LOCATION O O O O
기온 어때,O O
기온 말해줄래,O O
기온 어떠니,O O
구름 많이 꼈나,O O O
기온 어떠냐,O O
야 기온 어때,O O O
기온 시원하니,O O
이번 주 공주 날씨 알려줄래,B-DATE E-DATE S-LOCATION O O
완주 다음 주 날씨 알려줘,S-LOCATION B-DATE E-DATE O O
이번 주 상주 날씨 줘,B-DATE E-DATE S-LOCATION O O
영천 내일 하늘 맑을까,S-LOCATION S-DATE O O
동해 오늘 비 내리니,S-LOCATION S-DATE O O
김제 현재 날씨 많이 덥니,S-LOCATION S-DATE O O O
무안 많이 덥니,S-LOCATION O O
진천 날씨 많이 더울까,S-LOCATION O O O
예산군 날씨 알려줘,S-LOCATION O O
문경 내일 우산 챙길까,S-LOCATION S-DATE O O
속초 모레 우산 써야하나,S-LOCATION S-DATE O O
이번 주 삼척 날씨 많이 덥니,B-DATE E-DATE S-LOCATION O O O
홍천 내일 비오겠지,S-LOCATION S-DATE O
해남 혹시 더울까,S-LOCATION O O
창녕 날씨 춥니,S-LOCATION O O
내일 태안 추울까,S-DATE S-LOCATION O
고흥 춥겠지 아마,S-LOCATION O O
화순 비 떨어지려나,S-LOCATION O O
거창 월요일 비 오나,S-LOCATION S-DATE O O
가평 날씨 알려줘,S-LOCATION O O
내일 고창 추울까,S-DATE S-LOCATION O
서천 추울까,S-LOCATION O
혹시 내일 금산 비오나 우산 챙길까,O S-DATE S-LOCATION O O O
부안 월요일 우산 필요하니,S-LOCATION S-DATE O O
내일 옥천 우산 필요할까,S-DATE S-LOCATION O O
영광 우산 챙겨야하나 모르겠네,S-LOCATION O O O
울진 추우면 안되는데,S-LOCATION O O
완도 맑을까 그 때,S-LOCATION O O O
혹시 담양 이번 주 비 오니,O S-LOCATION B-DATE E-DATE O O
그 때 횡성 혹시 추울까,O O S-LOCATION O O
나 내일 계룡 여행가는데 날씨 알려줘,O S-DATE S-LOCATION O O O
그 때 혹시 흐리니,O O O O
장성 하늘 흐리니,S-LOCATION O O
청도 이따가 눈 오려나,S-LOCATION S-DATE O O
괴산 구름 꼈니,S-LOCATION O O
강남 하늘 흐릴까,S-LOCATION O O
함양 월요일 비 내리나,S-LOCATION S-DATE O O
그 때 하늘 어떠려나,O O O O
증평 하늘 많이 흐리니 그 날,S-LOCATION O O O O S-DATE
영월 날씨 어떨 것 같아,S-LOCATION O O O O
이번 주 장흥 맑겠지,B-DATE E-DATE S-LOCATION O
영덕 많이 더우면 안될텐데,S-LOCATION O O O
다음 주 정선 날씨 알려줘,B-DATE E-DATE S-LOCATION O O
내일 강진 날씨 흐릴까,S-DATE S-LOCATION O O
내일 혹시 보은 비 오려나,S-DATE O S-LOCATION O O
월요일 인제 비오니,S-DATE S-LOCATION O
진도 우박 오려나,S-LOCATION O O
군산 날씨 추울까 정말,S-LOCATION O O O
곡성 비올까,S-LOCATION O
내일 단양 눈 오겠지 아마,S-DATE S-LOCATION O O O
내일 순창 눈 오면 안되는데,S-DATE S-LOCATION O O O
혹시 의령 눈 안오겠지,O S-LOCATION O O
양양 의정부 눈올까,B-LOCATION E-LOCATION O
내일 화천 우산 필요해,S-DATE S-LOCATION O O
청송 우산 쓸까,S-LOCATION O O
내일 구례 우산 챙길까 말까,S-DATE S-LOCATION O O O
무주 날씨 궁금한데 알려주겠니,S-LOCATION O O O
진안 혹시 날씨 알려줘,S-LOCATION O O O
내일모레 양구 날씨 맑나요,S-DATE S-LOCATION O O
내일모레 군위 날씨 궁금해,S-DATE S-LOCATION O O
장수 구름 많이 끼고 추우려나,S-LOCATION O O O O
영양 날씨 알려주겠니,S-LOCATION O O
울릉 날씨 정보 알려주세요,S-LOCATION O O O
혹시 그 때 종로구 날씨 어떨까,O O O S-LOCATION O O
혹시 날씨 시원할까,O O O
그 때 관악구 날씨 좋겠지,O O S-LOCATION O O
서초구 날씨 어떨 것 같은데,S-LOCATION O O O O
강동구 날씨 어떨까요,S-LOCATION O O
도봉구 날씨 어때요,S-LOCATION O O
중랑구 체감 날씨 말해주겠니,S-LOCATION O O O
청주 날씨 어떠니,S-LOCATION O O
월요일 용산구 날씨 알려줘,S-DATE S-LOCATION O O
마포구 날씨 어떨까,S-LOCATION O O
그럼 강남 날씨 어떨까,O S-LOCATION O O
강동 날씨 어떤지 좀 말해줘,S-LOCATION O O O O
동작구 날씨 궁금해서 물어봤어요,S-LOCATION O O O
경상도 날씨 알려주세요,S-LOCATION O O
경남 날씨 어떠려나,S-LOCATION O O
전북 체감 날씨 어떠려나,S-LOCATION O O O
전남 날씨 어떠려나,S-LOCATION O O
월요일 전북 날씨 알려주겠니,S-DATE S-LOCATION O O
영등포 날씨 궁금해,S-LOCATION O O
현재 양천구 날씨 어떤데,S-DATE S-LOCATION O O
저기 마포구 날씨 어때,O S-LOCATION O O
현재 성북구 날씨 완전 문젠데,S-DATE S-LOCATION O O O
중랑구 날씨 궁금해,S-LOCATION O O
용산구 날씨 맑나요,S-LOCATION O O
종로구 현재 우박 떨어진다네,S-LOCATION S-DATE O O
현재 날씨 어때,S-DATE O O
송파구 날씨 좀 알려줄래,S-LOCATION O O O
궁금해 마포구 날씨,O S-LOCATION O
상당구 날씨 궁금해,S-LOCATION O O
중구 날씨 알려줘,S-LOCATION O O
가평군 날씨 어떨까,S-LOCATION O O
고양시 덕양구 날씨 알려줘,B-LOCATION E-LOCATION O O
광명시 날씨 궁금해,S-LOCATION O O
구리시 날씨 어때,S-LOCATION O O
군포시 날씨 어때,S-LOCATION O O
화성시 날씨 어떨까,S-LOCATION O O
하남시 날씨 궁금해서 물어볼게,S-LOCATION O O O
이천시 날씨 어때,S-LOCATION O O
연천군 날씨 어떨까,S-LOCATION O O
내일모레 마포구 날씨 알려줘,S-DATE S-LOCATION O O
내일 합정동 날씨 알려줘,S-DATE S-LOCATION O O
안성시 날씨 어때,S-LOCATION O O
양주시 날씨 궁금해,S-LOCATION O O
동두천시 날씨 알려줘,S-LOCATION O O
수원시 팔달구 날씨 어떨까,B-LOCATION E-LOCATION O O
내일 안성시 날씨 알려줘,S-DATE S-LOCATION O O
부산 강서구 날씨 알려줘,B-LOCATION E-LOCATION O O
금정구 날씨 어때,S-LOCATION O O
월요일 동래구 날씨 알려줘,S-DATE S-LOCATION O O
내일 북구 날씨 어때,S-DATE S-LOCATION O O
해운대구 날씨 어떠려나,S-LOCATION O O
사하구 날씨 알려줘,S-LOCATION O O
미추홀구 날씨 알려줘,S-LOCATION O O
연수구 날씨 뭐야,S-LOCATION O O
인천 서구 날씨 알려줘,B-LOCATION E-LOCATION O O
월요일 부평구 날씨 어때,S-DATE S-LOCATION O O
계양구 날씨 알려줘,S-LOCATION O O
울산 북구 날씨 어때,B-LOCATION E-LOCATION O O
강릉시 날씨 알려줘,S-LOCATION O O
속초시 날씨 어때,S-LOCATION O O
내일 서초구 날씨 어때,S-DATE S-LOCATION O O
영월군 날씨 맑나요,S-LOCATION O O
원주 날씨 맑나요,S-LOCATION O O
홍천군 날씨 궁금해,S-LOCATION O O
화천군 날씨 물어볼게,S-LOCATION O O
내일모레 제천시 날씨 알려줘,S-DATE S-LOCATION O O
증평 날씨 알려줘,S-LOCATION O O
진천군 날씨 궁금해,S-LOCATION O O
청주시 흥덕구 날씨 알려줘,B-LOCATION E-LOCATION O O
계룡 날씨 알려줘 월요일,S-LOCATION O O S-DATE
논산시 날씨 알려줘,S-LOCATION O O
태안군 날씨 알려줘,S-LOCATION O O
봉화 날씨 알려줘,S-LOCATION O O
구미시 날씨 어때,S-LOCATION O O
내일 영천시 날씨 알려줘,S-DATE S-LOCATION O O
내일 울진군 날씨 알려줘,S-DATE S-LOCATION O O
오늘 의성군 날씨 궁금해,S-DATE S-LOCATION O O
거제시 날씨 어때,S-LOCATION O O
고성군 날씨 어때,S-LOCATION O O
창녕군 날씨 알려줘,S-LOCATION O O
수요일 함안군 날씨 어때,S-DATE S-LOCATION O O
합천군 날씨 알려줘,S-LOCATION O O
제주시 날씨 알려줘,S-LOCATION O O
수요일 영덕 근처 날씨 어때,S-DATE S-LOCATION O O O
오늘 경주 근처 날씨 어때,S-DATE S-LOCATION O O O
오늘 밀양 근처 날씨 어때,S-DATE S-LOCATION O O O
수요일 을왕리 날씨 어때,S-DATE S-LOCATION O O
수요일 통영 가는데 날씨 알려줘,S-DATE S-LOCATION O O O
해운대 가는데 날씨 어때,S-LOCATION O O O
곡성 가려는데 날씨 어때,S-LOCATION O O O
구례 가려는데 날씨 어때,S-LOCATION O O O
전남 여수 가려는데 날씨 궁금해,B-LOCATION E-LOCATION O O O
고흥 가려는데 날씨 어떠니,S-LOCATION O O O
진도 가는데 날씨 알려줄래,S-LOCATION O O O
해남 가려는데 날씨 어때,S-LOCATION O O O
강진 가려는데 날씨 궁금해,S-LOCATION O O O
서울 가려는데 날씨 궁금해,S-LOCATION O O O
대구 가는데 날씨 어떠니,S-LOCATION O O O
장흥 가는데 날씨 궁금해,S-LOCATION O O O
영암 가는데 날씨 궁금해,S-LOCATION O O O
신안 가는데 날씨 궁금해,S-LOCATION O O O
영광 가는데 날씨 알려줘,S-LOCATION O O O
완주 가는데 날씨 어때,S-LOCATION O O O
여의도 가는데 오늘 날씨 어때,S-LOCATION O S-DATE O O
수요일 부안 가는데 날씨 궁금해,S-DATE S-LOCATION O O O
김제 가는데 날씨 알려줘,S-LOCATION O O O
가락동 가는데 날씨 알려줘,S-LOCATION O O O
익산 가는데 날씨 알려줘,S-LOCATION O O O
신수동 가는데 날씨 알려줄래,S-LOCATION O O O
개봉동 가는데 날씨 맑나요,S-LOCATION O O O
삼성동 가는데 날씨 궁금해,S-LOCATION O O O
수요일 논현동 가려는데 날씨좀 알려줘,S-DATE S-LOCATION O O O
수요일 상암동 가려는데 날씨 어때,S-DATE S-LOCATION O O O
방배동 가려는데 오늘 날씨 알려줘,S-LOCATION O S-DATE O O
수요일 군산 가려는데 날씨 알려줘,S-DATE S-LOCATION O O O
울릉도 가려는데 수요일 날씨 알려줘,S-LOCATION O S-DATE O O
독도 가려는데 수요일 날씨 궁금해,S-LOCATION O S-DATE O O
서천 가려는데 수요일 날씨 어때,S-LOCATION O S-DATE O O
강화도 가려는데 오늘 날씨 맑나요,S-LOCATION O S-DATE O O
안면도 가려는데 오늘 날씨 알려줄래,S-LOCATION O S-DATE O O
백령도 가려는데 수요일 날씨 알려주세요,S-LOCATION O S-DATE O O
흑산도 가려는데 오늘 날씨 어때,S-LOCATION O S-DATE O O
태안 가려는데 오늘 날씨 어때요,S-LOCATION O S-DATE O O
수요일 오산 가는데 날씨 궁금해,S-DATE S-LOCATION O O O
화성 가는데 수요일 날씨 알려줘,S-LOCATION O S-DATE O O
안산 가려는데 수요일 날씨 맑나요,S-LOCATION O S-DATE O O
수요일 안양 날씨 알려줘,S-DATE S-LOCATION O O
오늘 경기 광주 날씨 알려줘,S-DATE B-LOCATION E-LOCATION O O
수요일 금오도 날씨 맑나요,S-DATE S-LOCATION O O
오늘 양주 날씨 알려줄래,S-DATE S-LOCATION O O
수요일 포천 날씨 알려줘,S-DATE S-LOCATION O O
수요일 연천 날씨 알려줘,S-DATE S-LOCATION O O
의정부 오늘 날씨 알려줘,S-LOCATION S-DATE O O
선유도 오늘 날씨 알려줘,S-LOCATION S-DATE O O
수요일 우도 가는데 날씨 알려줘,S-DATE S-LOCATION O O O
오늘 대구 날씨 알려줘,S-DATE S-LOCATION O O
수원 오늘 날씨 궁금해,S-LOCATION S-DATE O O
경북 영월 수요일 날씨 알려줘,B-LOCATION E-LOCATION S-DATE O O
오산 화요일 날씨 알려줄래,S-LOCATION S-DATE O O
함평 오늘 날씨 알려줘,S-LOCATION S-DATE O O
강원도 춘천 가는데 오늘 날씨 알려줘,B-LOCATION E-LOCATION O S-DATE O O
전북 군산 가는데 화요일 날씨 알려줄래,B-LOCATION E-LOCATION O S-DATE O O
제주 서귀포 가려는데 화요일 날씨 알려줘,B-LOCATION E-LOCATION O S-DATE O O
오늘 제주도 날씨 알려줘,S-DATE S-LOCATION O O
울릉도 화요일 날씨 어때,S-LOCATION S-DATE O O
우도 화요일 날씨 알려줘,S-LOCATION S-DATE O O
오늘 인천 가려는데 날씨 알려줄래,S-DATE S-LOCATION O O O
평택 가려는데 오늘 날씨 어때,S-LOCATION O S-DATE O O
해남 가는데 오늘 날씨 맑나요,S-LOCATION O S-DATE O O
전남 목포 가려는데 화요일 날씨 궁금해요,B-LOCATION E-LOCATION O S-DATE O O
안산 가는데 오늘 날씨 어때,S-LOCATION O S-DATE O O
화요일 경기 부천 날씨 알려줘,S-DATE B-LOCATION E-LOCATION O O
청주 가는데 모레 날씨 어때,S-LOCATION O S-DATE O O
화요일 경기 광주 날씨 알려줘,S-DATE B-LOCATION E-LOCATION O O
