오늘 며칠이야,달력
오늘 날짜,달력
오늘 날짜 알려줘,달력
오늘 몇 일이지,달력
오늘 며칠이야,달력
며칠이지,달력
날짜,달력
날짜 알려줘,달력
오늘 날짜는,달력
오늘 무슨 요일이지,달력
무슨 요일이지,달력
오늘 무슨 날이지,달력
무슨 날이야,달력
오늘 며칠인지 아니,달력
오늘 요일 아니,달력
오늘 요일 알려줘,달력
오늘 날짜 좀 알려줘,달력
오늘 무슨 날인지 알려줄래,달력
오늘 며칠인지 알려주라,달력
오늘 무슨 날이니,달력
며칠이니,달력
며칠이야,달력
오늘 며칠이야,달력
오늘 날짜,달력
오늘 날짜 알려줘,달력
오늘 몇 일이지,달력
오늘 며칠이야,달력
며칠이지,달력
날짜,달력
날짜 알려줘,달력
오늘 날짜는,달력
오늘 무슨 요일이지,달력
무슨 요일이지,달력
오늘 무슨 날이지,달력
무슨 날이야,달력
오늘 며칠인지 아니,달력
오늘 요일 아니,달력
오늘 요일 알려줘,달력
오늘 날짜 좀 알려줘,달력
오늘 무슨 날인지 알려줄래,달력
오늘 며칠인지 알려주라,달력
오늘 무슨 날이니,달력
며칠이니,달력
며칠이야,달력
오늘 며칠이야,달력
오늘 날짜,달력
오늘 날짜 알려줘,달력
오늘 몇 일이지,달력
오늘 며칠이야,달력
며칠이지,달력
날짜,달력
날짜 알려줘,달력
오늘 날짜는,달력
오늘 무슨 요일이지,달력
무슨 요일이지,달력
오늘 무슨 날이지,달력
무슨 날이야,달력
오늘 며칠인지 아니,달력
오늘 요일 아니,달력
오늘 요일 알려줘,달력
오늘 날짜 좀 알려줘,달력
오늘 무슨 날인지 알려줄래,달력
오늘 며칠인지 알려주라,달력
오늘 무슨 날이니,달력
며칠이니,달력
며칠이야,달력
오늘 며칠이야,달력
오늘 날짜,달력
오늘 날짜 알려줘,달력
오늘 몇 일이지,달력
오늘 며칠이야,달력
며칠이지,달력
날짜,달력
날짜 알려줘,달력
오늘 날짜는,달력
오늘 무슨 요일이지,달력
무슨 요일이지,달력
오늘 무슨 날이지,달력
무슨 날이야,달력
오늘 며칠인지 아니,달력
오늘 요일 아니,달력
오늘 요일 알려줘,달력
오늘 날짜 좀 알려줘,달력
오늘 무슨 날인지 알려줄래,달력
오늘 며칠인지 알려주라,달력
오늘 무슨 날이니,달력
며칠이니,달력
며칠이야,달력

오늘 며칠이에요,달력
오늘 날짜요,달력
오늘 날짜 알려줘요,달력
오늘 몇 일이죠,달력
오늘 며칠이에요,달력
며칠이죠,달력
날짜요,달력
날짜 알려줘요,달력
오늘 날짜는요,달력
오늘 무슨 요일이죠,달력
무슨 요일이죠,달력
오늘 무슨 날이죠,달력
무슨 날이에요,달력
오늘 며칠인지 아시나요,달력
오늘 요일 아시나요,달력
오늘 요일 알려줘요,달력
오늘 날짜 좀 알려줘요,달력
오늘 무슨 날인지 알려줄래요,달력
오늘 며칠인지 알려주세요,달력
오늘 무슨 날이니요,달력
며칠이니요,달력
며칠이에요,달력
오늘 며칠이에요,달력
오늘 날짜요,달력
오늘 날짜 알려줘요,달력
오늘 몇 일이죠,달력
오늘 며칠이에요,달력
며칠이죠,달력
날짜요,달력
날짜 알려줘요,달력
오늘 날짜는요,달력
오늘 무슨 요일이죠,달력
무슨 요일이죠,달력
오늘 무슨 날이죠,달력
무슨 날이에요,달력
오늘 며칠인지 아시나요,달력
오늘 요일 아시나요,달력
오늘 요일 알려줘요,달력
오늘 날짜 좀 알려줘요,달력
오늘 무슨 날인지 알려줄래요,달력
오늘 며칠인지 알려주세요,달력
오늘 무슨 날이니요,달력
며칠이니요,달력
며칠이에요,달력
오늘 며칠이에요,달력
오늘 날짜요,달력
오늘 날짜 알려줘요,달력
오늘 몇 일인가요,달력
오늘 며칠이에요,달력
며칠인가요,달력
날짜요,달력
날짜 알려줘요,달력
오늘 날짜는요,달력
오늘 무슨 요일인가요,달력
무슨 요일인가요,달력
오늘 무슨 날인가요,달력
무슨 날이에요,달력
오늘 며칠인지 아시나요,달력
오늘 요일 아시나요,달력
오늘 요일 알려줘요,달력
오늘 날짜 좀 알려줘요,달력
오늘 무슨 날인지 알려줄래요,달력
오늘 며칠인지 알려주세요,달력
오늘 무슨 날이니요,달력
며칠이니요,달력
며칠이에요,달력
오늘 며칠이에요,달력
오늘 날짜요,달력
오늘 날짜 알려줘요,달력
오늘 몇 일인가요,달력
오늘 며칠이에요,달력
며칠인가요,달력
날짜요,달력
날짜 알려줘요,달력
오늘 날짜는요,달력
오늘 무슨 요일인가요,달력
무슨 요일인가요,달력
오늘 무슨 날인가요,달력
무슨 날이에요,달력
오늘 며칠인지 아시나요,달력
오늘 요일 아시나요,달력
오늘 요일 알려줘요,달력
며칠이지,달력
오늘 며칠이더라,달력
며칠인데,달력
오늘 며칠이지,달력
며칠인지 모르겠네,달력
며칠이더라,달력
며칠인데 그래,달력
오늘 며칠이더라,달력
며칠이였지,달력
오늘 며칠이야,달력
오늘 날짜 좀 알려줘요,달력
오늘 무슨 날인지 알려줄래요,달력
오늘 며칠인지 알려주세요,달력
오늘 무슨 날이니요,달력
며칠이니요,달력
며칠이에요,달력
며칠인가요,달력
날짜알려줘요,달력
몇 일인가요,달력
며칠이에요,달력
날짜는요,달력
무슨 요일인가요,달력
무슨 날인가요,달력
오늘 무슨 날이에요,달력
며칠인지 아시나요,달력
며칠인지 아세요,달력
며칠인지 알려줘요,달력
며칠인지 알려줘,달력
오늘 며칠인지 알려줘요,달력
오늘 며칠인지 알려줘,달력
무슨 날인가요,달력
오늘 며칠이였지,달력
오른 며칠인데,달력
오늘 며칠인지 모르겠네,달력
며칠일까요,달력
요일 알려주세요,달력
요일 알고있나,달력
요일 알고싶어요,달력
무슨 요일인지 까먹었어,달력
무슨 요일이였더라,달력
무슨 요일인지 알려주세요,달력
무슨 요일인지 알려줘,달력
무슨 요일인지 알고있나,달력
날짜가 어떻게 되더라,달력
날짜를 까먹었어,달력
무슨 요일이였는지 까먹었어,달력
무슨 요일인지 알려줬으면 해,달력
요일 알려줬으면 해,달력
무슨 날짜인가요,달력
무슨 날짜인지 아니,달력
무슨 날짜인지 궁금해,달력
무슨 요일인지 궁금해,달력
무슨 요일이였는지 궁금해,달력
무슨 요일일까 궁금해,달력
날짜좀 알려줄래,달력
무슨 날짜인지 알려줄래,달력
어떤 날인지 알려줄래,달력
무슨 날인지 알려줄래,달력
어떤 날인지 알려주라,달력
무슨 날인지 알려주라,달력
며칠인지 알려주라,달력
요일 알려주라,달력
날짜 알려주라,달력
날짜 아시나요,달력
무슨 날짜인지 아시나요,달력
어떤 날짜인지 아시나요,달력
며칠 일까요,달력
무슨 날짜 일까요,달력
무슨 날짜인지 아니,달력
며칠인지 아니,달력
며칠일까,달력
무슨 날짜 일까,달력
날짜 뭐야,달력
날짜 궁금해,달력
며칠인지 궁금해,달력
며칠일까 궁금해,달력
며칠이였나 궁금해,달력
며칠이였는지 궁금해,달력
어떤 날인지 궁금해,달력
며칠인지 모르겠어,달력
날짜 모르겠어,달력
며칠일까 모르겠어,달력
며칠이였나 모르겠어,달력
며칠이였는지 모르겠어,달력
어떤 날인지 모르겠어,달력
오늘 며칠일까요,달력
오늘 요일 알려주세요,달력
오늘 요일 알고있나,달력
오늘 요일 알고싶어요,달력
오늘 무슨 요일인지 까먹었어,달력
오늘 무슨 요일이였더라,달력
오늘 무슨 요일인지 알려주세요,달력
오늘 무슨 요일인지 알려줘,달력
오늘 무슨 요일인지 알고있나,달력
오늘 날짜가 어떻게 되더라,달력
오늘 날짜를 까먹었어,달력
오늘 무슨 요일이였는지 까먹었어,달력
오늘 무슨 요일인지 알려줬으면 해,달력
오늘 요일 알려줬으면 해,달력
오늘 무슨 날짜인가요,달력
오늘 무슨 날짜인가요,달력
오늘 무슨 날짜인지 아니,달력
오늘 무슨 날짜인지 궁금해,달력
오늘 무슨 요일인지 궁금해,달력
오늘 무슨 요일이였는지 궁금해,달력
오늘 무슨 요일일까 궁금해,달력
오늘 날짜좀 알려줄래,달력
오늘 무슨 날짜인지 알려줄래,달력
오늘 어떤 날인지 알려줄래,달력
오늘 무슨 날인지 알려줄래,달력
오늘 어떤 날인지 알려주라,달력
오늘 무슨 날인지 알려주라,달력
오늘 며칠인지 알려주라,달력
오늘 요일 알려주라,달력
오늘 날짜 알려주라,달력
오늘 날짜 아시나요,달력
오늘 무슨 날짜인지 아시나요,달력
오늘 어떤 날짜인지 아시나요,달력
오늘 며칠 일까요,달력
오늘 무슨 날짜 일까요,달력
오늘 무슨 날짜인지 아니,달력
오늘 며칠인지 아니,달력
오늘 며칠일까,달력
오늘 무슨 날짜 일까,달력
오늘 날짜 뭐야,달력
오늘 날짜 궁금해,달력
오늘 며칠인지 궁금해,달력
오늘 며칠일까 궁금해,달력
오늘 며칠이였나 궁금해,달력
오늘 며칠이였는지 궁금해,달력
오늘 어떤 날인지 궁금해,달력
오늘 며칠인지 모르겠어,달력
오늘 날짜 모르겠어,달력
오늘 며칠일까 모르겠어,달력
오늘 며칠이였나 모르겠어,달력
오늘 며칠이였는지 모르겠어,달력
오늘 어떤 날인지 모르겠어,달력
