맛집 추천해줘,맛집
음식점 추천해줘,맛집
맛집 추천해주라,맛집
음식점 추천해주라,맛집
맛집 알려줘,맛집
음식점 알려줘,맛집
맛난 음식 알려주라,맛집
충주 맛집 알려줘,맛집
맛있는 음식 알려주라,맛집
부산 맛집 알려줘,맛집
김치 음식 알려줘,맛집
라면 음식 알려줘,맛집
고기 음식 말해,맛집
이런 음식 알려줘,맛집
먹을 음식 알려주라,맛집
대전 피자 맛집 어디 있니,맛집
맛집 어디 있지,맛집
떡갈비집 어디 맛있어,맛집
어디 맛있어,맛집
어디 맛있니,맛집
군산 맛집 말해줘,맛집
거기 맛집 어디야,맛집
전주 맛집 어디 있어,맛집
서울 맛집 어디야,맛집
부산 맛집 어디 있냐,맛집
광명 맛집 말해줘,맛집
산천 맛집 말해줘,맛집
대전 맛있는 음식점 알려줘,맛집
마포구 맛집 어디야,맛집
구로구 음식점 추천 좀,맛집
맛있는 음식점 알려줘,맛집
마포구 맛집 말해줘,맛집
음식점 추천 좀,맛집
음식점 추천 좀 해줘,맛집
뭐 먹을까요,맛집
서울 맛집 추천해줘요,맛집
맛난 음식 추천해주세요,맛집
충주 맛집 추천해줘요,맛집
맛있는 음식 추천해주세요,맛집
부산 맛집 추천해줘요,맛집
김치 맛집 추천해줘요,맛집
라면 음식 추천해주세요,맛집
고기 음식 추천해줘요,맛집
이런 음식 추천해줘요,맛집
먹을 맛집 추천해주세요,맛집
서울 맛집 알려줘요,맛집
맛난 음식 알려주세요,맛집
충주 맛집 알려줘요,맛집
맛있는 음식 알려주세요,맛집
대전 피자 맛집 어디 있죠,맛집
맛집 어디 있지요,맛집
전주 맛집 어디에요,맛집
서울 맛집 말해줘,맛집
부산 맛집 어디에요,맛집
광명 맛집 어디에요,맛집
산천 맛집 어디지,맛집
대전 맛있는 음식점 알려줘요,맛집
마포구 맛집 어디에요,맛집
구로구 음식점 추천 좀요,맛집
맛있는 음식점 알려줘요,맛집
음식점 추천 좀요,맛집
음식점 추천 좀 해줘요,맛집
전주 맛집 추천해줘,맛집
부산 맛집 추천해줘,맛집
오늘 뭐 먹을까,맛집
먹을 거 추천해줘,맛집
뭐 먹을지 알려주세요,맛집
먹을 거 추천해줘요,맛집
대구 맛집 추천해줘요,맛집
공주 맛집 추천해줘요,맛집
대구 맛집 알려줘요,맛집
울산 맛집 알려줘요,맛집
뭐 먹을지 추천해주세요,맛집
어떤 거 먹을까요,맛집
먹을 음식 추천해주세요,맛집
뭐 먹을지 정해줘요,맛집
어떤거 먹을지 정해주세요,맛집
먹을 거 좀 알려줘요,맛집
맛있는 거 뭐 있죠,맛집
맛있는 거 알려줘요,맛집
먹을만 한 거 알려주세요,맛집
먹을 거 알려주세요요,맛집
먹을 만 한 거 추천해주세요,맛집
맛난거 알려줘요,맛집
맛난 음식 추천해줘요,맛집
맛난 거 뭐있어요,맛집
뭐 맛있죠,맛집
요즘 맛있는 거 뭐있어요,맛집
어떤게 맛있니 요즘요,맛집
맛있는 음식 추천해줘요,맛집
어떤 음식 맛 있죠,맛집
순천 맛집 알려줘요,맛집
군산 맛집 어디에요,맛집
전주 맛있는 음식 어디죠,맛집
금천구 소문난 맛집 알려줘,맛집
유성구 음식점 어디 맛있니,맛집
어디 제일 맛있는 음식점이니,맛집
부산 고깃집 추천해줘,맛집
전주 비빔밥 추천해줄래,맛집
서울 라멘집 추천해줘,맛집
대전 피자 맛집 어디있니,맛집
광주 떡갈비집 어디 맛있어,맛집
수원 왕갈비 어디 맛있니,맛집
성남에서 어디 제일 맛있니,맛집
대구에서 제일 맛있는 음식점 추천해주라,맛집
송천동 맛집 알려줘,맛집
홍대에서 제일 맛있는 음식점 어디니,맛집
송파구 술집 알려주라,맛집
학교 주변 떡볶이집 추천해줄래,맛집
요즘에 제일 맛있는 음식점 어디야,맛집
고기 어디 제일 맛있어,맛집
여수에서 제일 고기 맛집 어디야,맛집
익산 맛집 추천해주겠니,맛집
익산 맛집 추천해 주겠니,맛집
제주도 유명한 맛집 알려줘,맛집
제주도 맛집 추천 좀 해주겠니,맛집
서울 돈까스집 추천해줘,맛집
부산 케이크 알려주라,맛집
대구 순대 추천해줘,맛집
대전 치킨집 추천해줘,맛집
울산 치킨 알려주라,맛집
경주 덮밥 추천해줘,맛집
공주 볶음밥 알려줘,맛집
사천 김밥 맛집 추천해줘,맛집
광양 카페 추천해줘,맛집
노원구 샐러드 알려주라,맛집
충주 커피 맛집 알려줘,맛집
청주 아이스크림 추천해줘,맛집
진천 빵집 추천 좀 해줘,맛집
맛집 추천 좀 해줘,맛집
진천 맛집 추천 좀 해줘,맛집
진천 빵집 추천 좀 해줘,맛집
진천 고깃집 추천 좀 해줘,맛집
강릉 빵 맛있는 곳 추천해줘,맛집
속초 마카롱 맛집 알려주라,맛집
양양 소시지 알려줘,맛집
마산 샤브샤브 추천해줘,맛집
세종 삼겹살 맛집 추천해줘,맛집
정읍 월남쌈 알려줘,맛집
남원 목살 추천해줘,맛집
순창 곱창 알려줘,맛집
여수 족발 맛집 알려주라,맛집
인천 파스타 알려줘,맛집
구리 폭립 추천해줘,맛집
부천 스테이크 알려줘,맛집
파주 규동 맛집 추천해줘,맛집
양주 가츠동 추천해줘,맛집
의정부 규카즈 알려줘,맛집
시흥 나베 맛집 알려주라,맛집
천안 꼬치 추천해줘,맛집
남양주 닭꼬치집 알려줘,맛집
동두천 양고치집 맛집 추천해줘,맛집
평택 닭꼬치 알려줘,맛집
포항 양고치 추천해줘,맛집
울진 치킨 알려주라,맛집
의왕 누룽지 맛집 알려줘,맛집
보령 피자집 추천해줘,맛집
고성 피자 추천해줘,맛집
진안 연어 알려줘,맛집
맛집 광어 맛집 추천해줘,맛집
서울 제육볶음 알려주라,맛집
양주 초밥집 추천해줘,맛집
진도 초밥 추천해줘,맛집
진해 육회 맛집 알려주라,맛집
안산 라면집 추천해줘,맛집
안양 국밥집 추천해줘,맛집
화성 냉면집 맛집 추천해줘,맛집
경주 우동집 알려주라,맛집
이천 닭갈비 추천해줘,맛집
여주 갈비 추천해줘,맛집
일산 돼지고기 맛집 알려주라,맛집
안성 돼지 갈비 추천해줘,맛집
울산 찜닭 추천해줘,맛집
아산 분식집 추천해줘,맛집
아산 김밥집 맛집 알려주라,맛집
아산 분식 추천해줘,맛집
경주 자장면 추천해줘,맛집
아산 짬뽕 알려주라,맛집
아산 탕수육 맛집 추천해줘,맛집
아산 팔보채 추천해줘,맛집
아산 깐풍기 추천해줘,맛집
아산 중국집 맛집 알려주라,맛집
아산 중국 음식 추천해줘,맛집
아산 만두 추천해줘,맛집
아산 국수 맛집 알려주라,맛집
경주 잔치국수 추천해줘,맛집
아산 비빔국수 추천해줘,맛집
아산 냉면 맛집 추천해줘,맛집
동두천 쫄면 추천해줘,맛집
아산 비빔냉면 알려주라,맛집
동두천 물냉면 맛집 추천해줘,맛집
아산 감자탕 추천해줘,맛집
포항 홍어 추천해줘,맛집
천안 오징어 맛집 알려주라,맛집
경주 짜글이 추천해줘,맛집
동두천 파전 추천해줘,맛집
아산 육전 맛집 알려주라,맛집
포항 뼈해장국 추천해줘,맛집
천안 김치찜 추천해줘,맛집
아산 알밥 맛집 알려주라,맛집
순창 뚝배기 추천해줘,맛집
천안 순두부 추천해줘,맛집
아산 새우튀김 맛집 추천해줘,맛집
경주 햄버거 알려주라,맛집
천안 새우 추천해줘,맛집
송천동 수제버거 맛집 추천해줘,맛집
포항 수제 버거 추천해줘,맛집
아산 튀김 알려주라,맛집
포항 쌀국수 맛집 추천해줘,맛집
천안 죽집 추천해줘,맛집
아산 쌀국수 알려주세요,맛집
천안 아이스크림 추천해줘요,맛집
경주 음료수 맛집 추천해줘요,맛집
포항 음료수 추천해줘요,맛집
천안 음료수 알려주세요,맛집
당진 횟집 추천해줘요,맛집
상주 호두과자 추천해줘요,맛집
성주 맛집 알려주세요,맛집
대전 피자 맛집 어디있죠,맛집
광주 떡갈비집 어디 맛있어요,맛집
천안 왕갈비 어디 맛있죠,맛집
성남에서 어디 제일 맛있죠,맛집
대구에서 제일 맛있는 음식점 추천해주세요,맛집
송천동 맛집 알려줘요,맛집
홍대에서 제일 맛있는 음식점 어디죠,맛집
송파구 술집 알려주세요,맛집
학교 주변 떡볶이집 추천해줄래요,맛집
요즘에 제일 맛있는 음식점 어디에요,맛집
고기 어디 제일 맛있어요,맛집
여수에서 제일 고기 맛집 어디에요,맛집
익산 맛집 추천해주세요,맛집
익산 맛집 추천해 주세요,맛집
제주도 유명한 맛집 알려줘요,맛집
제주도 맛집 추천 좀 해주세요,맛집

주변 맛집 추천해줘,맛집
주변 음식점 추천해줘,맛집
주변 맛집 추천해주라,맛집
주변 음식점 추천해주라,맛집
주변 맛집 알려줘,맛집
주변 음식점 알려줘,맛집
주변 맛난 음식 알려주라,맛집
주변 충주 맛집 알려줘,맛집
주변 맛있는 음식 알려주라,맛집
주변 부산 맛집 알려줘,맛집
주변 김치 음식 알려줘,맛집
주변 라면 음식 알려줘,맛집
주변 고기 음식 말해,맛집
주변 이런 음식 알려줘,맛집
주변 먹을 음식 알려주라,맛집
주변 대전 피자 맛집 어디 있니,맛집
주변 맛집 어디 있지,맛집
주변 떡갈비집 어디 맛있어,맛집
주변 어디 맛있어,맛집
주변 어디 맛있니,맛집
군산주변 맛집 말해줘,맛집
거기주변 맛집 어디야,맛집
전주주변 맛집 어디 있어,맛집
서울주변 맛집 어디야,맛집
부산주변 맛집 어디 있냐,맛집
광명주변 맛집 말해줘,맛집
산천주변 맛집 말해줘,맛집
대전주변 맛있는 음식점 알려줘,맛집
마포구주변 맛집 어디야,맛집
구로구주변 음식점 추천 좀,맛집
주변에 맛있는 음식점 알려줘,맛집
마포구주변 맛집 말해줘,맛집
주변 음식점 추천 좀,맛집
주변 음식점 추천 좀 해줘,맛집
주변에 뭐 먹을까요,맛집
서울주변 맛집 추천해줘요,맛집
주변에 맛난 음식 추천해주세요,맛집
충주주변 맛집 추천해줘요,맛집
주변에 맛있는 음식 추천해주세요,맛집
부산주변 맛집 추천해줘요,맛집
주변에 김치 맛집 추천해줘요,맛집
주변에 라면 음식 추천해주세요,맛집
주변에 고기 음식 추천해줘요,맛집
주변에 이런 음식 추천해줘요,맛집
주변에 먹을 맛집 추천해주세요,맛집
서울주변 맛집 알려줘요,맛집
주변에 맛난 음식 알려주세요,맛집
주변에 충주 맛집 알려줘요,맛집
주변에 맛있는 음식 알려주세요,맛집
대전주변 피자 맛집 어디 있죠,맛집
주변에맛집 어디 있지요,맛집
전주주변 맛집 어디에요,맛집
서울주변 맛집 말해줘,맛집
부산주변 맛집 어디에요,맛집
광명주변 맛집 어디에요,맛집
산천주변 맛집 어디지,맛집
대전주변 맛있는 음식점 알려줘요,맛집
마포구주변 맛집 어디에요,맛집
구로구주변 음식점 추천 좀요,맛집
맛있는주변 음식점 알려줘요,맛집
주변에 음식점 추천 좀요,맛집
주변에 음식점 추천 좀 해줘요,맛집
전주주변 맛집 추천해줘,맛집
부산주변 맛집 추천해줘,맛집
주변에 오늘 뭐 먹을까,맛집
주변에 먹을 거 추천해줘,맛집
주변에 뭐 먹을지 알려주세요,맛집
주변에 먹을 거 추천해줘요,맛집
대구주변 맛집 추천해줘요,맛집
공주주변 맛집 추천해줘요,맛집
대구주변 맛집 알려줘요,맛집
울산주변 맛집 알려줘요,맛집
주변에 뭐 먹을지 추천해주세요,맛집
주변에 어떤 거 먹을까요,맛집
주변에 먹을 음식 추천해주세요,맛집
주변에 뭐 먹을지 정해줘요,맛집
주변에 어떤거 먹을지 정해주세요,맛집
주변에 먹을 거 좀 알려줘요,맛집
주변에 맛있는 거 뭐 있죠,맛집
주변에 맛있는 거 알려줘요,맛집
주변에 먹을만 한 거 알려주세요,맛집
주변에 먹을 거 알려주세요요,맛집
주변에 먹을 만 한 거 추천해주세요,맛집
주변에 맛난거 알려줘요,맛집
주변에 맛난 음식 추천해줘요,맛집
주변에 맛난 거 뭐있어요,맛집
주변에 뭐 맛있죠,맛집
주변에 요즘 맛있는 거 뭐있어요,맛집
주변에 어떤게 맛있니 요즘요,맛집
주변에 맛있는 음식 추천해줘요,맛집
주변에 어떤 음식 맛 있죠,맛집
순천주변 맛집 알려줘요,맛집
군산주변 맛집 어디에요,맛집
전주주변 맛있는 음식 어디죠,맛집
금천구주변 소문난 맛집 알려줘,맛집
유성구주변 음식점 어디 맛있니,맛집
주변에어디 제일 맛있는 음식점이니,맛집
부산주변 고깃집 추천해줘,맛집
전주주변 비빔밥 추천해줄래,맛집
서울주변 라멘집 추천해줘,맛집
대전주변 피자 맛집 어디있니,맛집
광주주변 떡갈비집 어디 맛있어,맛집
수원주변 왕갈비 어디 맛있니,맛집
성남에서 주변어디 제일 맛있니,맛집
대구에서 주변에 제일 맛있는 음식점 추천해주라,맛집
송천동 주변에 맛집 알려줘,맛집
홍대 주변에 제일 맛있는 음식점 어디니,맛집
송파구 주변에 술집 알려주라,맛집
학교 주변 떡볶이집 추천해줄래,맛집
주변에 고기 어디 제일 맛있어,맛집