공기 좋아,먼지
공기 상태 좋니,먼지
공기 어때,먼지
미세먼지 좋니,먼지
미세먼지,먼지
미세먼지도,먼지
미세먼지는,먼지
미세먼지는 어떤데,먼지
미세먼지도 알려줘,먼지
먼지,먼지
먼지도 알려줘,먼지
먼지도 알려줄래,먼지
먼지 상태도 알려줘,먼지
먼지도 알려줘,먼지
먼지도 알려줄래,먼지
먼지 좀 알려줘,먼지
먼지 상태는 어떤데,먼지
먼지 어떠니,먼지
양양 오늘 미세먼지 알려줘,먼지
강릉 오늘 공기 어떠니 알려줄래,먼지
속초의 오늘 미세먼지 어떨까,먼지
다다음 주 미세먼지 어때보여,먼지
오늘 공기상태 알려줘,먼지
오늘 먼지 좀 알려줄래,먼지
이번 주 속초 미세먼지 어때,먼지
미세먼지 어떠니 좋니,먼지
4월 12일 공기 상태 어때,먼지
이번 주 미세먼지 알려줘,먼지
다음 주 먼지 어때,먼지
이번 주 미세먼지 상태 알려줄래,먼지
다음 주 공기 상태 알려줘,먼지
오늘 미세먼지 알려줘,먼지
주말 미세먼지 알려줘,먼지
이번 주 공기 상태는,먼지
이번 주 광명 미세먼지상태 알려줘,먼지
오늘 하늘 어떤지 알려주라,먼지
내일 미세먼지 어때,먼지
이번 주 미세먼지 어때,먼지
다음 주 미세먼지 알려줘,먼지
이번주 미세먼지 줘,먼지
다음주 미세먼지 알려줄래,먼지
오늘 미세먼지좀 알려줄래,먼지
내일 미세먼지 알려줘,먼지
다음 주 논산 미세먼지 알려줘,먼지
3월 15일 미세먼지 알려줘,먼지
9월 12일 대구 미세먼지 알려줄래,먼지
미세먼지 좀 알려줄 수 있겠니,먼지
공기 상태 좋아,먼지
내일 안산 마스크 쓰는게 좋니,먼지
오늘 영등포 마스크 써야할까,먼지
인천 마스크 써야할까,먼지
목포 마스크 쓰는 게 좋니,먼지
내일 솔초 공기 상태 보면 마스크 써야하니,먼지
공기 상태 어떠니,먼지
내일 공기 상태 알려주라,먼지
모레 부산 공기 상태 알려줘,먼지
모레 오산 공기 상태 알려줘,먼지
오늘 공기 상태 뭐야,먼지
모레 전주 공기 상태 뭐야,먼지
인천 다음 주 미세먼지 알려줘,먼지
이번주 보령 미세먼지 줘,먼지
하늘 어때,먼지
하늘 상태 어때,먼지
영월 미세먼지 좋니,먼지
포항 하늘 좋아,먼지
양양 오늘 미세먼지 알려줘,먼지
속초의 오늘 미세먼지 어떨까,먼지
다다음 주 미세먼지 어때보여,먼지
글피 하늘 어때,먼지
글피 먼지 알려줘,먼지
인천 공기 어때,먼지
오늘 공기상태 알려줘,먼지
오늘 먼지 좀 알려줄래,먼지
다음 달 오산 미세먼지 어떨까,먼지
다음 주 논산 하늘 맑은지 알려줘,먼지
3월 15일 하늘 맑니,먼지
9월 12일 대구 먼지상태 알려줄래,먼지
미세먼지 상태 좀 알려줄 수 있겠니,먼지
9월 12일 대구 먼지상태 알려줄래,먼지
미세먼지 상태 좀 알려줄 수 있겠니,먼지
미세먼지 어떠니 좋니,먼지
오늘 하늘 좋니,먼지
내일 미세먼지 알려줘,먼지
내일 부산 미세먼지 알려줄래,먼지
다음 주 논산 하늘 맑은지 알려줘요,먼지
3월 15일 먼지 상태 알려줘요,먼지
9월 12일 대구 공기 상태 알려줄래요,먼지
이번주 토요일 미세먼지 어때요,먼지
내일 미세먼지 어때요,먼지
이번 주 미세먼지 어때요,먼지
다음 주 미세먼지 어때요,먼지
미세먼지 어떻게 돼요,먼지
오늘 미세먼지좀 알려줄수 있나요,먼지
내일 미세먼지 알려줄수 있어요,먼지
이번 주 미세먼지 알려줄래요,먼지
다음 주 미세먼지 알려줘요,먼지
내일 미세먼지 알려줘요,먼지
오늘 미세먼지 알려주라요,먼지
이번 주 전주 미세먼지 알려줘요,먼지
이번 주 미세먼지 알려줘요,먼지
미세먼지 좋아요,먼지
미세먼지 어떤지 말해줄수 있을까요,먼지
오늘 미세먼지 어때요,먼지
4월 12일 미세먼지 어때요,먼지
이번주 토요일 미세먼지 어때요,먼지
오늘 미세먼지 알려줘요,먼지
오늘 미세먼지좀 알려줄래요,먼지
내일 미세먼지 알려줘요,먼지
이번 주 미세먼지 알려줘요,먼지
이번 주 하늘 맑은지는요,먼지
이번 주 광명 하늘 맑은지 알려줘요,먼지
9월 12일 대구 공기 상태 알려줄래요,먼지
공기 상태 좀 알려줄 수 있겠니,먼지
공기 상태 어떠니 좋니,먼지
오늘 공기 상태 좋니,먼지
오늘 마스크 써야하니,먼지
내일 마스크 써야하니,먼지
마스크 써야 해,먼지
마스크 쓸까,먼지
마스크 쓰기 싫은데 써야할까,먼지
완산구 마스크 써야할까,먼지
경주 공기 상태 좋아,먼지
공기 상태 어떤지 말해줄수 있을까,먼지
마스크 써야 해,먼지
마스크 쓸까,먼지
마스크 쓰는게 좋니,먼지
마스크 쓰는 것이 좋을까,먼지
내일 공기 상태 알려줄수 있어,먼지
오늘 공기 상태좀 알려줄래,먼지
내일 공기 상태 알려줘,먼지
이번 주 공기 상태 알려줘,먼지
이번 주 공기 상태는,먼지
이번 주 광명 공기 상태 알려줘,먼지
이번 주 울산 공기 상태 알려줘,먼지
내일 공기 상태 알려줘,먼지
오늘 공기 상태 알려주라,먼지
이번 주 전주 공기 상태 알려줘,먼지
이번 주 공기 상태 알려줘,먼지
공기 상태 어떠니 좋니,먼지
오늘 공기 상태 좋니,먼지
공기 상태 좋아,먼지
마스크 쓰는 게 좋니,먼지
마스크를 써야 할까,먼지
내일 제주 공기 상태 보면 마스크 써야하니,먼지
내일 공기 상태 알려줄수 있어,먼지
이번 주 공기 상태 알려줄래,먼지
이번 주 먼지 상태 알려줄래,먼지
다음 주 먼지 상태 알려줄래,먼지
다음 주 공기 상태 알려줘,먼지
이번주 공기 상태 줘요,먼지
다음주 공기 상태 알려줄래요,먼지
이번 주 공기 상태 알려줘요,먼지
내일 부산 공기 상태 알려줄래요,먼지
다음 주 논산 공기 상태 알려줘요,먼지
3월 15일 공기 상태 알려줘요,먼지
9월 12일 대구 공기 상태 알려줄래요,먼지
다음 주 미세먼지 어때요,먼지
오늘 마스크 써야하은가요,먼지
내일 마스크 써야하나요,먼지
마스크 써야 해요,먼지
이번 주 미세먼지 알려줄래요,먼지
다음 주 미세먼지 알려줘요,먼지
이번주 미세먼지 줘요,먼지
다음주 미세먼지 알려줄래요,먼지
오늘 미세먼지 알려줘요,먼지
오늘 미세먼지좀 알려줄래요,먼지
내일 미세먼지 알려줘요,먼지
공기 상태 좀 알려줄 수 있겠나요,먼지
공기 상태 어떠니 좋나요,먼지
오늘 공기 상태 좋나요,먼지
공기 상태 좋아요,먼지
공기 상태 어떤지 말해줄수 있을까요,먼지
오늘 공기 상태 어때요,먼지
4월 12일 공기 상태 어때요,먼지
이번주 토요일 공기 상태 어때요,먼지
내일 공기 상태 어때요,먼지
오늘 마스크 써야하나요,먼지
내일 마스크 써야하나요,먼지
마스크 써야 해요,먼지
마스크 쓸까요,먼지
마스크 쓰는게 좋나요,먼지
마스크 쓰는 것이 좋을까요,먼지
오늘 대전 마스크 써야할까요,먼지
마스크 쓰는 게 좋나요,먼지
마스크를 써야 할까요,먼지
내일 제주 공기 상태 보면 마스크 써야하나요,먼지
오늘 대전에서 마스크 쓸까요,먼지
마스크 쓰기 싫은데 써야할까요,먼지
마스크 써야할까요,먼지
이번 주 공기 상태 어때요,먼지
다음 주 공기 상태 어때요,먼지
공기 상태 어떻게 돼요,먼지
오늘 공기 상태좀 알려줄수 있나요,먼지
내일 공기 상태 알려줄수 있어요,먼지
이번 주 공기 상태 알려줄래요,먼지
다음 주 공기 상태 알려줘요,먼지
이번주 공기 상태 줘요,먼지
다음주 공기 상태 알려줄래요,먼지
오늘 공기 상태 알려줘요,먼지
오늘 공기 상태좀 알려줄래요,먼지
내일 공기 상태 알려줘요,먼지
이번 주 공기 상태 알려줘요,먼지
이번 주 공기 상태는요,먼지
이번 주 광명 공기 상태 알려줘요,먼지
이번 주 울산 공기 상태 알려줘요,먼지
내일 공기 상태 알려줘요,먼지
오늘 공기 상태 알려주라요,먼지
이번 주 전주 공기 상태 알려줘요,먼지
이번 주 공기 상태 알려줘요,먼지
내일 부산 공기 상태 알려줄래요,먼지
다음 주 논산 공기 상태 알려줘요,먼지
3월 15일 공기 상태 알려줘요,먼지
9월 12일 대구 공기 상태 알려줄래요,먼지
공기 상태 좀 알려줄 수 있겠나요,먼지
공기 상태 어떠니 좋나요,먼지
오늘 공기 상태 좋나요,먼지
공기 상태 좋아요,먼지
공기 상태 어떤지 말해줄수 있을까요,먼지
이번 주 공기 상태 알려줄래요,먼지
다음 주 공기 상태 알려줘요,먼지
이번주 공기 상태 줘요,먼지
다음주 공기 상태 알려줄래요,먼지
오늘 공기 상태 알려줘요,먼지
오늘 공기 상태좀 알려줄래요,먼지
내일 공기 상태 알려줘요,먼지
이번 주 공기 상태 알려줘요,먼지
이번 주 공기 상태는요,먼지
오늘 마스크 써야하나요,먼지
내일 마스크 써야하나요,먼지
마스크 써야 해요,먼지
구로구 마스크 쓸까요,먼지
신촌마스크 쓰는게 좋나요,먼지
마스크 쓰는 것이 좋을까요,먼지
오늘 영등포 마스크 써야할까요,먼지
마스크 쓰는 게 좋나요,먼지
마스크를 써야 할까요,먼지
내일 제주 공기 상태 보면 마스크 써야하나요,먼지
오늘 대전에서 마스크 쓸까요,먼지
마스크 쓰기 싫은데 써야할까요,먼지
인천 마스크 써야할까요,먼지
이번 주 광명 공기 상태 알려줘요,먼지
이번 주 울산 공기 상태 알려줘요,먼지
내일 공기 상태 알려줘요,먼지
오늘 공기 상태 알려주라요,먼지
이번 주 전주 공기 상태 알려줘요,먼지
이번 주 공기 상태 알려줘요,먼지
내일 부산 공기 상태 알려줄래요,먼지
다음 주 논산 공기 상태 알려줘요,먼지
3월 15일 공기 상태 알려줘요,먼지
9월 12일 대구 공기 상태 알려줄래요,먼지
공기 상태 좀 알려줄 수 있겠나요,먼지
공기 상태 어떠니 좋나요,먼지
오늘 공기 상태 좋나요,먼지
공기 상태 좋아요,먼지
공기 상태 어떤지 말해줄수 있을까요,먼지
오늘 공기 상태 어때요,먼지
4월 12일 공기 상태 어때요,먼지
이번주 토요일 공기 상태 어때요,먼지
내일 공기 상태 어때요,먼지
이번 주 공기 상태 어때요,먼지
다음 주 공기 상태 어때요,먼지
공기 상태 어떻게 돼요,먼지
오늘 공기 상태좀 알려줄수 있나요,먼지
내일 공기 상태 알려줄수 있어요,먼지
이번 주 공기 상태 알려줄래요,먼지
오늘 마스크 써야하나요,먼지
내일 마스크 써야하나요,먼지
마스크 써야 해요,먼지
마스크 쓸까요,먼지
마스크 쓰는게 좋나요,먼지
마스크 쓰는 것이 좋을까요,먼지
다음 달 공기 상태 어떨까요,먼지
다음 주 공기 상태 어때보여요,먼지
이번 주 공기 상태 어때요,먼지
내일 공기 상태 알려줘요,먼지
오늘 공기 상태 알려주라요,먼지
이번 주 전주 공기 상태 알려줘요,먼지
이번 주 공기 상태 알려줘요,먼지
내일 부산 공기 상태 알려줄래요,먼지
다음 주 논산 공기 상태 알려줘요,먼지
3월 15일 하늘 맑은지 알려줘요,먼지
9월 12일 대구 공기 상태 알려줄래요,먼지
공기 상태 좀 알려줄 수 있겠은가요,먼지
공기 상태 어떠니 좋은가요,먼지
오늘 공기 상태 좋은가요,먼지
공기 상태 좋아요,먼지
공기 상태 어떤지 말해줄수 있을까요,먼지
오늘 공기 상태 어때요,먼지
4월 12일 공기 상태 어때요,먼지
이번주 토요일 공기 상태 어때요,먼지
내일 공기 상태 어때요,먼지
이번 주 공기 상태 어때요,먼지
다음 주 공기 상태 어때요,먼지
공기 상태 어떻게 돼요,먼지
오늘 공기 상태좀 알려줄래요,먼지
내일 공기 상태 알려줘요,먼지
이번 주 공기 상태 알려줘요,먼지
내일 대구 공기 상태 알려줘요,먼지
내일 부산 하늘 맑은지 알려줘요,먼지
오늘 금천구 공기 상태는요,먼지
다음 주 공기 상태 알려줘요,먼지
고령 공기 상태요,먼지
나주 공기 상태 말해줄래요,먼지
이번주 서울 공기 상태 줘요,먼지
서울 다음주 공기 상태 알려줄래요,먼지
부안 공기 상태 어떻게 돼요,먼지
오늘 서천 공기 상태 좀 알려줄수 있나요,먼지
내일 공기 상태 영덕 알려줄수 있어요,먼지
이번 주 가로수길 하늘 맑은지 알려줄래요,먼지
경주 다음주 미세먼지 알려줄래요,먼지
오늘 광주 공기 맑니,먼지
내일 서울 공기 좋니,먼지
내일 부산 공기 맑니,먼지
