명언 알려줘,명언
좋은 말 해줘,명언
명언 들려줄래,명언
명언 해주라,명언
좋은 말 들려줘,명언
좋은 말 해주라,명언
좋은 말 좀 해줄래,명언
명언 들려줘,명언
명언 하나 들려줄래,명언
명언 말해줘,명언
좋은 말 들려줘,명언
좋은 말 해줘,명언
좋은 말 좀 해줄래,명언
좋은 말 좀 해주라,명언
명언 말 해주라,명언
명언 좀 들려줘,명언
명언 알려줘요,명언
좋은 말 해줘요,명언
명언 들려줄래요,명언
명언 해주라요,명언
좋은 말 들려줘요,명언
좋은 말 해주라요,명언
좋은 말 좀 해줄래요,명언
명언 들려줘요,명언
명언 하나 들려줄래요,명언
명언 말해줘요,명언
좋은 말 들려줘요,명언
좋은 말 해줘요,명언
좋은 말 좀 해줄래요,명언
좋은 말 좀 해주라요,명언
명언 말 해주라요,명언
명언 좀 들려줘요,명언
힘이되는 명언 해줘,명언
명언 들려줘,명언
명언 해줘,명언
명언,명언
행복해지는 명언 해주라,명언
힘이되는 말 해줘,명언
좋은 말 들려줄수 있니,명언
힘이되는 명언 들려주라,명언
좋은 명언 말해줘,명언
힘이되는 얘기 해줄래,명언
행복해지는 얘기 해줄래,명언
좋은 명언 들려주라,명언
명언 해줄래,명언
힘이되는 명언 해줄래,명언
힘이되는 명언 해줘,명언
행복해지는 명언 해줘,명언
멋진 얘기 해줘,명언
멋진 얘기 해줄래,명언
멋진 명언 해주라,명언
나에게 명언 알려줘,명언
나에게 좋은 말 해줘,명언
나에게 명언 들려줄래,명언
나에게 명언 해주라,명언
나에게 좋은 말 들려줘,명언
나에게 좋은 말 해주라,명언
나에게 좋은 말 좀 해줄래,명언
나에게 명언 들려줘,명언
나에게 명언 하나 들려줄래,명언
나에게 명언 말해줘,명언
나에게 좋은 말 들려줘,명언
나에게 좋은 말 해줘,명언
나에게 좋은 말 좀 해줄래,명언
나에게 좋은 말 좀 해주라,명언
나에게 명언 말 해주라,명언
나에게 명언 좀 들려줘,명언
나에게 명언 알려줘요,명언
나에게 좋은 말 해줘요,명언
나에게 명언 들려줄래요,명언
나에게 명언 해주라요,명언
나에게 나에게 좋은 말 들려줘요,명언
나에게 좋은 말 해주라요,명언
나에게 좋은 말 좀 해줄래요,명언
나에게 명언 들려줘요,명언
나에게 명언 하나 들려줄래요,명언
나에게 명언 말해줘요,명언
나에게 좋은 말 들려줘요,명언
나에게 좋은 말 해줘요,명언
나에게 좋은 말 좀 해줄래요,명언
나에게 좋은 말 좀 해주라요,명언
나에게 명언 말 해주라요,명언
나에게 명언 좀 들려줘요,명언
나에게 힘이되는 명언 해줘,명언
나에게 명언 들려줘,명언
나에게 명언 해줘,명언
나에게 명언,명언
나에게 행복해지는 명언 해주라,명언
나에게 힘이되는 말 해줘,명언
나에게 좋은 말 들려줄수 있니,명언
나에게 힘이되는 명언 들려주라,명언
나에게 좋은 명언 말해줘,명언
나에게 힘이되는 얘기 해줄래,명언
나에게 행복해지는 얘기 해줄래,명언
나에게 좋은 명언 들려주라,명언
나에게 명언 해줄래,명언
나에게 힘이되는 명언 해줄래,명언
나에게 힘이되는 명언 해줘,명언
나에게 행복해지는 명언 해줘,명언
나에게 멋진 얘기 해줘,명언
나에게 멋진 얘기 해줄래,명언
나에게 멋진 명언 해주라,명언
나한테 멋진 명언 해줘,명언
나한테 힘이되는 명언 해줘,명언
나한테 힘이되는 얘기 해줘,명언
나한테 좋은 얘기 해줘,명언
재미 있는 명언 해줘,명언
재미 있는 명언 해주겠니,명언
멋진 명언 해주겠니,명언
명언 들려줘,명언
명언 해줄래,명언
명언 하나만 들려주라,명언
명언 하나만 해주라,명언
명언 하나만 해줄래,명언
명언 하나 해주라,명언
명언 해봐,명언
명언 하나 해봐,명언
좋은 명언 들려줘,명언
좋은 명언 해줄래,명언
좋은 명언 하나만 들려주라,명언
좋은 명언 하나만 해주라,명언
좋은 명언 하나만 해줄래,명언
좋은 명언 하나 해주라,명언
좋은 명언 해봐,명언
좋은 명언 하나 해봐,명언
힘이되는 명언 들려줘,명언
힘이되는 명언 해줄래,명언
힘이되는 명언 하나만 들려주라,명언
힘이되는 명언 하나만 해주라,명언
힘이되는 명언 하나만 해줄래,명언
힘이되는 명언 하나 해주라,명언
힘이되는 명언 해봐,명언
힘이되는 명언 하나 해봐,명언
힘이되는 명언 들려주겠니,명언
힘이되는 명언 해줘요,명언
멋진 명언 들려줘,명언
멋진 명언 해줄래,명언
멋진 명언 하나만 들려주라,명언
멋진 명언 하나만 해주라,명언
멋진 명언 하나만 해줄래,명언
멋진 명언 하나 해주라,명언
멋진 명언 해봐,명언
멋진 명언 하나 해봐,명언
멋진 명언 들려줘요,명언
멋진 명언 해줘요,명언
멋진명언이요,명언
나에게 좋은 명언 들려줘,명언
나에게 좋은 명언 해줄래,명언
나에게 좋은 명언 하나만 들려주라,명언
나에게 좋은 명언 하나만 해주라,명언
나에게 좋은 명언 하나만 해줄래,명언
나에게 좋은 명언 하나 해주라,명언
나에게 좋은 명언 해봐,명언
나에게 좋은 명언 하나 해봐,명언
나에게 힘이되는 명언 들려줘,명언
나에게 힘이되는 명언 해줄래,명언
나에게 힘이되는 명언 하나만 들려주라,명언
나에게 힘이되는 명언 하나만 해주라,명언
나에게 힘이되는 명언 하나만 해줄래,명언
나에게 힘이되는 명언 하나 해주라,명언
나에게 힘이되는 명언 해봐,명언
나에게 힘이되는 명언 하나 해봐,명언
나에게 힘이되는 명언 들려주겠니,명언
나에게 힘이되는 명언 해줘요,명언
나에게 멋진 명언 들려줘,명언
나에게 멋진 명언 해줄래,명언
나에게 멋진 명언 하나만 들려주라,명언
나에게 멋진 명언 하나만 해주라,명언
나에게 멋진 명언 하나만 해줄래,명언
나에게 멋진 명언 하나 해주라,명언
나에게 멋진 명언 해봐,명언
나에게 멋진 명언 하나 해봐,명언
나에게 멋진 명언 들려줘요,명언
나에게 멋진 명언 해줘요,명언
나에게 멋진명언이요,명언
행복해지는 명언 해주세요,명언
힘이되는 말 해줘요,명언
좋은 말 들려줄수 있나요,명언
힘이되는 명언 들려주세요,명언
좋은 명언 말해줘요,명언
힘이되는 얘기 해줄래요,명언
행복해지는 얘기 해줄래요,명언
좋은 명언 들려주세요,명언
명언 해줄래요,명언
힘이되는 명언 해줘요,명언
행복해지는 명언 해줘요,명언
멋진 얘기 해줘요,명언
멋진 얘기 해줄래요,명언
멋진 명언 해주세요,명언
나한테 멋진 명언 해줘요,명언
나한테 힘이되는 명언 해줘요,명언
나한테 힘이되는 얘기 해줘요,명언
나한테 좋은 얘기 해줘요,명언
재미 있는 명언 해줘요,명언
재미 있는 명언 해주겠나요,명언
멋진 명언 해주겠나요,명언
명언 들려줘요,명언
명언 해줄래요,명언
힘이되는 명언 들려줘요,명언
힘이되는 명언 해줄래요,명언
좋은 명언 들려줘요,명언
좋은 명언 해줄래요,명언
신나는 명언 들려줘요,명언
신나는 명언 해줄래요,명언
행복해지는 명언 들려줘요,명언
행복해지는 명언 해줄래요,명언
명언 하나 들려줘요,명언
명언 하나 해줄래요,명언
명언 하나만 들려주세요,명언
명언 들려주겠나요,명언
나 명언 하나만 들려줘,명언
명언 좀 해줘 심심하거든,명언
나한테 명언해줄 수 있냐,명언
나 명언 좀 들려주라,명언
명언 좀 해봐,명언
너 나한테 명언 들려줘야 해,명언
저기 명언 들려주겠나요,명언
저한테 명언 들려주세요,명언
저 혹시 명언 좀 들려주세요,명언
명언 한 번만 부탁합니다,명언
행복한 명언 들려줘요,명언
행복한 명언 해줄래요,명언
행복한 명언 하나 들려줘요,명언
행복한 명언 하나 해줄래요,명언
행복한 명언 하나만 들려주세요,명언
행복한 명언 들려주겠나요,명언
나 행복한 명언 하나만 들려줘,명언
행복한 명언 좀 해줘 심심하거든,명언
나한테 행복한 명언해줄 수 있냐,명언
나 행복한 명언 좀 들려주라,명언
행복한 명언 좀 해봐,명언
너 나한테 행복한 명언 들려줘야 해,명언
저기 행복한 명언 들려주겠나요,명언
저한테 행복한 명언 들려주세요,명언
저 혹시 행복한 명언 좀 들려주세요,명언
행복한 명언 한 번만 부탁합니다,명언
힘이되는 명언 들려줘요,명언
힘이되는 명언 해줄래요,명언
힘이되는 명언 하나 들려줘요,명언
힘이되는 명언 하나 해줄래요,명언
힘이되는 명언 하나만 들려주세요,명언
힘이되는 명언 들려주겠나요,명언
힘이되는 나 명언 하나만 들려줘,명언
힘이되는 명언 좀 해줘 심심하거든,명언
힘이되는 나한테 명언해줄 수 있냐,명언
힘이되는 나 명언 좀 들려주라,명언
힘이되는 명언 좀 해봐,명언
너 나한테 힘이되는 명언 들려줘야 해,명언
저기 힘이되는 명언 들려주겠나요,명언
저한테 힘이되는 명언 들려주세요,명언
저 혹시 힘이되는 명언 좀 들려주세요,명언
힘이되는 명언 한 번만 부탁합니다,명언
멋진 명언 들려줘요,명언
멋진 명언 해줄래요,명언
멋진 명언 하나 들려줘요,명언
멋진 명언 하나 해줄래요,명언
멋진 명언 하나만 들려주세요,명언
멋진 명언 들려주겠나요,명언
나 멋진 명언 하나만 들려줘,명언
멋진 명언 좀 해줘 심심하거든,명언
나한테 멋진 명언해줄 수 있냐,명언
나 멋진 명언 좀 들려주라,명언
멋진 명언 좀 해봐,명언
너 나한테 멋진 명언 들려줘야 해,명언
저기 멋진 명언 들려주겠나요,명언
저한테 멋진 명언 들려주세요,명언
저 혹시 멋진 명언 좀 들려주세요,명언
멋진 명언 한 번만 부탁합니다,명언
좋은 명언 들려줘요,명언
좋은 명언 해줄래요,명언
좋은 명언 하나 들려줘요,명언
좋은 명언 하나 해줄래요,명언
좋은 명언 하나만 들려주세요,명언
좋은 명언 들려주겠나요,명언
나 좋은 명언 하나만 들려줘,명언
좋은 명언 좀 해줘 심심하거든,명언
나한테 좋은 명언해줄 수 있냐,명언
나 좋은 명언 좀 들려주라,명언
좋은 명언 좀 해봐,명언
너 나한테 좋은 명언 들려줘야 해,명언
저기 좋은 명언 들려주겠나요,명언
저한테 좋은 명언 들려주세요,명언
저 혹시 좋은 명언 좀 들려주세요,명언
좋은 명언 한 번만 부탁합니다,명언
조언이 되는 명언 들려줘요,명언
조언이 되는 명언 해줄래요,명언
조언이 되는 명언 하나 들려줘요,명언
조언이 되는 명언 하나 해줄래요,명언
조언이 되는 명언 하나만 들려주세요,명언
조언이 되는 명언 들려주겠나요,명언
나 조언이 되는 명언 하나만 들려줘,명언
조언이 되는 명언 좀 해줘 심심하거든,명언
나한테 조언이 되는 명언해줄 수 있냐,명언
나 조언이 되는 명언 좀 들려주라,명언
조언이 되는 명언 좀 해봐,명언
너 나한테 조언이 되는 명언 들려줘야 해,명언
저기 조언이 되는 명언 들려주겠나요,명언
저한테 조언이 되는 명언 들려주세요,명언
저 혹시 조언이 되는 명언 좀 들려주세요,명언
좋은 명언 한 번만 부탁합니다,명언
좋은 명언 들려줘요,명언
좋은 명언 해줄래요,명언
좋은 명언 하나 들려줘요,명언
좋은 명언 하나 해줄래요,명언
좋은 명언 하나만 들려주세요,명언
좋은 명언 들려주겠나요,명언
나 좋은 명언 하나만 들려줘,명언
좋은 명언 좀 해줘 심심하거든,명언
좋은 조언이 되는 명언해줄 수 있냐,명언
나 좋은 명언 좀 들려주라,명언
좋은 명언 좀 해봐,명언
너 나한테 좋은 명언 들려줘야 해,명언
저기 좋은 명언 들려주겠나요,명언
저한테 좋은 명언 들려주세요,명언
저 혹시 좋은 명언 좀 들려주세요,명언
좋은 명언 한 번만 부탁합니다,명언
