지금 몇시야,시간
지금 몇 시야,시간
지금 몇시지,시간
지금 몇 시야,시간
시간,시간
시간은,시간
시간도 알려줘,시간
시간도,시간
시간 알려줘,시간
시간 알려줄래,시간
몇 신지 아니,시간
지금 몇시야,시간
지금 시간이 어떻게 되니,시간
시간 알려주라,시간
시간 좀 알려줘,시간
지금 몇시 몇분이야,시간
지금 몇 시 몇 분이야,시간
지금 시간 알려줄 수 있니,시간
지금 몇시야,시간
지금 몇 시야,시간
지금 몇시지,시간
지금 몇 시야,시간
시간,시간
시간 알려줘,시간
시간 알려줄래,시간
몇 신지 아니,시간
지금 몇시야,시간
지금 시간이 어떻게 되니,시간
시간 알려주라,시간
시간 좀 알려줘,시간
지금 몇시 몇분이야,시간
지금 몇 시 몇 분이야,시간
지금 시간 알려줄 수 있니,시간
지금 몇시야,시간
지금 몇 시야,시간
지금 몇시지,시간
지금 몇 시야,시간
시간,시간
시간 알려줘,시간
시간 알려줄래,시간
몇 신지 아니,시간
지금 몇시야,시간
지금 시간이 어떻게 되니,시간
시간 알려주라,시간
시간 좀 알려줘,시간
지금 몇시 몇분이야,시간
지금 몇 시 몇 분이야,시간
지금 시간 알려줄 수 있니,시간
지금 몇시야,시간
지금 몇 시야,시간
지금 몇시지,시간
지금 몇 시야,시간
시간,시간
시간 알려줘,시간
시간 알려줄래,시간
몇 신지 아니,시간
지금 몇시야,시간
지금 시간이 어떻게 되니,시간
시간 알려주라,시간
시간 좀 알려줘,시간
지금 몇시 몇분이야,시간
지금 몇 시 몇 분이야,시간
지금 시간 알려줄 수 있니,시간
지금 시간 알고싶어,시간
지금 시간 알려줘,시간
몇 시야,시간
몇 시지,시간
시간이 어떻게 되니,시간
지금 시간 알려주라,시간
지금 시간 좀 알려줘,시간
몇 시 몇 분이야,시간
시간 알려줄 수 있니,시간
지금 시간 알려 줘,시간
지금 시간 알려 줄래,시간
지금 몇 신지 아니,시간
지금 시간이 어떻게 되니,시간
지금 시간 알려주라,시간
몇 시 몇 분이야,시간
시간 알려줄 수 있니,시간
지금 시간 알려줘,시간
지금 시간 알려줄래,시간
지금 몇 신지 아니,시간
시간이 어떻게 되니,시간
지금 시간 알려주라,시간
지금 시간 좀 알려줘,시간
지금 몇 시 몇 분이야,시간
현재 몇시야,시간
현재 몇 시야,시간
현재 몇시지,시간
현재 몇 시야,시간
현재 시간,시간
현재 시간은,시간
현재 시간도 알려줘,시간
현재 시간도,시간
현재 시간 알려줘,시간
현재 시간 알려줄래,시간
현재 몇 신지 아니,시간
현재 몇시야,시간
현재 시간이 어떻게 되니,시간
현재 시간 알려주라,시간
현재 시간 좀 알려줘,시간
현재 몇시 몇분이야,시간
현재 몇 시 몇 분이야,시간
현재 시간 알려줄 수 있니,시간
현재 몇시야,시간
현재 몇 시야,시간
현재 몇시지,시간
현재 몇 시야,시간
현재 시간,시간
현재 시간 알려줘,시간
현재 시간 알려줄래,시간
현재 몇 신지 아니,시간
현재 몇시야,시간
현재 시간이 어떻게 되니,시간
현재 시간 알려주라,시간
현재 시간 좀 알려줘,시간
현재 몇시 몇분이야,시간
현재 몇 시 몇 분이야,시간
현재 시간 알려줄 수 있니,시간
현재 몇시야,시간
현재 몇 시야,시간
현재 몇시지,시간
현재 몇 시야,시간
현재 시간,시간
현재 시간 알려줘,시간
현재 시간 알려줄래,시간
현재 몇 신지 아니,시간
현재 몇시야,시간
현재 시간이 어떻게 되니,시간
현재 시간 알려주라,시간
현재 시간 좀 알려줘,시간
현재 몇시 몇분이야,시간
현재 몇 시 몇 분이야,시간
현재 시간 알려줄 수 있니,시간
현재 몇시야,시간
현재 몇 시야,시간
현재 몇시지,시간
현재 몇 시야,시간
현재 시간,시간
현재 시간 알려줘,시간
현재 시간 알려줄래,시간
현재 몇 신지 아니,시간
현재 몇시야,시간
현재 시간이 어떻게 되니,시간
현재 시간 알려주라,시간
현재 시간 좀 알려줘,시간
현재 몇시 몇분이야,시간
현재 몇 시 몇 분이야,시간
현재 시간 알려줄 수 있니,시간
현재 시간 알고싶어,시간
현재 시간 알려줘,시간
현재 몇 시야,시간
현재 몇 시지,시간
현재 시간이 어떻게 되니,시간
현재 시간 알려주라,시간
현재 시간 좀 알려줘,시간
현재 몇 시 몇 분이야,시간
현재 시간 알려줄 수 있니,시간
현재 시간 알려 줘,시간
현재 시간 알려 줄래,시간
현재 몇 신지 아니,시간
현재 시간이 어떻게 되니,시간
현재 시간 알려주라,시간
현재 몇 시 몇 분이야,시간
현재 시간 알려줄 수 있니,시간
현재 시간 알려줘,시간
현재 시간 알려줄래,시간
현재 몇 신지 아니,시간
현재 시간이 어떻게 되니,시간
현재 시간 알려주라,시간
현재 시간 좀 알려줘,시간
현재 몇 시 몇 분이야,시간
이제 몇시야,시간
이제 몇 시야,시간
이제 몇시지,시간
이제 몇 시야,시간
이제 시간,시간
이제 시간은,시간
이제 시간도 알려줘,시간
이제 시간도,시간
이제 시간 알려줘,시간
이제 시간 알려줄래,시간
이제 몇 신지 아니,시간
이제 몇시야,시간
이제 시간이 어떻게 되니,시간
이제 시간 알려주라,시간
이제 시간 좀 알려줘,시간
이제 몇시 몇분이야,시간
이제 몇 시 몇 분이야,시간
이제 시간 알려줄 수 있니,시간
이제 몇시야,시간
이제 몇 시야,시간
이제 몇시지,시간
이제 몇 시야,시간
이제 시간,시간
이제 시간 알려줘,시간
이제 시간 알려줄래,시간
이제 몇 신지 아니,시간
이제 몇시야,시간
이제 시간이 어떻게 되니,시간
이제 시간 알려주라,시간
이제 시간 좀 알려줘,시간
이제 몇시 몇분이야,시간
이제 몇 시 몇 분이야,시간
이제 시간 알려줄 수 있니,시간
이제 몇시야,시간
이제 몇 시야,시간
이제 몇시지,시간
이제 몇 시야,시간
이제 시간,시간
이제 시간 알려줘,시간
이제 시간 알려줄래,시간
이제 몇 신지 아니,시간
이제 몇시야,시간
이제 시간이 어떻게 되니,시간
이제 시간 알려주라,시간
이제 시간 좀 알려줘,시간
이제 몇시 몇분이야,시간
이제 몇 시 몇 분이야,시간
이제 시간 알려줄 수 있니,시간
이제 몇시야,시간
이제 몇 시야,시간
이제 몇시지,시간
이제 몇 시야,시간
이제 시간,시간
이제 시간 알려줘,시간
이제 시간 알려줄래,시간
이제 몇 신지 아니,시간
이제 몇시야,시간
이제 시간이 어떻게 되니,시간
이제 시간 알려주라,시간
이제 시간 좀 알려줘,시간
이제 몇시 몇분이야,시간
이제 몇 시 몇 분이야,시간
이제 시간 알려줄 수 있니,시간
이제 시간 알고싶어,시간
이제 시간 알려줘,시간
이제 몇 시야,시간
이제 몇 시지,시간
이제 시간이 어떻게 되니,시간
이제 시간 알려주라,시간
이제 시간 좀 알려줘,시간
이제 몇 시 몇 분이야,시간
이제 시간 알려줄 수 있니,시간
이제 시간 알려 줘,시간
이제 시간 알려 줄래,시간
이제 몇 신지 아니,시간
이제 시간이 어떻게 되니,시간
이제 시간 알려주라,시간
이제 몇 시 몇 분이야,시간
이제 시간 알려줄 수 있니,시간
이제 시간 알려줘,시간
이제 시간 알려줄래,시간
이제 몇 신지 아니,시간
이제 시간이 어떻게 되니,시간
이제 시간 알려주라,시간
이제 시간 좀 알려줘,시간
이제 몇 시 몇 분이야,시간
곧 몇시야,시간
곧 몇 시야,시간
곧 몇시지,시간
곧 몇 시야,시간
곧 시간,시간
곧 시간은,시간
곧 시간도 알려줘,시간
곧 시간도,시간
곧 시간 알려줘,시간
곧 시간 알려줄래,시간
곧 몇 신지 아니,시간
곧 몇시야,시간
곧 시간이 어떻게 되니,시간
곧 시간 알려주라,시간
곧 시간 좀 알려줘,시간
곧 몇시 몇분이야,시간
곧 몇 시 몇 분이야,시간
곧 시간 알려줄 수 있니,시간
곧 몇시야,시간
곧 몇 시야,시간
곧 몇시지,시간
곧 몇 시야,시간
곧 시간,시간
곧 시간 알려줘,시간
곧 시간 알려줄래,시간
곧 몇 신지 아니,시간
곧 몇시야,시간
곧 시간이 어떻게 되니,시간
곧 시간 알려주라,시간
곧 시간 좀 알려줘,시간
곧 몇시 몇분이야,시간
곧 몇 시 몇 분이야,시간
곧 시간 알려줄 수 있니,시간
곧 몇시야,시간
곧 몇 시야,시간
곧 몇시지,시간
곧 몇 시야,시간
곧 시간,시간
곧 시간 알려줘,시간
곧 시간 알려줄래,시간
곧 몇 신지 아니,시간
곧 몇시야,시간
곧 시간이 어떻게 되니,시간
곧 시간 알려주라,시간
곧 시간 좀 알려줘,시간
곧 몇시 몇분이야,시간
곧 몇 시 몇 분이야,시간
곧 시간 알려줄 수 있니,시간
곧 몇시야,시간
곧 몇 시야,시간
곧 몇시지,시간
곧 몇 시야,시간
곧 시간,시간
곧 시간 알려줘,시간
곧 시간 알려줄래,시간
곧 몇 신지 아니,시간
곧 몇시야,시간
곧 시간이 어떻게 되니,시간
곧 시간 알려주라,시간
곧 시간 좀 알려줘,시간
곧 몇시 몇분이야,시간
곧 몇 시 몇 분이야,시간
곧 시간 알려줄 수 있니,시간
곧 시간 알고싶어,시간
곧 시간 알려줘,시간
곧 몇 시야,시간
곧 몇 시지,시간
곧 시간이 어떻게 되니,시간
곧 시간 알려주라,시간
곧 시간 좀 알려줘,시간
곧 몇 시 몇 분이야,시간
곧 시간 알려줄 수 있니,시간
곧 시간 알려 줘,시간
곧 시간 알려 줄래,시간
곧 몇 신지 아니,시간
곧 시간이 어떻게 되니,시간
곧 시간 알려주라,시간
곧 몇 시 몇 분이야,시간
곧 시간 알려줄 수 있니,시간
곧 시간 알려줘,시간
곧 시간 알려줄래,시간
곧 몇 신지 아니,시간
곧 시간이 어떻게 되니,시간
곧 시간 알려주라,시간
곧 시간 좀 알려줘,시간
곧 몇 시 몇 분이야,시간
