알려줄래,위키
알려주라,위키
알려주세요,위키
알려주실까요,위키
알려줘,위키
궁금해,위키
궁금하군,위키
궁금하네,위키
궁금하고만,위키
궁금하구만,위키
궁금해요,위키
궁금해 죽겠어요,위키
박미선 궁금해,위키
문재인 궁금해,위키
서태지 궁금해,위키
노라조 궁금해,위키
자장면 뭐니,위키
전라북도 뭐니,위키
컴퓨터에 대해서 알려줘,위키
알고리즘에 대해서 알려줘,위키
에이핑크 누군지 궁금해,위키
걸스데 누군지 궁금해,위키
이병철 누군지 궁금해,위키
기요틴 뭔지 궁금해,위키
짬뽕 뭐니,위키
어벤져스 뭐니,위키
네이버 뭐니,위키
페이스북 뭔지 알려줘요,위키
오징어 뭔지 알려줘요,위키
문어에 대해서 알려줘,위키
바지에 대해서 알려줘,위키
역사 뭔지 알려줘요,위키
의자 뭔지 알아,위키
가방 뭔지 궁금해,위키
이건희 누군지 궁금해,위키
시라소니 누군지 알아,위키
김두한 뭔지 궁금해,위키
개그콘서트 뭔지 알려줘요,위키
다리미 뭔지 알려줘,위키
전기장판 뭔지 알려줘,위키
노래방 뭔지 알아,위키
너 대게 맛을 알아,위키
과자 뭔지 알려줘,위키
보리차 뭐니,위키
오란씨 뭔지 알려줘,위키
스파게티에 대해서 알려줘,위키
너 전구에 대해서 알고 있니,위키
프랑스 뭔지 알아,위키
포켓몬 뭐,위키
이상해씨 뭐,위키
바람개비 뭐,위키
색연필 뭐,위키
호랑 뭐,위키
사과 뭐,위키
인생 뜻 알려줘,위키
한국 대통령 뜻 알려줘,위키
UN 사무총장 뜻 알려줘,위키
박미선 키 뜻 알려줘,위키
윤동주 뜻 알려줘,위키
오지헌 뜻 알려줘,위키
정종철 뜻 알려줘,위키
유상무 뜻 알려줘,위키
김종국 뜻 알려줘,위키
유재석 무슨 뜻,위키
이육사 무슨 뜻,위키
강호동 무슨 뜻,위키
유병재 무슨 뜻,위키
탕수육 무슨 뜻,위키
오징어 무슨 뜻,위키
물고가에 대해서 무슨 뜻,위키
십자군에 대해서 무슨 뜻,위키
관절 무슨 뜻,위키
이상미 누군지 무슨 뜻,위키
김근영 누군지 무슨 뜻,위키
최영민 누군지 무슨 뜻,위키
박테리아 뭔지 무슨 뜻,위키
수란 무슨 뜻,위키
학교 무슨 뜻,위키
그레 무슨 뜻,위키
헤이즈 무슨 뜻,위키
모자 무슨 뜻,위키
필통 무슨 뜻,위키
전등에 대해서 무슨 뜻,위키
테슬라에 대해서 무슨 뜻,위키
역사 무슨 뜻,위키
너 육지 무슨 뜻이야,위키
물고기에 대해서 무슨 뜻,위키
ARS 뭐,위키
세상 뭘까,위키
인생 뭘까,위키
오지헌 궁금해,위키
정종철 궁금해,위키
유상무 궁금해,위키
김종국 궁금해,위키
탕수육 뭐,위키
물고가에 대해서 알려줘,위키
십자군에 대해서 알려줘,위키
관절 뭐,위키
박테리아 뭔지 궁금해,위키
학교 뭐,위키
모자 뭐,위키
필통 뭐,위키
전등에 대해서 알려줘,위키
테슬라에 대해서 알려줘,위키
사랑 뭐,위키
너 역사 뭔지 알아,위키
너 육지 뭔지 알아,위키
위선자 뭔지 알아,위키
너 설탕 뭔지 알아,위키
소금 뭔지 알아,위키
너 밀가루 뭔지 알아,위키
밀너 뭔지 알아,위키
너 제라드 뭔지 알아,위키
콤파니 뭔지 알아,위키
너 밥상 뭔지 알아,위키
너 역지사지 뭔지 알아,위키
오매불망 뭔지 알아,위키
너 다다익선 뭔지 알아,위키
길항 뭔지 알아,위키
너 반포지교 뭔지 알아,위키
만두 뭔지 알아,위키
너 국수 뭔지 알아,위키
가방 무슨 뜻이야,위키
가요 무슨 뜻이야,위키
가지 무슨 뜻이야,위키
가사 무슨 뜻이야,위키
가오 무슨 뜻이야,위키
가슴 무슨 뜻이야,위키
가치 무슨 뜻이야,위키
가나 무슨 뜻이야,위키
노랑 무슨 뜻이야,위키
노자 무슨 뜻이야,위키
나사 무슨 뜻이야,위키
나라 무슨 뜻이야,위키
다리 무슨 뜻이야,위키
다과 무슨 뜻이야,위키
단추 무슨 뜻이야,위키
단자 무슨 뜻이야,위키
동생 무슨 뜻이야,위키
대추 무슨 뜻이야,위키
도모 무슨 뜻이야,위키
강아지 무슨 뜻이야요,위키
통장 무슨 뜻이야요,위키
장사 무슨 뜻이야요,위키
송아지 무슨 뜻이야요,위키
종 무슨 뜻이야요,위키
밥통 무슨 뜻이야요,위키
사자 무슨 뜻이야요,위키
상자 무슨 뜻이야요,위키
소추 무슨 뜻이야요,위키
소주 무슨 뜻이야요,위키
프랑스 무슨 뜻이야요,위키
중국 무슨 뜻이야요,위키
포기 무슨 뜻이야요,위키
크레용 무슨 뜻이야요,위키
크몽 무슨 뜻이야요,위키
방장 무슨 뜻이야요,위키
봉사 무슨 뜻이야요,위키
망상 무슨 뜻이야요,위키
공장 무슨 뜻이야요,위키
공장장 무슨 뜻이야요,위키
간장 무슨 뜻이야요,위키
가방 뭘까요,위키
가요 뭐,위키
가지 뭐,위키
가사 뭐,위키
가오 뭐,위키
가슴 뭐,위키
가치 뭐,위키
가나 뭐,위키
노랑 뭐,위키
노자 뭐,위키
나사 뭐,위키
나라 뭐,위키
다리 뭐,위키
다과 뭐,위키
단추 뭐,위키
단자 뭐,위키
동생 뭐,위키
대추 뭐,위키
도모 뭐,위키
라면 뭐,위키
루아르 뭐,위키
강아지 뭐,위키
통장 뭐,위키
장사 뭐에요,위키
송아지 뭐에요,위키
종 뭐에요,위키
밥통 뭐에요,위키
사자 뭐에요,위키
상자 뭐에요,위키
소추 뭐에요,위키
소주 뭐에요,위키
프랑스 뭔가요,위키
중국 뭔가요,위키
포기 뭔가요,위키
크레용 뭔가요,위키
크몽 뭔가요,위키
방장 뭔가요,위키
봉사 뭔가요,위키
망상 뭔가요,위키
공장 뭔가요,위키
공장장 뭔가요,위키
간장 뭔가요,위키
화장 뭔지 알아요,위키
너 휴지 뭔지 알아요,위키
메시 뭔지 궁금해요,위키
골대 뭔지 알아요,위키
너 자장면 맛을 알아요,위키
질소 뭔가요,위키
녹차 뭐죠,위키
미란다 뭔가요,위키
파스타에 대해서 알려줘요,위키
일본 뭔지 알아요,위키
이탈리 뭔지 알아요,위키
중국 칭따오 뭔가요,위키
맥주 뭔가요,위키
돼지고기 뭔가요,위키
세상에서 가장 높 탑 뭐죠,위키
세상에서 제일 높 산 뭔가요,위키
모기 뭔가요,위키
필수 뭔가요,위키
천둥에 대해서 알려줘요,위키
메이웨더에 대해서 알려줘요,위키
늑대 뭔지 알아요,위키
증인 뭔지 알아요,위키
라면 뭔지 궁금해요,위키
웃찾사 뭘까요,위키
정전기 뭘까요,위키
온돌 뭘까요,위키
치킨 뭔지 알아요,위키
나초 뭘까요,위키
커피 뭐죠,위키
환타 뭘까요,위키
도깨비에 대해서 알려줘요,위키
너 호롱불에 대해서 알고 있죠,위키
중국 뭔지 알아요,위키
디지몬 뭘까요,위키
파이리 뭘까요,위키
풍차 뭘까요,위키
숭어 뭘까요,위키
가수는 뭐에요,위키
대통렬 뭐에요,위키
우유 뭘까,위키
인형 뭘까요,위키
휴지 뭘까,위키
양말 뭘까요,위키
마우스 알려줘요,위키
연애인 알려주라,위키
볼펜 알려주라,위키
샤프 어디에 쓰는거야,위키
훨씬이 뭐,위키
면은 뭐에요,위키
통일이 뭔지 알려주라,위키
건강 뭔지 알려주라,위키
건물 뭔지 알려주라,위키
시설 뭔지 알려주라,위키
외국 뭔지 알려주라,위키
밑 뭔지 알려주라,위키
어른 뭔지 알려주라,위키
주변 뭔지 알려주라,위키
대신 뭔지 알려주라,위키
원인 뭔지 알려주라,위키
팔다 뭔지 알려주라,위키
차례 뭔지 알려주라,위키
군 뭔지 알려주라,위키
재산 뭔지 알려주라,위키
팀 뭔지 알려주라,위키
부모 뭔지 알려주라,위키
약간 뭔지 알려주라,위키
언어 뭔지 알려주라,위키
감독 뭔지 알려주라,위키
사실 뭔지 알려주라,위키
자주 뭔지 알려주라,위키
기간 뭔지 알려주라,위키
담배 뭔지 알려주라,위키
할아버지 뭔지 알려주라,위키
조직 뭔지 알려주라,위키
공장 뭔지 알려주라,위키
벌써 뭔지 알려주라,위키
지 뭔지 알려주라,위키
환자 뭔지 알려주라,위키
사고 뭔지 알려주라,위키
쌀 뭔지 알려주라,위키
일반 뭔지 알려주라,위키
대화 뭔지 알려주라,위키
막다 뭔지 알려주라,위키
올해 뭔지 알려주라,위키
형 뭔지 알려주라,위키
인물 뭔지 알려주라,위키
모두 뭔지 알려주라,위키
전국 뭔지 알려주라,위키
도움 뭔지 알려주라,위키
가정 뭔지 알려주라,위키
버스 뭔지 알려주라,위키
농업 뭔지 알려주라,위키
식 뭔지 알려주라,위키
의견 뭔지 알려주라,위키
무대 뭔지 알려주라,위키
사진 뭔지 알려주라,위키
주장 뭔지 알려주라,위키
경기 뭔지 알려주라,위키
목적 뭔지 알려주라,위키
태도 뭔지 알려주라,위키
남성 뭔지 알려주라,위키
주위 뭔지 알려주라,위키
대책 뭔지 알려주라,위키
다리 뭔지 알려주라,위키
재료 뭔지 알려주라,위키
각각 뭔지 알려주라,위키
결코 뭔지 알려주라,위키
자유 뭔지 알려주라,위키
책임 뭔지 알려주라,위키
경쟁 뭔지 알려주라,위키
달러 뭔지 알려주라,위키
여름 뭔지 알려주라,위키
회 뭔지 알려주라,위키
구체적 뭔지 알려주라,위키
기회 뭔지 알려주라,위키
지구 뭔지 알려주라,위키
번째 뭔지 알려주라,위키
소비자 뭔지 알려주라,위키
싫다 뭔지 알려주라,위키
규모 뭔지 알려주라,위키
기준 뭔지 알려주라,위키
말 뭔지 알려주라,위키
반드시 뭔지 알려주라,위키
