에픽하이 우산 들려줘,음악
윤하 우산 들려줘,음악
윤하의 우산 들려주라,음악
우산 노래 들려줘,음악
에픽하이의 우산 들려줘,음악
레인보우 노래 들려줘,음악
조현영 노래 들려줘,음악
가인 노래 들려줘,음악
브라운 아이드걸스,음악
달샤벳 노래 들려줘,음악
디지몬 주제가 들려줘,음악
뽀로로 주제가 들려줘,음악
포켓몬 주제가 들려줘,음악
도끼 노래 들려줘,음악
김효은 노래 들려줘,음악
매드 클라운 노래 들려줘,음악
어반자카파 노래 들려줘,음악
어반 자카파 노래 들려주라,음악
서태지의 로보트 들려주라,음악
좋은 노래 추천좀 해줘,음악
걸스데이 노래 추천해줘,음악
씨잼 비와이 추천해주라,음악
비와이 노래 들려주겠니,음악
베이식 노래 들려줘,음악
슈퍼비 면도 언 에듀케이트 노래 들려줘,음악
루피 나플라 콜라보 추천해줘,음악
나플라 wu 듣고싶어,음악
아이오아이 노래 추천해줘,음악
뽀로로 노래 들려줄래,음악
그 투에니원 노래 들려줄수 있니,음악
지아 음악 들을래,음악
노을 mp3 추천해주라,음악
허각 목소리 좋던데 들려줘,음악
윤도현의 길 틀어줘,음악
넬 노래 틀어줘,음악
아이비 노래 들으려고,음악
다시 만난 세계 노래 틀어주라,음악
나 신나는 노래 듣고싶어,음악
나 우울한데 슬픈 노래 추천해줘,음악
기쁜 노래 들려줄 수 있니,음악
애드시어런의 쉐이프오브미 추천해줘,음악
혁오 밴드 노래 듣고 싶어요,음악
노래 들려줘,음악
감성 힙합 추천해주라,음악
가슴 아픈 발라드 들려줘,음악
잭스키스 아프지 마요 들을래,음악
요즘 가요 추천해줘,음악
신나는 EDM 음악 들려줘,음악
장범준 노래 들을래,음악
그 영화 기억 안나는데 ost 추천해줘,음악
이름은 모르겠는데 마룬 파이브 노래 들려줘,음악
트둥이 노래 들려주겠니,음악
다비치 들려줘,음악
원더걸스 추억의 노래 추천해줘,음악
미스 에이 수지 노래 들려주라,음악
포미닛 노래 들려줘,음악
빅뱅 뱅뱅뱅 노래 틀어줘,음악
그레이 노래 들려줘,음악
고등래퍼 히트곡 틀어 주라,음악
노래 하기나 해 들려줘,음악
크러쉬 노래가 추천해줘,음악
블루스 음악 들을래,음악
재즈 음악 추천해줘,음악
증인 ost 들려주라,음악
이 노래가 클럽에서 나온다면 우디 추천해줘,음악
윤종신 좋니 노래 슬프더라,음악
노래 추천 해줄래,음악
음악 들려줄래,음악
노래 재생해줘,음악
노래 틀어줘,음악
신나는 음악 하나만 재생해줄래,음악
가요 틀어주라,음악
오아시스 노래 듣고 싶네,음악
김범수 노래 틀어 줬으면 좋겠네,음악
샤이니 음악 추천해줘,음악
스윙스 노래 들을래,음악
빅스 노래 틀어줘,음악
청하 음악 들을래,음악
winner의 노래가 듣고 싶어져,음악
현아의 베베 듣고 싶어요,음악
수란의 오늘 취하면 듣고 싶네,음악
지코 음악 들려줘,음악
더콰이엇 플로우 좋던데 노래 추천해줘,음악
보아 노래 들을래,음악
Boa 음악 들려줘,음악
이 bgm 뭐니 들려줘,음악
엑소 오빠들 노래 들을래,음악
정준영 노래 추천해줘,음악
비투비 노래 좋던데,음악
동방신기 주문 미로틱 들려줘,음악
오마이걸 노래 들을래,음악
행주 보이비 노래 들려줘,음악
이센스 애넥도트 들을래,음악
구수한 트로트 틀어줄래,음악
알앤비 소울 들려줘,음악
첸의 make it count 들을래,음악
비투비 오빠들 노래 들을래,음악
멜론 차트 틀어줄래,음악
숀 way back home 들려줘,음악
ariana grande 음악 추천해주라,음악
버벌진트 노래 좋던데 들려줘,음악
aoa 노래 좋더라,음악
소녀시대 노래가 그렇게 좋더라,음악
believer 음악 재생 해주라,음악
방탄 재생해줘,음악
방탄 소년단 노래 재생해줘,음악
방탄 오빠들 음악 들려주라,음악

에픽하이의 우산 들려줘,음악
에픽하이 우산 들려줘,음악
윤하 우산 들려줘,음악
윤하의 우산 들려주라,음악
우산 노래 들려줘,음악
에픽하이의 우산 들려줘,음악
에픽하이 우산 들려줘,음악
윤하 우산 들려줘,음악
윤하의 우산 들려주라,음악
우산 노래 들려줘,음악
에픽하이의 우산 들려줘,음악
에픽하이 우산 들려줘,음악
윤하 우산 들려줘,음악
윤하의 우산 들려주라,음악
우산 노래 들려줘,음악
에픽하이의 우산 들려줘,음악
에픽하이 우산 들려줘,음악
윤하 우산 들려줘,음악
윤하의 우산 들려주라,음악
우산 노래 들려줘,음악
에픽하이의 우산 들려줘,음악
레인보우 노래 들려줘,음악
조현영 노래 들려줘,음악
가인 노래 들려줘,음악
브라운 아이드걸스,음악
에픽하이 우산 들려줘,음악
윤하 우산 들려줘,음악
달샤벳 노래 들려줘,음악
윤하의 우산 들려주라,음악
디지몬 주제가 들려줘,음악
뽀로로 주제가 들려줘,음악
포켓몬 주제가 들려줘,음악
디지몬 주제가 들려줘,음악
뽀로로 주제가 들려줘,음악
도끼 노래 들려줘,음악
김효은 노래 들려줘,음악
매드 클라운 노래 들려줘,음악
포켓몬 주제가 들려줘,음악
우산 노래 들려줘,음악
어반자카파 노래 들려줘,음악
어반 자카파 노래 들려주라,음악
서태지의 로보트 들려주라,음악
좋은 노래 추천좀 해줘,음악
걸스데이 노래 들려줘,음악
씨잼 비와이 들려줘,음악
비와이 노래 들려주겠니,음악
베이식 노래 들려줘,음악
슈퍼비 면도 언 에듀케이트 노래 들려줘,음악
루피 나플라 콜라보 들려줘,음악
나플라 wu 듣고싶어,음악
아이오아이 노래 들려줘,음악
뽀로로 노래 들려줄래,음악
그 투에니원 노래 들려줄수 있니,음악
지아 음악 들을래,음악
노을 mp3 들려줘,음악
허각 목소리 좋던데 들려줘,음악
윤도현의 길 틀어줘,음악
넬 노래 틀어줘,음악
알리 노래 틀어줘,음악
손승연 노래가 좋더라,음악
아이비 노래 들으려고,음악
다시 만난 세계 노래 틀어주라,음악
나 신나는 노래 듣고싶어,음악
나 우울한데 슬픈 노래 들려줘,음악
기쁜 노래 들려줄 수 있니,음악
애드시어런의 쉐이프오브미 들려줘,음악
혁오 밴드 노래 듣고 싶어요,음악
노래 들려줘,음악
감성 힙합 들려주라,음악
가슴 아픈 발라드 들려줘,음악
잭스키스 아프지 마요 들을래,음악
요즘 가요 들려줘,음악
신나는 EDM 음악 들려줘,음악
신나는 emd 틀어줘,음악
성시경 목소리 감미롭던데 노래 틀어줘,음악
버스커 버스커 노래가 좋더라,음악
장범준 노래 들을래,음악
그 영화 기억 안나는데 ost 들려줘,음악
이름은 모르겠는데 마룬 파이브 노래 들려줘,음악
트둥이 노래 들려주겠니,음악
다비치 들려줘,음악
원더걸스 추억의 노래 들려줘,음악
미스 에이 수지 노래 들려주라,음악
포미닛 노래 들려줘,음악
빅뱅 뱅뱅뱅 노래 틀어줘,음악
효린 들려줘,음악
하하 노래 들려줘,음악
그레이 노래 들려줘,음악
고등래퍼 히트곡 틀어 주라,음악
노래 하기나 해 들려줘,음악
크러쉬 노래가 추천해줘,음악
블루스 음악 들을래,음악
재즈 음악 추천해줘,음악
힙합 들을래,음악
빡센 힙합 틀어줘,음악
외힙 듣고 싶어 들려줘,음악
노을 살기 위해서 들려주라,음악
베토벤 클래식 들을래,음악
미국 팝송 들을래,음악
브리티쉬 밴드 음악 들을려고,음악
인기 영화 ost 틀어줘,음악
가슴 아플때 들을만한 노래 들려줘,음악
힘들때 듣기 좋은 음악 추천 좀,음악
아이콘 사랑을 했다 듣고싶네,음악
닐로 지나오다 들을래,음악
멜로망스 목소리 좋던데 노래 추천 해줘,음악
별이 빛나는 밤 노래 들을래,음악
에픽하이의 우산 들려줘,음악
에픽하이 우산 들려줘,음악
윤하 우산 들려줘,음악
윤하의 우산 들려주라,음악
우산 노래 들려줘,음악
목소리 노래 들려줘,음악
증인 ost 들려주라,음악
이 노래가 클럽에서 나온다면 우디 들려줘,음악
윤종신 좋니 노래 슬프더라,음악
빈첸 고등래퍼 노래 들을래,음악
하선호 고등래퍼 들려줘,음악
김하온 노래 들려줘,음악
영비 노래 들려줘,음악
허클베리피 힙합 가사 들려줘,음악
김하온 붕붕 들려줘,음악
바코드 들려주라,음악
신나는 음악을 듣고 싶어요,음악
오늘은 기분 좋은 음악이 듣고 싶네,음악
노래 추천 해줄래,음악
노래 들려줘,음악
슬픈 노래 들려줘,음악
신나는 노래 추천 해주세요,음악
음악 들려줄래,음악
이은미 녹턴 틀어줘,음악
동요 들려줄래,음악
즐거운 음악 틀어줘,음악
신나는 음악 들려줄래,음악
노래 틀어줘,음악
노래 재생해줘,음악
노래 들려줘,음악
노래 틀어줘,음악
노래 재생해줘,음악
노래 들려줘,음악
노래 틀어줘,음악
노래 재생해줘,음악
노래 들려줘,음악
재밌는 노래 들려줄수있니,음악
요즘 인기가요 들려줘,음악
가요 틀어주라,음악
즐거운 음악 들려줘,음악
기쁜 음악 들려줘,음악
슬픈 음악 들려줘,음악
우울한 음악 들려줘,음악
행복한 음악 들려줘,음악
잔잔한 뉴에이지 음악 듣고싶네,음악
시원한 음악 들려줘,음악
상쾌한 음악 들려줘,음악
희망적인 음악 들려줘,음악
비극적인 음악 들려줘,음악
뜨거운 음악 들려줘,음악
즐거운 노래 들려줘,음악
기쁜 노래 들려줘,음악
슬픈 노래 들려줘,음악
즐거운 노래 들려줄래,음악
기쁜 노래 들려줄래,음악
슬픈 노래 들려줄래,음악
우울한 노래 들려줄래,음악
행복한 노래 들려줄래,음악
희망적인 노래 들려줄래,음악
비극적인 노래 들려줄래,음악
뜨거운 노래 들려줄래,음악
기억을 걷는 시간 틀어 줄래,음악
에이핑크 노래 들려주겠니,음악
에이핑크 들려줘,음악
에픽하이 노래 틀어 주세요,음악
오아시스 노래 듣고 싶네,음악
서태지 노래 듣고 싶은데,음악
소나무 노래 들려 주겠니,음악
김범수 노래 틀어 줬으면 좋겠네,음악
이수 노래 들려줬으면 좋겠어,음악
빅뱅 좋다 들려 주라,음악
아이돌 그룹 노래 듣고 싶은데,음악
샤이니 음악 들려줘,음악
아이돌 그룹 음악 틀어줘,음악
그루비룸이 프로듀스한 노래 들려줘,음악
코드 쿤스트 노래 들려줘,음악
자이언티 노래 듣고싶네,음악
양화대교 틀어주라,음악
아이돌 음악 듣고 싶네,음악
베베미뇽 노래 듣고 싶어요,음악
청하 음악 들을래,음악
winner의 노래가 듣고 싶어져,음악
현아의 베베 듣고 싶어요,음악
수란의 오늘 취하면 듣고 싶네,음악
지코 음악 들려줘,음악
랩 음악 들을래,음악
랩 듣고 싶어,음악
최신 가요 듣고싶은데,음악
최신 가요 노래 들려주라,음악
10cm 노래 듣고 싶네,음악
세븐틴 음악 틀어주라,음악
비투비 노래 좋던데,음악
동방신기 주문 미로틱 들려줘,음악
오마이걸 노래 들을래,음악
행주 보이비 노래 들려줘,음악
오왼 노래 들을래 노래요,음악
리쌍 음악 슬프더라 들려줘요,음악
창모 노래 들려줘요,음악
창모 아름다워 듣고 싶네요,음악
라붐 노래 들려주세요,음악
노엘 영비 한요한 헬리콥터 들려줘요,음악
릴보이 노래 들려줘요,음악
기리보이 노래 들려줘요,음악
홍진영 노래 들을래요,음악
홍진영 트로트 들려줘요,음악
구수한 트로트 틀어줄래요,음악
알앤비 소울 들려줘요,음악
첸의 make it count 들을래요,음악
먼데이 키즈 가울안부 들려줘요,음악
백예린 신곡 들을래요,음악
장범준 3집 나왔던데 노래 틀어줘요,음악
엔플라잉 옥탑방 노래 틀어줘요,음악
재키와이 노래 들을래요,음악
한요한 오션검 들을래요,음악
최하민 오션 웨이브 들려줘요,음악
멜론 차트 틀어줄래요,음악
숀 way back home 들려줘요,음악
ariana grande 음악 들려줘요,음악
송민호 아낙네 들을래요,음악
고백 양다일 들어줄래요,음악
벤의 연애중 들을래요,음악
선미 누아르 들려줘요,음악
우원재 호불호 기리보이 들려줘요,음악
우원재 시차 들을래요,음악
뽀로로 주제가 들을래요,음악
exid 노래 들을래요,음악
러블리즈 노래 들을래요,음악
여자친구 걸그룹 노래 들려줘요,음악
태양의 후예 ost 들려 줄래요,음악
2ne1 노래 듣고 싶어져요,음악
모모랜드 노래 들을래요,음악
aoa 노래 좋더세요,음악
애프터스쿨 노래 알아요,음악
우주소녀 노래 들려줘요,음악
아스트로 오빠들 노래 틀어주세요요,음악
스나이퍼 노래 들을래요,음악
로꼬 노래 좋더세요,음악
비스트 노래가 좋던데요,음악
노라조 형 들려줄래요,음악
한동근 이 소설의 끝을 다시 써보려해 들을래요,음악
박진영의 허니 들을래요,음악
트와이스 이쁘다 들려줘요,음악
방탄소년단 멋있어 노래 들을래요,음악
방탄 소년단 노래 재생해줘요,음악
방탄 오빠들 음악 들려주세요,음악
