요즘 이슈 알려줘,이슈
요즘 사회적인 이슈 알려줘,이슈
최근 이슈 알려줘,이슈
정치적 요즘 이슈 최근 알려줘,이슈
요즘 이슈 알려줘,이슈
요즘 사회적인 이슈 알려줘,이슈
최근 이슈 알려줘,이슈
요즘 무슨일이 있었니,이슈
요슴 있던일 알려줘,이슈
최근 있던일 최근 알려줘,이슈
요즘 핫한게 뭐니,이슈
최근 핫했던것 알려줘,이슈
요즘 최신의 이슈가 최근 뭐니,이슈
요즘 핫했던 이슈 알려줘,이슈
요즘 최근 뜨는 일 알려줘,이슈
핫했던 거 알려줄래,이슈
요즘 주요 이슈 알려줘,이슈
이슈 어떤 게 최근 있어,이슈
요즘 가장 화제가 됐던 거 알려줘,이슈
화제의 이슈 알려줘,이슈
화제의 사건 뭐 최근 있니,이슈
요즘 화제의 사건 알려줘,이슈
이슈 알려주라,이슈
요즘 가장 유행하는게 뭐니,이슈
최근 가장 유행하는게 뭐니,이슈
요즘 뜨는게 뭐니,이슈
요즘 가장 뜨는게 뭐니,이슈
요즘 무슨일이 있었니,이슈
요슴 있던일 알려줘,이슈
있던일 알려줘 요즘,이슈
요즘 핫한게 최근 뭐니,이슈
최근 핫했던것 알려줘,이슈
요즘 최신의 이슈가 뭐니,이슈
요즘 핫했던 이슈 알려줘,이슈
요즘 뜨는 일 알려줘,이슈
핫했던 거 알려줄래,이슈
요즘 주요 이슈 알려줘,이슈
이슈 어떤 게 있어,이슈
요즘 가장 화제가 됐던 거 알려줘,이슈
화제의 이슈 알려줘,이슈
화제의 사건 뭐 있니,이슈
요즘 화제의 사건 알려줘,이슈
이슈 알려주라,이슈
요즘 가장 유행하는게 뭐니,이슈
최근 가장 유행하는게 뭐니,이슈
요즘 뜨는게 뭐니,이슈
요즘 가장 뜨는게 뭐니,이슈
요즘 이슈 알려줘요,이슈
요즘 사회적인 이슈 알려줘요,이슈
최근 이슈 알려줘요,이슈
정치적 이슈 알려줘요 요즘,이슈
이슈 알려줘요 요즘,이슈
요즘 사회적인 이슈 알려줘요,이슈
최근 이슈 알려줘요,이슈
요즘 무슨일이 있었나요,이슈
요슴 있던일 알려줘요,이슈
최근 있던일 알려줘요,이슈
요즘 핫한게 뭐 있나요,이슈
최근 핫했던것 알려줘요,이슈
요즘 최신의 이슈가 뭐 있나요,이슈
요즘 핫했던 이슈 알려줘요,이슈
요즘 뜨는 일 알려줘요,이슈
핫했던 거 알려줄래요,이슈
주요 이슈 알려줘요 요즘날,이슈
이슈 어떤 게 있어요,이슈
요즘 가장 화제가 됐던 거 알려줘요,이슈
화제의 이슈 알려줘요,이슈
화제의 사건 뭐 있나요,이슈
요즘 화제의 사건 알려줘요,이슈
이슈 알려주라요,이슈
요즘 가장 유행하는게 뭐 있나요,이슈
최근 가장 유행하는게 뭐 있나요,이슈
요즘 뜨는게 뭐 있나요,이슈
요즘 가장 뜨는게 뭐 있나요,이슈
요즘 무슨일이 있었나요,이슈
요슴 있던일 알려줘요,이슈
최근 있던일 요즘 알려줘요,이슈
요즘 핫한게 뭐 있나요,이슈
최근 핫했던것 알려줘요,이슈
최신의 요즘 이슈가 뭐 있나요,이슈
요즘 핫했던 이슈 알려줘요,이슈
뜨는 일 알려줘요 요즘,이슈
핫했던 거 알려줄래요,이슈
요즘 주요 이슈 알려줘요,이슈
이슈 어떤 게 있어요,이슈
요즘 가장 화제가 됐던 거 알려줘요,이슈
화제의 이슈 알려줘요,이슈
화제의 사건 뭐 있나요,이슈
요즘 화제의 사건 알려줘요,이슈
이슈 알려주라요,이슈
요즘 가장 유행하는게 뭐 있나요,이슈
최근 가장 유행하는게 뭐 있나요,이슈
요즘 뜨는게 뭐 있나요,이슈
요즘 가장 뜨는게 뭐 있나요,이슈
이슈 알려줘 요즘,이슈
요즘 사회적인 이슈 알려줘,이슈
최근 이슈 알려줘,이슈
정치적 이슈 알려줘,이슈
요즘 이슈 알려줘,이슈
요즘 사회적인 이슈 알려줘,이슈
최근 이슈 알려줘,이슈
요즘 무슨일이 있었니,이슈
요슴 있던일 알려줘,이슈
최근 있던일 알려줘,이슈
요즘 핫한게 뭐니,이슈
최근 핫했던것 요즘 알려줘,이슈
요즘 최신의 이슈가 뭐니,이슈
핫했던 요즘 이슈 알려줘,이슈
요즘 뜨는 일 알려줘,이슈
핫했던 거 알려줄래,이슈
요즘 주요 이슈 알려줘,이슈
이슈 어떤 게 있어,이슈
요즘 가장 화제가 됐던 거 알려줘,이슈
화제의 이슈 알려줘,이슈
화제의 사건 뭐 있니,이슈
요즘 화제의 사건 알려줘,이슈
이슈 알려주라,이슈
요즘 가장 유행하는게 뭐니,이슈
최근 가장 유행하는게 뭐니,이슈
뜨는게 요즘 뭐니,이슈
요즘 가장 뜨는게 뭐니,이슈
요즘 무슨일이 있었니,이슈
요슴 있던일 알려줘,이슈
최근 있던일 알려줘,이슈
요즘 핫한게 뭐니,이슈
최근 핫했던것 알려줘,이슈
요즘 최신의 이슈가 뭐니,이슈
핫했던 이슈 알려줘 요즘,이슈
요즘 뜨는 일 요즘 알려줘,이슈
핫했던 거 알려줄래,이슈
요즘 주요 이슈 알려줘,이슈
이슈 어떤 게 있어,이슈
요즘 가장 화제가 됐던 거 알려줘,이슈
화제의 이슈 알려줘,이슈
화제의 사건 뭐 있니,이슈
요즘 화제의 사건 알려줘,이슈
이슈 알려주라,이슈
요즘 가장 유행하는게 뭐니,이슈
최근 가장 유행하는게 뭐니,이슈
뜨는게 뭐니 요즘,이슈
가장 뜨는게 뭐니,이슈
요즘 이슈 알려줘요,이슈
사회적인 이슈 알려줘요 요즘,이슈
최근 이슈 알려줘요,이슈
정치적 이슈 알려줘요,이슈
요즘 이슈 알려줘요,이슈
사회적인 요즘 이슈 알려줘요,이슈
최근 이슈 알려줘요,이슈
요즘 무슨일이 있었나요,이슈
요슴 있던일 알려줘요,이슈
최근 있던일 알려줘요,이슈
요즘 핫한게 뭐 있나요,이슈
최근 핫했던것 알려줘요,이슈
요즘 최신의 이슈가 뭐 있나요,이슈
요즘 핫했던 이슈 알려줘요,이슈
요즘 뜨는 일 알려줘요,이슈
핫했던 거 알려줄래요,이슈
요즘 주요 이슈 알려줘요,이슈
이슈 어떤 게 있어요,이슈
요즘 가장 화제가 됐던 거 알려줘요,이슈
화제의 이슈 알려줘요,이슈
화제의 사건 뭐 있나요,이슈
요즘 화제의 사건 알려줘요,이슈
이슈 알려주라요,이슈
요즘 가장 유행하는게 뭐 있나요,이슈
최근 가장 유행하는게 뭐 있나요,이슈
요즘 뜨는게 뭐 있나요,이슈
요즘 가장 뜨는게 뭐 있나요,이슈
무슨일이 있었나요 요즘,이슈
있던일 요즘 알려줘요,이슈
최근 있던일 알려줘요,이슈
요즘 핫한게 뭐 있나요,이슈
최근 핫했던것 알려줘요,이슈
요즘 최신의 이슈가 뭐 있나요,이슈
요즘 핫했던 이슈 알려줘요,이슈
요즘 뜨는 일 알려줘요,이슈
핫했던 거 알려줄래요,이슈
요즘 주요 이슈 알려줘요,이슈
이슈 어떤 게 있어요,이슈
요즘 가장 화제가 됐던 거 알려줘요,이슈
화제의 이슈 알려줘요,이슈
화제의 사건 뭐 있나요,이슈
요즘 화제의 사건 알려줘요,이슈
이슈 알려주라요,이슈
요즘 가장 유행하는게 뭐 있나요,이슈
최근 가장 유행하는게 뭐 있나요,이슈
요즘 뜨는게 뭐 있나요,이슈
요즘 가장 뜨는게 뭐 있나요,이슈
지금 이슈 알려줘,이슈
지금 사회적인 이슈 알려줘,이슈
지금 이슈 알려줘,이슈
정치적 지금 이슈 지금 알려줘,이슈
지금 이슈 알려줘,이슈
지금 사회적인 이슈 알려줘,이슈
지금 이슈 알려줘,이슈
지금 무슨일이 있었니,이슈
요슴 있던일 알려줘,이슈
지금 있던일 지금 알려줘,이슈
지금 핫한게 뭐니,이슈
지금 핫했던것 알려줘,이슈
지금 최신의 이슈가 지금 뭐니,이슈
지금 핫했던 이슈 알려줘,이슈
지금 지금 뜨는 일 알려줘,이슈
핫했던 거 알려줄래,이슈
지금 주요 이슈 알려줘,이슈
이슈 어떤 게 지금 있어,이슈
지금 가장 화제가 됐던 거 알려줘,이슈
화제의 이슈 알려줘,이슈
화제의 사건 뭐 지금 있니,이슈
지금 화제의 사건 알려줘,이슈
이슈 알려주라,이슈
지금 가장 유행하는게 뭐니,이슈
지금 가장 유행하는게 뭐니,이슈
지금 뜨는게 뭐니,이슈
지금 가장 뜨는게 뭐니,이슈
지금 무슨일이 있었니,이슈
요슴 있던일 알려줘,이슈
있던일 알려줘 지금,이슈
지금 핫한게 지금 뭐니,이슈
지금 핫했던것 알려줘,이슈
지금 최신의 이슈가 뭐니,이슈
지금 핫했던 이슈 알려줘,이슈
지금 뜨는 일 알려줘,이슈
핫했던 거 알려줄래,이슈
지금 주요 이슈 알려줘,이슈
이슈 어떤 게 있어,이슈
지금 가장 화제가 됐던 거 알려줘,이슈
화제의 이슈 알려줘,이슈
화제의 사건 뭐 있니,이슈
지금 화제의 사건 알려줘,이슈
이슈 알려주라,이슈
지금 가장 유행하는게 뭐니,이슈
지금 가장 유행하는게 뭐니,이슈
지금 뜨는게 뭐니,이슈
지금 가장 뜨는게 뭐니,이슈
지금 이슈 알려줘요,이슈
지금 사회적인 이슈 알려줘요,이슈
지금 이슈 알려줘요,이슈
정치적 이슈 알려줘요 지금,이슈
이슈 알려줘요 지금,이슈
지금 사회적인 이슈 알려줘요,이슈
지금 이슈 알려줘요,이슈
지금 무슨일이 있었나요,이슈
요슴 있던일 알려줘요,이슈
지금 있던일 알려줘요,이슈
지금 핫한게 뭐 있나요,이슈
지금 핫했던것 알려줘요,이슈
지금 최신의 이슈가 뭐 있나요,이슈
지금 핫했던 이슈 알려줘요,이슈
지금 뜨는 일 알려줘요,이슈
핫했던 거 알려줄래요,이슈
주요 이슈 알려줘요 지금날,이슈
이슈 어떤 게 있어요,이슈
지금 가장 화제가 됐던 거 알려줘요,이슈
화제의 이슈 알려줘요,이슈
화제의 사건 뭐 있나요,이슈
지금 화제의 사건 알려줘요,이슈
이슈 알려주라요,이슈
지금 가장 유행하는게 뭐 있나요,이슈
지금 가장 유행하는게 뭐 있나요,이슈
지금 뜨는게 뭐 있나요,이슈
지금 가장 뜨는게 뭐 있나요,이슈
지금 무슨일이 있었나요,이슈
요슴 있던일 알려줘요,이슈
지금 있던일 지금 알려줘요,이슈
지금 핫한게 뭐 있나요,이슈
지금 핫했던것 알려줘요,이슈
최신의 지금 이슈가 뭐 있나요,이슈
지금 핫했던 이슈 알려줘요,이슈
뜨는 일 알려줘요 지금,이슈
핫했던 거 알려줄래요,이슈
지금 주요 이슈 알려줘요,이슈
이슈 어떤 게 있어요,이슈
지금 가장 화제가 됐던 거 알려줘요,이슈
화제의 이슈 알려줘요,이슈
화제의 사건 뭐 있나요,이슈
지금 화제의 사건 알려줘요,이슈
이슈 알려주라요,이슈
지금 가장 유행하는게 뭐 있나요,이슈
지금 가장 유행하는게 뭐 있나요,이슈
지금 뜨는게 뭐 있나요,이슈
지금 가장 뜨는게 뭐 있나요,이슈
이슈 알려줘 지금,이슈
지금 사회적인 이슈 알려줘,이슈
지금 이슈 알려줘,이슈
정치적 이슈 알려줘,이슈
지금 이슈 알려줘,이슈
지금 사회적인 이슈 알려줘,이슈
지금 이슈 알려줘,이슈
지금 무슨일이 있었니,이슈
요슴 있던일 알려줘,이슈
지금 있던일 알려줘,이슈
지금 핫한게 뭐니,이슈
지금 핫했던것 지금 알려줘,이슈
지금 최신의 이슈가 뭐니,이슈
핫했던 지금 이슈 알려줘,이슈
지금 뜨는 일 알려줘,이슈
핫했던 거 알려줄래,이슈
지금 주요 이슈 알려줘,이슈
이슈 어떤 게 있어,이슈
지금 가장 화제가 됐던 거 알려줘,이슈
화제의 이슈 알려줘,이슈
화제의 사건 뭐 있니,이슈
지금 화제의 사건 알려줘,이슈
이슈 알려주라,이슈
지금 가장 유행하는게 뭐니,이슈
지금 가장 유행하는게 뭐니,이슈
뜨는게 지금 뭐니,이슈
지금 가장 뜨는게 뭐니,이슈
지금 무슨일이 있었니,이슈
요슴 있던일 알려줘,이슈
지금 있던일 알려줘,이슈
지금 핫한게 뭐니,이슈
지금 핫했던것 알려줘,이슈
지금 최신의 이슈가 뭐니,이슈
핫했던 이슈 알려줘 지금,이슈
지금 뜨는 일 지금 알려줘,이슈
핫했던 거 알려줄래,이슈
지금 주요 이슈 알려줘,이슈
이슈 어떤 게 있어,이슈
지금 가장 화제가 됐던 거 알려줘,이슈
화제의 이슈 알려줘,이슈
화제의 사건 뭐 있니,이슈
지금 화제의 사건 알려줘,이슈
이슈 알려주라,이슈
지금 가장 유행하는게 뭐니,이슈
지금 가장 유행하는게 뭐니,이슈
뜨는게 뭐니 지금,이슈
가장 뜨는게 뭐니,이슈
지금 이슈 알려줘요,이슈
사회적인 이슈 알려줘요 지금,이슈
지금 이슈 알려줘요,이슈
정치적 이슈 알려줘요,이슈
지금 이슈 알려줘요,이슈
사회적인 지금 이슈 알려줘요,이슈
지금 이슈 알려줘요,이슈
지금 무슨일이 있었나요,이슈
요슴 있던일 알려줘요,이슈
지금 있던일 알려줘요,이슈
지금 핫한게 뭐 있나요,이슈
지금 핫했던것 알려줘요,이슈
지금 최신의 이슈가 뭐 있나요,이슈
지금 핫했던 이슈 알려줘요,이슈
지금 뜨는 일 알려줘요,이슈
핫했던 거 알려줄래요,이슈
지금 주요 이슈 알려줘요,이슈
이슈 어떤 게 있어요,이슈
지금 가장 화제가 됐던 거 알려줘요,이슈
화제의 이슈 알려줘요,이슈
화제의 사건 뭐 있나요,이슈
지금 화제의 사건 알려줘요,이슈
이슈 알려주라요,이슈
지금 가장 유행하는게 뭐 있나요,이슈
지금 가장 유행하는게 뭐 있나요,이슈
지금 뜨는게 뭐 있나요,이슈
지금 가장 뜨는게 뭐 있나요,이슈
무슨일이 있었나요 지금,이슈
있던일 지금 알려줘요,이슈
지금 있던일 알려줘요,이슈
지금 핫한게 뭐 있나요,이슈
지금 핫했던것 알려줘요,이슈
지금 최신의 이슈가 뭐 있나요,이슈
지금 핫했던 이슈 알려줘요,이슈
지금 뜨는 일 알려줘요,이슈
핫했던 거 알려줄래요,이슈
지금 주요 이슈 알려줘요,이슈
이슈 어떤 게 있어요,이슈
지금 가장 화제가 됐던 거 알려줘요,이슈
화제의 이슈 알려줘요,이슈
화제의 사건 뭐 있나요,이슈
지금 화제의 사건 알려줘요,이슈
이슈 알려주라요,이슈
지금 가장 유행하는게 뭐 있나요,이슈
지금 가장 유행하는게 뭐 있나요,이슈
지금 뜨는게 뭐 있나요,이슈
지금 가장 뜨는게 뭐 있나요,이슈
