권지용 누구니,인물
누구니 박미선,인물
누구라고 그 게,인물
누굴까 김지원,인물
윤시운 누구,인물
백강규 누구,인물
누구 김동주,인물
김량규 누군데,인물
박근혜 누구,인물
에이핑크 누군지 궁금해,인물
걸스데이 누군지 궁금해,인물
이병철 누군지 궁금해,인물
안데르손 누구,인물
이영실 누구,인물
최순실 누구라고,인물
이건희 누군지 궁금해,인물
시라소니 누군지 알아,인물
누구 소크라테스,인물
김상현 누군데,인물
오나연 누구니,인물
박미래 누군지 알고있니,인물
밥말리 누구지,인물
전봉신 누구니,인물
누구니 김수경,인물
김지현 누군지 궁금해,인물
김순태 누군지 궁금해,인물
김민지 누군데,인물
헤이즈 누구,인물
수란 누구,인물
이소영 누군지 궁금해,인물
심슨 누구,인물
미국 대통령 누구,인물
유재석 누굴까,인물
누굴까 용준형,인물
이미자 누굴까,인물
유병재 누굴까,인물
비와이 누굴까,인물
해시스완 누군데,인물
누구냐 주정용,인물
누구라고 정현명,인물
정기고 누구냐,인물
박도현 누구냐,인물
넉살 누구냐,인물
베이즈 누구냐,인물
정몽주 누군지 궁금해,인물
정준영 누군지 알아,인물
인절미 누군지 궁금해,인물
제라드 누군지 궁금해,인물
루피 누구라고 알아,인물
김요셉 누구,인물
한국 대통령 누구죠,인물
UN 사무총장 누구죠,인물
누구죠 이정철,인물
신승범 누구죠,인물
미국 대통령 누구라고,인물
감스트 누구,인물
유재석 누구,인물
정준영 누구,인물
고아라 누구,인물
유병재 누구,인물
로버트할리 누구,인물
해시스완 누구,인물
행주 누구,인물
최민성 누구,인물
이센스 누구,인물
누구 에미넴,인물
한석희 누구,인물
베이즈 누구,인물
정몽주 누군지 궁금해,인물
정준영 누군지 알아,인물
우종하 누군지 궁금해,인물
소크라테스 누구,인물
최태훈 누구니,인물
박미래 누군지 알고있니,인물
소지섭 누구지,인물
박미선 누구,인물
이준희 누구니,인물
김수성 누구니,인물
누구 이지현,인물
백인덕 누구,인물
미국 대통령 누구,인물
한국 대통령 누구,인물
UN 사무총장 누구,인물
제라드 누군지 궁금해,인물
우솝 누군지 알아,인물
강유진 누구,인물
김수경 누구니,인물
신우호 누굴까,인물
박하늘 누군지 궁금해,인물
류덕산 누군지 궁금해,인물
최영민 누군지 궁금해,인물
그레이 누구,인물
이지은 누구,인물
수란 누구,인물
권지용 누구죠,인물
누구라고 그 게요,인물
누굴까 김지원요,인물
누구인가요 마이클조던,인물
하석주 누구인가요,인물
누구 김동주요,인물
김철수 누군데요,인물
박근혜 누구인가요,인물
에이핑크 누군지 궁금해요,인물
고은재 누군지 궁금해요,인물
이병철 누군지 궁금해요,인물
아이오아이 누구인가요,인물
최지은 누구인가요,인물
최순실 누구라고요,인물
이건희 누군지 궁금해요,인물
시라소니 누군지 알아요,인물
누구 소크라테스요,인물
누군데요 박나래,인물
박혜원 누구죠,인물
박미래 누군지 알고있죠,인물
김희철 누구지요,인물
김태우 누구죠,인물
누구니 김수경요,인물
이상미 누군지 궁금해요,인물
신정훈 누군지 궁금해요,인물
그렉 누군데요,인물
황예진 누구인가요,인물
변희봉 누구인가요,인물
이정휴 누군지 궁금해요,인물
박신양 누구인가요,인물
미국 대통령 누구인가요,인물
유재석 누굴까요,인물
누굴까 로이킴요,인물
강호동 누굴까요,인물
유시민 누굴까요,인물
문지호 누굴까요,인물
해시스완 누군데요,인물
누구냐 김민성요,인물
누구라고 비욘세요,인물
박대기 누구인가요 대체,인물
대체 누구인가요 손의범,인물
누구인가요 대체 노용래,인물
베이즈 누구인가요 대체,인물
정몽주 누군지 궁금해요,인물
정준영 누군지 알아요,인물
최재영 누군지 궁금해요,인물
제라드 누군지 궁금해요,인물
스터리지 누구라고 알아요,인물
문일섭 누구요,인물
한국 대통령 누구죠요,인물
UN 사무총장 누구죠요,인물
누구죠 홍희선 요,인물
강준영 누구죠요,인물
미국 대통령 누구라고요,인물
윤미래 누구인가요,인물
누구인가요 유재석,인물
이육사 누구인가요,인물
신서희 누구인가요,인물
유희왕 누구인가요,인물
정한조 누구인가요,인물
해시스완 누구인가요,인물
최병주 누구인가요,인물
피아노맨 누구인가요,인물
장국영 누구인가요,인물
반상민 누구인가요,인물
구태우 누구인가요,인물
베이즈 누구인가요,인물
정몽주 누군지 궁금해요,인물
정준영 누군지 알아요,인물
승리 누군지 궁금해요,인물
누구인가요 소크라테스,인물
에일리 누구죠,인물
박미래 누군지 알고있죠,인물
김건우 누구지요,인물
온정민 누구인가요,인물
박기봉 누구죠,인물
아이린 누구죠,인물
김태희  누구인가요,인물
권해찬 누구에요,인물
미국 대통령 누구에요,인물
한국 대통령 누구에요,인물
UN 사무총장 누구에요,인물
제라드 누군지 궁금해요,인물
샹크스 누군지 알아요,인물
호나우두 누구요,인물
누구죠 김수경,인물
이승형 누굴까요,인물
천지현 누군지 궁금해요,인물
김근수 누군지 궁금해요,인물
궁금해요 노혜민 누군지,인물
공민지 누구에요,인물
김아름 누구에요,인물
박재인 누구에요,인물
단군이 누구,인물
동명성왕이 누구,인물
온조왕이 누구,인물
혁거세이 누구,인물
광개토왕이 누구,인물
광개토대왕이 누구,인물
이사부이 누구,인물
백결 선생이 누구,인물
의자왕이 누구,인물
계백이 누구,인물
관창이 누구,인물
김유신이 누구,인물
문무왕이 누구,인물
원효이 누구,인물
원효대사이 누구,인물
혜초이 누구,인물
장보고이 누구,인물
고왕이 누구,인물
대조영이 누구,인물
강감찬이 누구,인물
서희이 누구,인물
정중부이 누구,인물
최무선이 누구,인물
강좌칠현이 누구,인물
죽림칠현이 누구,인물
임춘이 누구,인물
오세재 누구에요,인물
이인로 누구에요,인물
조통 누구에요,인물
황보항 누구에요,인물
이담지 누구에요,인물
함순 누구에요,인물
김부식 누구에요,인물
지눌 누구에요,인물
지눌국사 누구에요,인물
의천 누구에요,인물
이종무 누구에요,인물
정몽주 누구에요,인물
문익점 누구에요,인물
최충 누구에요,인물
일연 누구에요,인물
최영 누구에요,인물
황희 누구에요,인물
맹사성 누구에요,인물
장영실 누구에요,인물
신숙주 누구에요,인물
한명회 누구에요,인물
이이 누구에요,인물
이율곡 누구에요,인물
이황 누구에요,인물
이퇴계 누구에요,인물
신사임당 누구에요,인물
곽재우 누구에요,인물
조헌 누구에요,인물
김시민 누구에요,인물
이순신 누구에요,인물
태조 누구에요,인물
정종 누구에요,인물
태종 누구에요,인물
세종 누구에요,인물
문종 누구에요,인물
단종 누구에요,인물
세조 누구에요,인물
사육신 누구에요,인물
성삼문 누구에요,인물
박팽년 누구에요,인물
하위지 누구인가요,인물
이개 누구인가요,인물
유응부 누구인가요,인물
유성원 누구인가요,인물
생육신 누구인가요,인물
김시습 누구인가요,인물
원호 누구인가요,인물
이맹전 누구인가요,인물
조려 누구인가요,인물
성담수 누구인가요,인물
남효온 누구인가요,인물
논개 누구인가요,인물
권율 누구인가요,인물
홍길동 누구인가요,인물
임꺽정 누구인가요,인물
삼학사 누구인가요,인물
홍익한 누구인가요,인물
윤집 누구인가요,인물
오달제 누구인가요,인물
박문수 누구인가요,인물
한호 누구인가요,인물
한석봉 누구인가요,인물
김홍도 누구인가요,인물
단원 누구인가요,인물
김병연 누구인가요,인물
김삿갓 누구인가요,인물
김정호 누구인가요,인물
영조 누구죠,인물
영조대왕 누구죠,인물
정조 누구,인물
정약용 누구,인물
전봉준 누구,인물
김대건 누구,인물
황진이 누구,인물
홍경래 누구,인물
김옥균 누구,인물
안중근 누구,인물
이완용 누구,인물
윤동주 누구,인물
지석영 누구,인물
손병희 누구,인물
유관순 누구,인물
안창호 누구,인물
방정환 누구,인물
이수일 누구,인물
심순애 누구,인물
김두한 누구,인물
이상 누구,인물
이중섭 누구,인물
중섭 누구,인물
